frame_id;timestamp;eye1_angle;eye2_angle;eye1_y;eye2_y;tail_angle;tail_x;tail_y;okr_active;okr_speed;okr_direction;okr_frequency;okr_pattern;valid;error
7;19213.916796;94.49311828613281;96.2280044555664;416.9381217956543;119.54243087768555;2.240162896311483;188;303;False;0;1;2;Lines;True;NaN
8;19213.9219286;94.3779067993164;96.2548599243164;417.3312339782715;119.4700813293457;2.240162896311483;188;303;False;0;1;2;Lines;True;NaN
9;19213.9271884;94.67285919189453;96.3058853149414;417.2466735839844;119.49129486083984;2.240162896311483;188;303;False;0;1;2;Lines;True;NaN
10;19213.9322651;95.12722778320312;96.18714904785156;416.31360626220703;119.4538803100586;1.9864507086157592;188;301;False;0;1;2;Lines;True;NaN
11;19213.9370305;93.79690551757812;95.57616424560547;416.37733459472656;119.3376350402832;2.240162896311483;188;303;False;0;1;2;Lines;True;NaN
12;19213.9420769;94.98793029785156;96.1841812133789;417.16455841064453;119.56885528564453;2.240162896311483;188;303;False;0;1;2;Lines;True;NaN
13;19213.9472583;93.97103881835938;96.21915435791016;416.3654556274414;119.59727096557617;2.240162896311483;188;303;False;0;1;2;Lines;True;NaN
14;19213.9522842;94.52754211425781;96.36717987060547;417.0565605163574;119.50878143310547;2.240162896311483;188;303;False;0;1;2;Lines;True;NaN
15;19213.9573393;94.70986938476562;96.43216705322266;417.2878303527832;119.51977920532227;2.240162896311483;188;303;False;0;1;2;Lines;True;NaN
16;19213.9628184;94.66822052001953;96.23491668701172;416.72376251220703;119.46162414550781;2.240162896311483;188;303;False;0;1;2;Lines;True;NaN
17;19213.9673966;95.43746185302734;95.63639831542969;417.2841110229492;120.19075775146484;2.240162896311483;188;303;False;0;1;2;Lines;True;NaN
18;19213.9725355;94.21438598632812;96.02342987060547;417.59009552001953;119.43280410766602;2.3669866593660784;188;304;False;0;1;2;Lines;True;NaN
19;19213.9779497;94.05438232421875;95.73799133300781;417.2020568847656;119.34122848510742;2.3669866593660784;188;304;False;0;1;2;Lines;True;NaN
20;19213.9828444;94.20280456542969;96.94884490966797;417.54190826416016;119.64413452148438;2.240162896311483;188;303;False;0;1;2;Lines;True;NaN
21;19213.9876766;94.10075378417969;95.7795181274414;416.7490005493164;119.27886199951172;2.3669866593660784;188;304;False;0;1;2;Lines;True;NaN
22;19213.9927324;94.7682113647461;96.5372314453125;416.65692138671875;119.64117813110352;2.3669866593660784;188;304;False;0;1;2;Lines;True;NaN
23;19213.9979671;94.0146484375;95.83515167236328;416.67880630493164;119.44001388549805;2.3669866593660784;188;304;False;0;1;2;Lines;True;NaN
24;19214.002896;94.13207244873047;95.2378158569336;417.23767471313477;119.29288864135742;2.3669866593660784;188;304;False;0;1;2;Lines;True;NaN
25;19214.0087148;93.7825698852539;95.99224090576172;417.5874443054199;120.10950088500977;2.3669866593660784;188;304;False;0;1;2;Lines;True;NaN
26;19214.0130815;94.03722381591797;96.53211975097656;417.5323257446289;119.54055786132812;2.3669866593660784;188;304;False;0;1;2;Lines;True;NaN
27;19214.0181183;94.18231201171875;96.24444580078125;417.3060188293457;119.47777938842773;2.240162896311483;188;303;False;0;1;2;Lines;True;NaN
28;19214.0232179;94.34765625;96.17510223388672;416.73717880249023;119.49082946777344;2.240162896311483;188;303;False;0;1;2;Lines;True;NaN
29;19214.0283874;94.1148910522461;96.40088653564453;417.2015190124512;119.53977584838867;2.240162896311483;188;303;False;0;1;2;Lines;True;NaN
30;19214.0334211;94.97154998779297;96.17932891845703;416.5774345397949;119.52141189575195;2.240162896311483;188;303;False;0;1;2;Lines;True;NaN
31;19214.038483;94.1834945678711;96.22447204589844;417.45574951171875;119.48959732055664;2.240162896311483;188;303;False;0;1;2;Lines;True;NaN
32;19214.0435392;94.49201965332031;96.20458984375;416.67084884643555;119.52272033691406;2.240162896311483;188;303;False;0;1;2;Lines;True;NaN
33;19214.0486479;94.77657318115234;96.19434356689453;417.19107818603516;119.49627685546875;2.240162896311483;188;303;False;0;1;2;Lines;True;NaN
34;19214.0537864;94.73328399658203;96.2138671875;416.5797119140625;119.56845092773438;2.3669866593660784;188;304;False;0;1;2;Lines;True;NaN
35;19214.0590303;95.27212524414062;96.34978485107422;416.5504951477051;119.53185272216797;2.240162896311483;188;303;False;0;1;2;Lines;True;NaN
36;19214.0641975;94.32028198242188;96.26907348632812;417.46129608154297;119.44885635375977;2.240162896311483;188;303;False;0;1;2;Lines;True;NaN
37;19214.0699049;94.28868103027344;96.24087524414062;416.7235794067383;119.53921127319336;2.3669866593660784;188;304;False;0;1;2;Lines;True;NaN
38;19214.0744079;94.26925659179688;96.3934097290039;417.63788986206055;119.54465103149414;2.240162896311483;188;303;False;0;1;2;Lines;True;NaN
39;19214.0799405;95.43438720703125;95.63250732421875;416.68106842041016;119.30656433105469;2.240162896311483;188;303;False;0;1;2;Lines;True;NaN
40;19214.0844779;93.75499725341797;96.15787506103516;416.8576354980469;119.45072174072266;2.240162896311483;188;303;False;0;1;2;Lines;True;NaN
41;19214.0893729;93.57643127441406;95.60088348388672;417.23134994506836;119.25415802001953;2.240162896311483;188;303;False;0;1;2;Lines;True;NaN
42;19214.0946407;94.01881408691406;96.25337982177734;416.63186264038086;119.5556640625;2.240162896311483;188;303;False;0;1;2;Lines;True;NaN
43;19214.1004907;94.00330352783203;96.20628356933594;416.37463760375977;119.49259567260742;2.240162896311483;188;303;False;0;1;2;Lines;True;NaN
44;19214.1050309;95.0233383178711;96.38045501708984;416.5780029296875;119.58949279785156;2.240162896311483;188;303;False;0;1;2;Lines;True;NaN
45;19214.110396;94.22551727294922;96.36784362792969;416.741397857666;119.53894424438477;2.240162896311483;188;303;False;0;1;2;Lines;True;NaN
46;19214.1147838;94.67738342285156;96.33856201171875;416.62669372558594;119.4820785522461;2.240162896311483;188;303;False;0;1;2;Lines;True;NaN
47;19214.1196823;94.84228515625;95.93233489990234;417.41967010498047;119.38829803466797;2.3669866593660784;188;304;False;0;1;2;Lines;True;NaN
48;19214.1248971;94.00906372070312;95.75238037109375;416.7279853820801;119.36313247680664;1.6057393610483632;188;298;False;0;1;2;Lines;True;NaN
49;19214.129932;94.33416748046875;96.01457214355469;417.5489921569824;119.41793441772461;2.3669866593660784;188;304;False;0;1;2;Lines;True;NaN
50;19214.1350611;94.83180236816406;95.85372924804688;416.4610176086426;119.61805725097656;2.3669866593660784;188;304;False;0;1;2;Lines;True;NaN
51;19214.1401849;95.22270202636719;95.25054931640625;416.49769592285156;120.15664291381836;2.3669866593660784;188;304;False;0;1;2;Lines;True;NaN
52;19214.1452886;95.09603118896484;96.19513702392578;417.41730880737305;119.5407943725586;2.3669866593660784;188;304;False;0;1;2;Lines;True;NaN
53;19214.1512034;93.837158203125;96.08356475830078;416.958797454834;119.22150421142578;2.3669866593660784;188;304;False;0;1;2;Lines;True;NaN
54;19214.1552487;94.0531997680664;96.16151428222656;417.1106414794922;119.49431228637695;2.3669866593660784;188;304;False;0;1;2;Lines;True;NaN
55;19214.162746;94.91659545898438;95.95883178710938;416.6227226257324;119.56620025634766;2.240162896311483;188;303;False;0;1;2;Lines;True;NaN
56;19214.165727;94.61619567871094;96.69102478027344;417.5414733886719;119.7566909790039;2.240162896311483;188;303;False;0;1;2;Lines;True;NaN
57;19214.1728879;94.8230972290039;96.36492919921875;417.0746955871582;119.51622009277344;2.240162896311483;188;303;False;0;1;2;Lines;True;NaN
58;19214.1762806;95.00712585449219;96.15435791015625;416.6425552368164;119.5316276550293;2.240162896311483;188;303;False;0;1;2;Lines;True;NaN
59;19214.1814359;95.06838989257812;96.28395080566406;416.5603141784668;119.47949600219727;2.240162896311483;188;303;False;0;1;2;Lines;True;NaN
60;19214.187289;94.63816833496094;96.17903900146484;416.7363586425781;119.54704284667969;2.240162896311483;188;303;False;0;1;2;Lines;True;NaN
61;19214.1909961;93.88113403320312;96.29975891113281;417.53903579711914;119.50342178344727;1.8595647612071242;188;300;False;0;1;2;Lines;True;NaN
62;19214.1963452;94.90311431884766;96.2249984741211;417.25563049316406;119.51725387573242;2.240162896311483;188;303;False;0;1;2;Lines;True;NaN
63;19214.2010697;95.1974105834961;96.3261947631836;417.2658233642578;119.5279655456543;2.240162896311483;188;303;False;0;1;2;Lines;True;NaN
64;19214.2061557;94.21771240234375;96.25669860839844;417.3115005493164;119.53165817260742;1.8595647612071242;188;300;False;0;1;2;Lines;True;NaN
65;19214.21122;94.1641845703125;96.28118133544922;417.2229804992676;119.55714797973633;2.240162896311483;188;303;False;0;1;2;Lines;True;NaN
66;19214.216354;94.79923248291016;96.33790588378906;417.29293060302734;119.59444427490234;2.240162896311483;188;303;False;0;1;2;Lines;True;NaN
67;19214.2214109;95.12228393554688;96.05293273925781;417.39312744140625;119.4334716796875;2.240162896311483;188;303;False;0;1;2;Lines;True;NaN
68;19214.226574;94.58589935302734;96.1225357055664;417.2767791748047;119.4784927368164;2.240162896311483;188;303;False;0;1;2;Lines;True;NaN
69;19214.2316554;94.70734405517578;96.2478256225586;417.33443450927734;119.47896575927734;2.1133171667255723;188;302;False;0;1;2;Lines;True;NaN
70;19214.2367395;95.0402603149414;95.94111633300781;416.5958061218262;119.62741088867188;2.3669866593660784;188;304;False;0;1;2;Lines;True;NaN
71;19214.24181;94.8422622680664;95.99515533447266;416.548885345459;119.47266006469727;2.240162896311483;188;303;False;0;1;2;Lines;True;NaN
72;19214.2472862;94.4904556274414;96.19326782226562;417.1161651611328;119.50724411010742;2.240162896311483;188;303;False;0;1;2;Lines;True;NaN
73;19214.2522396;94.37476348876953;96.33685302734375;417.61707305908203;119.46844100952148;2.240162896311483;188;303;False;0;1;2;Lines;True;NaN
74;19214.2569739;94.67108154296875;95.72509765625;417.1772117614746;119.5723876953125;2.240162896311483;188;303;False;0;1;2;Lines;True;NaN
75;19214.262473;94.30537414550781;96.57630157470703;416.5126075744629;119.80123901367188;1.6057393610483632;188;298;False;0;1;2;Lines;True;NaN
76;19214.267513;93.90473175048828;96.33130645751953;417.6206932067871;119.43653869628906;2.3669866593660784;188;304;False;0;1;2;Lines;True;NaN
77;19214.2721596;94.62786865234375;96.03103637695312;416.6685905456543;119.52958297729492;2.3669866593660784;188;304;False;0;1;2;Lines;True;NaN
78;19214.2773021;94.92414093017578;96.44446563720703;416.5907173156738;119.54026412963867;2.3669866593660784;188;304;False;0;1;2;Lines;True;NaN
79;19214.2823896;94.96849060058594;96.18743896484375;416.67211151123047;119.46371841430664;2.240162896311483;188;303;False;0;1;2;Lines;True;NaN
80;19214.2875597;94.20723724365234;95.88322448730469;416.75000762939453;119.27582931518555;1.9864507086157592;188;301;False;0;1;2;Lines;True;NaN
81;19214.2926342;94.39717102050781;96.29615020751953;417.59345626831055;119.51597595214844;2.240162896311483;188;303;False;0;1;2;Lines;True;NaN
82;19214.2976925;94.64556884765625;96.09532928466797;417.1977348327637;119.66353607177734;2.240162896311483;188;303;False;0;1;2;Lines;True;NaN
83;19214.3027969;94.93988037109375;96.29417419433594;417.4124755859375;119.52278137207031;2.240162896311483;188;303;False;0;1;2;Lines;True;NaN
84;19214.3078105;94.43122100830078;95.93492126464844;416.73929595947266;119.46575927734375;2.240162896311483;188;303;False;0;1;2;Lines;True;NaN
85;19214.31284;94.09063720703125;96.2875747680664;416.7592124938965;119.50610733032227;2.240162896311483;188;303;False;0;1;2;Lines;True;NaN
86;19214.3180508;94.34319305419922;96.26591491699219;417.2595863342285;119.4926872253418;2.240162896311483;188;303;False;0;1;2;Lines;True;NaN
87;19214.3230435;95.32836151123047;96.06159210205078;417.3482666015625;119.45196914672852;2.240162896311483;188;303;False;0;1;2;Lines;True;NaN
88;19214.3281202;95.05599212646484;96.3340072631836;416.7718696594238;119.49887084960938;2.240162896311483;188;303;False;0;1;2;Lines;True;NaN
89;19214.3332091;94.66737365722656;96.36105346679688;417.2946090698242;119.43073272705078;2.240162896311483;188;303;False;0;1;2;Lines;True;NaN
90;19214.3383929;94.65223693847656;96.32634735107422;416.4286422729492;119.50355529785156;2.240162896311483;188;303;False;0;1;2;Lines;True;NaN
91;19214.3442076;94.27635192871094;96.29837799072266;417.6664237976074;119.49703979492188;2.240162896311483;188;303;False;0;1;2;Lines;True;NaN
92;19214.3483931;94.35343933105469;96.2118148803711;417.65855407714844;119.51404571533203;2.240162896311483;188;303;False;0;1;2;Lines;True;NaN
93;19214.3535642;94.19181060791016;96.24481201171875;417.62125396728516;119.54030990600586;2.240162896311483;188;303;False;0;1;2;Lines;True;NaN
94;19214.3586516;94.58328247070312;96.21830749511719;417.17169189453125;119.47148895263672;2.240162896311483;188;303;False;0;1;2;Lines;True;NaN
95;19214.3641282;95.17452239990234;96.33070373535156;416.3786392211914;119.4907455444336;2.240162896311483;188;303;False;0;1;2;Lines;True;NaN
96;19214.368757;94.94416809082031;96.35758972167969;416.68406677246094;119.47465896606445;2.240162896311483;188;303;False;0;1;2;Lines;True;NaN
97;19214.3738531;94.62007141113281;96.29615020751953;417.397029876709;119.51597595214844;2.240162896311483;188;303;False;0;1;2;Lines;True;NaN
98;19214.3788563;94.46227264404297;96.23271179199219;416.63145446777344;119.46264266967773;2.3669866593660784;188;304;False;0;1;2;Lines;True;NaN
99;19214.3841068;94.29999542236328;96.26498413085938;417.56404876708984;119.49696350097656;1.8595647612071242;188;300;False;0;1;2;Lines;True;NaN
100;19214.3895577;94.3265151977539;96.1151123046875;417.10754776000977;119.63556671142578;2.3669866593660784;188;304;False;0;1;2;Lines;True;NaN
101;19214.3942955;94.32522583007812;96.32315063476562;417.492618560791;119.53564071655273;2.240162896311483;188;303;False;0;1;2;Lines;True;NaN
102;19214.399392;94.21365356445312;96.31887817382812;417.22360610961914;119.50113677978516;2.240162896311483;188;303;False;0;1;2;Lines;True;NaN
103;19214.4043862;94.48887634277344;96.46171569824219;416.63838958740234;119.5167007446289;2.240162896311483;188;303;False;0;1;2;Lines;True;NaN
104;19214.4096195;95.21337890625;95.8471908569336;416.6076850891113;119.32787704467773;2.240162896311483;188;303;False;0;1;2;Lines;True;NaN
105;19214.4146679;94.83396911621094;96.08405303955078;417.5848388671875;119.48035430908203;1.8595647612071242;188;300;False;0;1;2;Lines;True;NaN
106;19214.4196428;94.19795227050781;96.30448913574219;417.56848907470703;119.47005844116211;2.3669866593660784;188;304;False;0;1;2;Lines;True;NaN
107;19214.4248608;94.42809295654297;96.29174041748047;416.6794090270996;119.7494888305664;2.240162896311483;188;303;False;0;1;2;Lines;True;NaN
108;19214.4298267;94.94144439697266;96.43515014648438;416.40696716308594;119.4736213684082;2.240162896311483;188;303;False;0;1;2;Lines;True;NaN
109;19214.4347635;95.03289031982422;96.39364624023438;417.1199264526367;119.54252624511719;2.240162896311483;188;303;False;0;1;2;Lines;True;NaN
110;19214.4398573;94.2494888305664;96.63714599609375;417.22269439697266;119.7828254699707;1.9864507086157592;188;301;False;0;1;2;Lines;True;NaN
111;19214.445667;94.38101959228516;96.52543640136719;417.2946586608887;119.7824935913086;2.240162896311483;188;303;False;0;1;2;Lines;True;NaN
112;19214.4504009;94.43077850341797;96.34506225585938;417.3577003479004;119.52579116821289;2.240162896311483;188;303;False;0;1;2;Lines;True;NaN
113;19214.4555342;95.2957992553711;96.05776977539062;416.6465187072754;119.50281143188477;2.240162896311483;188;303;False;0;1;2;Lines;True;NaN
114;19214.4602664;94.77449798583984;96.21672058105469;417.20354080200195;119.48250198364258;2.240162896311483;188;303;False;0;1;2;Lines;True;NaN
115;19214.4652304;95.09480285644531;96.38845825195312;416.5509223937988;119.57334899902344;2.240162896311483;188;303;False;0;1;2;Lines;True;NaN
116;19214.4704611;93.88482666015625;96.15531921386719;417.4764633178711;119.45803833007812;1.8595647612071242;188;300;False;0;1;2;Lines;True;NaN
117;19214.4757459;94.31356048583984;96.3888931274414;416.6916618347168;119.49130630493164;2.240162896311483;188;303;False;0;1;2;Lines;True;NaN
118;19214.4806347;94.94123840332031;96.2848129272461;416.58426666259766;119.50155258178711;2.240162896311483;188;303;False;0;1;2;Lines;True;NaN
119;19214.4856334;94.27682495117188;96.40223693847656;416.72502517700195;119.51490020751953;2.3669866593660784;188;304;False;0;1;2;Lines;True;NaN
120;19214.490712;94.65667724609375;96.32205963134766;416.62173080444336;119.50178909301758;1.4788023921856344;188;297;False;0;1;2;Lines;True;NaN
121;19214.4958048;94.22386932373047;96.32473754882812;416.7094917297363;119.50592041015625;2.240162896311483;188;303;False;0;1;2;Lines;True;NaN
122;19214.5008732;94.61385345458984;95.82188415527344;417.43702697753906;119.58730697631836;1.6057393610483632;188;298;False;0;1;2;Lines;True;NaN
123;19214.5060646;94.80545043945312;96.32946014404297;416.60177993774414;119.50328826904297;1.7326605648701625;188;299;False;0;1;2;Lines;True;NaN
124;19214.5111467;94.4814224243164;96.13089752197266;417.4079704284668;119.47331619262695;2.3669866593660784;188;304;False;0;1;2;Lines;True;NaN
125;19214.5162679;95.07110595703125;96.5403823852539;416.72406005859375;119.76334762573242;1.2248861336786305;188;295;False;0;1;2;Lines;True;NaN
126;19214.5212004;94.71170043945312;96.06731414794922;416.62847900390625;119.4705696105957;1.6057393610483632;188;298;False;0;1;2;Lines;True;NaN
127;19214.5262724;94.8080825805664;96.56700897216797;417.54812240600586;119.71088027954102;2.240162896311483;188;303;False;0;1;2;Lines;True;NaN
128;19214.5324071;95.11041259765625;96.34883117675781;416.7094917297363;119.4857406616211;2.240162896311483;188;303;False;0;1;2;Lines;True;NaN
129;19214.5374666;93.8857421875;96.2961196899414;417.5579261779785;119.5034294128418;2.240162896311483;188;303;False;0;1;2;Lines;True;NaN
130;19214.5431977;93.87848663330078;96.18861389160156;417.05150985717773;119.47024536132812;2.240162896311483;188;303;False;0;1;2;Lines;True;NaN
131;19214.5473025;93.86742401123047;96.23839569091797;417.53915786743164;119.49328231811523;2.240162896311483;188;303;False;0;1;2;Lines;True;NaN
132;19214.5516623;94.34798431396484;96.29900360107422;417.62528228759766;119.49724578857422;2.240162896311483;188;303;False;0;1;2;Lines;True;NaN
133;19214.5567409;94.8708267211914;96.43988037109375;416.61548614501953;119.52607345581055;2.240162896311483;188;303;False;0;1;2;Lines;True;NaN
134;19214.561885;95.44214630126953;96.07423400878906;416.60567474365234;119.4401741027832;2.240162896311483;188;303;False;0;1;2;Lines;True;NaN
135;19214.5669318;94.96033477783203;96.03340911865234;416.6149368286133;119.6196174621582;1.7326605648701625;188;299;False;0;1;2;Lines;True;NaN
136;19214.5720397;94.93816375732422;96.83055877685547;416.56099700927734;119.65287399291992;2.240162896311483;188;303;False;0;1;2;Lines;True;NaN
137;19214.5770909;94.74813842773438;96.03124237060547;416.61414337158203;119.61346435546875;2.240162896311483;188;303;False;0;1;2;Lines;True;NaN
138;19214.582152;95.12337493896484;96.3596420288086;417.26043701171875;119.549072265625;2.240162896311483;188;303;False;0;1;2;Lines;True;NaN
139;19214.5872502;95.07044219970703;95.91175079345703;417.4766044616699;119.37799835205078;2.240162896311483;188;303;False;0;1;2;Lines;True;NaN
140;19214.5924342;94.30659484863281;96.35143280029297;416.7659378051758;119.54710388183594;2.240162896311483;188;303;False;0;1;2;Lines;True;NaN
141;19214.597425;94.56145477294922;96.36959075927734;417.29444122314453;119.47350311279297;2.3669866593660784;188;304;False;0;1;2;Lines;True;NaN
142;19214.6026834;95.18670654296875;96.2602767944336;416.6613998413086;119.47287368774414;2.240162896311483;188;303;False;0;1;2;Lines;True;NaN
143;19214.6076395;94.70980072021484;96.24983215332031;417.2028465270996;119.47073364257812;1.6057393610483632;188;298;False;0;1;2;Lines;True;NaN
144;19214.6127717;94.08306121826172;96.18755340576172;417.50534439086914;119.5048942565918;2.240162896311483;188;303;False;0;1;2;Lines;True;NaN
145;19214.6178383;94.6360855102539;96.33683013916016;417.5254096984863;119.5124626159668;2.240162896311483;188;303;False;0;1;2;Lines;True;NaN
146;19214.6229815;94.16831970214844;96.13255310058594;417.5005187988281;119.49494934082031;2.240162896311483;188;303;False;0;1;2;Lines;True;NaN
147;19214.6279449;94.48551940917969;96.28011322021484;417.3269233703613;119.56468963623047;2.240162896311483;188;303;False;0;1;2;Lines;True;NaN
148;19214.6330637;94.79244232177734;96.1022720336914;417.2364692687988;119.45531845092773;2.240162896311483;188;303;False;0;1;2;Lines;True;NaN
149;19214.6383536;95.14195251464844;96.29837799072266;416.99437713623047;119.49703979492188;2.240162896311483;188;303;False;0;1;2;Lines;True;NaN
150;19214.6445456;94.19441986083984;96.33779907226562;417.5612030029297;119.5571517944336;2.240162896311483;188;303;False;0;1;2;Lines;True;NaN
151;19214.6487001;94.88121032714844;96.2961196899414;417.44974517822266;119.5034294128418;2.240162896311483;188;303;False;0;1;2;Lines;True;NaN
152;19214.6534583;94.4908447265625;96.20709228515625;416.5742378234863;119.53563690185547;2.240162896311483;188;303;False;0;1;2;Lines;True;NaN
153;19214.6584965;94.9043960571289;96.58353424072266;416.7190399169922;119.72967529296875;1.6057393610483632;188;298;False;0;1;2;Lines;True;NaN
154;19214.6635713;94.8450927734375;96.38578796386719;417.57078552246094;119.55591201782227;2.240162896311483;188;303;False;0;1;2;Lines;True;NaN
155;19214.6686519;94.64871978759766;96.21192169189453;417.5590286254883;119.38175201416016;2.3669866593660784;188;304;False;0;1;2;Lines;True;NaN
156;19214.6736976;93.8818588256836;96.1719970703125;417.5496406555176;119.5142593383789;2.240162896311483;188;303;False;0;1;2;Lines;True;NaN
157;19214.6788192;94.17079162597656;96.01420593261719;417.5879211425781;119.52497863769531;2.3669866593660784;188;304;False;0;1;2;Lines;True;NaN
158;19214.6838613;93.9434585571289;95.98656463623047;417.53858947753906;119.62813568115234;2.3669866593660784;188;304;False;0;1;2;Lines;True;NaN
159;19214.6888513;94.45582580566406;95.84235382080078;417.62331771850586;119.34323120117188;1.9864507086157592;188;301;False;0;1;2;Lines;True;NaN
160;19214.6940572;93.93883514404297;96.4365463256836;417.63063049316406;119.5009880065918;2.3669866593660784;188;304;False;0;1;2;Lines;True;NaN
161;19214.6993071;94.57850646972656;96.1098403930664;416.6594772338867;119.63156127929688;2.3669866593660784;188;304;False;0;1;2;Lines;True;NaN
162;19214.7041911;93.97464752197266;96.32012939453125;417.51923751831055;119.35836029052734;2.3669866593660784;188;304;False;0;1;2;Lines;True;NaN
163;19214.7091762;93.82705688476562;95.68846130371094;417.57146072387695;119.44098663330078;2.3669866593660784;188;304;False;0;1;2;Lines;True;NaN
164;19214.7143171;94.29594421386719;96.41001892089844;417.583797454834;119.7180061340332;2.3669866593660784;188;304;False;0;1;2;Lines;True;NaN
165;19214.7196682;94.81478881835938;95.93883514404297;417.1741409301758;119.3445930480957;2.240162896311483;188;303;False;0;1;2;Lines;True;NaN
166;19214.7244285;95.09073638916016;96.52015686035156;416.6043472290039;119.61515426635742;2.240162896311483;188;303;False;0;1;2;Lines;True;NaN
167;19214.730648;94.44247436523438;96.14334869384766;417.32841873168945;119.53401947021484;2.240162896311483;188;303;False;0;1;2;Lines;True;NaN
168;19214.7358924;94.91931915283203;96.0411376953125;416.65621185302734;119.46695327758789;2.240162896311483;188;303;False;0;1;2;Lines;True;NaN
169;19214.7397362;94.18434143066406;96.1388931274414;416.5585289001465;119.48042297363281;2.240162896311483;188;303;False;0;1;2;Lines;True;NaN
170;19214.7447198;94.53755187988281;95.98383331298828;416.6814651489258;119.38692855834961;2.240162896311483;188;303;False;0;1;2;Lines;True;NaN
171;19214.7499842;94.143310546875;96.15081024169922;417.65504455566406;119.54067611694336;2.240162896311483;188;303;False;0;1;2;Lines;True;NaN
172;19214.7548969;94.94003295898438;96.22020721435547;416.7048645019531;119.53955078125;2.3669866593660784;188;304;False;0;1;2;Lines;True;NaN
173;19214.7599794;95.15369415283203;96.31040954589844;417.473087310791;119.5074577331543;2.240162896311483;188;303;False;0;1;2;Lines;True;NaN
174;19214.7651168;94.26225280761719;96.2012939453125;417.4656105041504;119.47270202636719;1.6057393610483632;188;298;False;0;1;2;Lines;True;NaN
175;19214.7702248;95.16191864013672;96.0511474609375;416.50274658203125;119.64487075805664;2.240162896311483;188;303;False;0;1;2;Lines;True;NaN
176;19214.7753591;94.14225769042969;96.274169921875;416.6249198913574;119.46446228027344;2.240162896311483;188;303;False;0;1;2;Lines;True;NaN
177;19214.7803227;94.85208892822266;96.3440170288086;417.5746192932129;119.5586166381836;2.240162896311483;188;303;False;0;1;2;Lines;True;NaN
178;19214.7854531;93.94676208496094;96.333984375;417.5699005126953;119.50867462158203;2.3669866593660784;188;304;False;0;1;2;Lines;True;NaN
179;19214.790515;93.65420532226562;96.33506774902344;417.52749252319336;119.51237106323242;2.240162896311483;188;303;False;0;1;2;Lines;True;NaN
180;19214.7955515;94.4753189086914;96.21769714355469;416.6116027832031;119.47531509399414;2.240162896311483;188;303;False;0;1;2;Lines;True;NaN
181;19214.8005922;94.77042388916016;96.31594848632812;417.5250358581543;119.74878311157227;2.3669866593660784;188;304;False;0;1;2;Lines;True;NaN
182;19214.8057673;95.37036895751953;96.12543487548828;416.54248428344727;119.61102676391602;2.240162896311483;188;303;False;0;1;2;Lines;True;NaN
183;19214.8108144;94.53044891357422;96.36397552490234;417.16415786743164;119.60107421875;2.3669866593660784;188;304;False;0;1;2;Lines;True;NaN
184;19214.8159666;94.29365539550781;96.48002624511719;416.623592376709;119.47992324829102;2.3669866593660784;188;304;False;0;1;2;Lines;True;NaN
185;19214.8212032;94.40396881103516;96.6272964477539;417.5635452270508;119.50300216674805;2.3669866593660784;188;304;False;0;1;2;Lines;True;NaN
186;19214.8261512;93.99424743652344;95.9443130493164;417.20383071899414;119.38069152832031;2.3669866593660784;188;304;False;0;1;2;Lines;True;NaN
187;19214.8313477;94.12557220458984;96.00540924072266;417.53355407714844;119.43868255615234;2.3669866593660784;188;304;False;0;1;2;Lines;True;NaN
188;19214.8362514;94.53760528564453;96.09993743896484;417.5995864868164;119.47555923461914;2.240162896311483;188;303;False;0;1;2;Lines;True;NaN
189;19214.8413371;94.07237243652344;96.4337158203125;417.6279716491699;119.56088638305664;2.3669866593660784;188;304;False;0;1;2;Lines;True;NaN
190;19214.8464126;94.09223175048828;95.8118667602539;417.5134162902832;119.56715774536133;2.3669866593660784;188;304;False;0;1;2;Lines;True;NaN
191;19214.8515875;94.00284576416016;96.51044464111328;417.57409286499023;119.47519302368164;1.8595647612071242;188;300;False;0;1;2;Lines;True;NaN
192;19214.8565768;94.68380737304688;96.27699279785156;417.523983001709;119.50752639770508;2.3669866593660784;188;304;False;0;1;2;Lines;True;NaN
193;19214.8616825;94.3577880859375;96.63336181640625;417.5573501586914;119.73089599609375;2.3669866593660784;188;304;False;0;1;2;Lines;True;NaN
194;19214.8669571;94.112060546875;95.79691314697266;417.5006561279297;119.40891647338867;2.3669866593660784;188;304;False;0;1;2;Lines;True;NaN
195;19214.8718085;95.43560028076172;96.26728057861328;417.6014404296875;119.48608779907227;2.240162896311483;188;303;False;0;1;2;Lines;True;NaN
196;19214.8769451;95.2562255859375;96.2698974609375;416.58232498168945;119.51909255981445;2.240162896311483;188;303;False;0;1;2;Lines;True;NaN
197;19214.8820308;94.69287109375;96.0409164428711;417.5484428405762;119.43947219848633;2.240162896311483;188;303;False;0;1;2;Lines;True;NaN
198;19214.8871342;94.15152740478516;96.34334564208984;417.5211601257324;119.5100212097168;2.240162896311483;188;303;False;0;1;2;Lines;True;NaN
199;19214.8922169;94.31399536132812;96.32649230957031;417.29469299316406;119.5134506225586;2.3669866593660784;188;304;False;0;1;2;Lines;True;NaN
200;19214.8972464;94.96444702148438;96.23876953125;416.72578048706055;119.54228591918945;2.240162896311483;188;303;False;0;1;2;Lines;True;NaN
201;19214.9026915;95.3492660522461;96.23284912109375;416.6918601989746;119.54174423217773;2.240162896311483;188;303;False;0;1;2;Lines;True;NaN
202;19214.9075188;95.58073425292969;96.2961654663086;416.5702018737793;119.51612854003906;2.240162896311483;188;303;False;0;1;2;Lines;True;NaN
203;19214.912839;94.18936157226562;96.25260925292969;416.6258964538574;119.44044876098633;2.240162896311483;188;303;False;0;1;2;Lines;True;NaN
204;19214.9188175;94.45397186279297;96.09881591796875;417.07527923583984;119.63759994506836;2.240162896311483;188;303;False;0;1;2;Lines;True;NaN
205;19214.9232531;94.98885345458984;96.52135467529297;416.53343963623047;119.50954055786133;1.9864507086157592;188;301;False;0;1;2;Lines;True;NaN
206;19214.9283153;94.63462829589844;96.04067993164062;417.1686782836914;119.44945526123047;2.3669866593660784;188;304;False;0;1;2;Lines;True;NaN
207;19214.9329396;94.67147064208984;96.37479400634766;417.59337615966797;119.65839385986328;2.240162896311483;188;303;False;0;1;2;Lines;True;NaN
208;19214.9378874;93.99942779541016;96.41383361816406;417.57605361938477;119.52679443359375;2.3669866593660784;188;304;False;0;1;2;Lines;True;NaN
209;19214.942971;95.28712463378906;95.9761734008789;416.60094833374023;119.61777877807617;2.240162896311483;188;303;False;0;1;2;Lines;True;NaN
210;19214.9480055;95.24392700195312;96.43917083740234;417.6237564086914;119.53553009033203;1.9864507086157592;188;301;False;0;1;2;Lines;True;NaN
211;19214.9531812;94.46223449707031;95.98143005371094;417.1244468688965;119.38704681396484;2.3669866593660784;188;304;False;0;1;2;Lines;True;NaN
212;19214.9581687;93.8658218383789;96.61204528808594;417.1964797973633;119.47658920288086;2.3669866593660784;188;304;False;0;1;2;Lines;True;NaN
213;19214.9632885;94.2020492553711;96.40789794921875;417.1946487426758;119.5225601196289;1.8595647612071242;188;300;False;0;1;2;Lines;True;NaN
214;19214.9683387;94.60590362548828;96.4151840209961;417.455810546875;119.5132827758789;2.240162896311483;188;303;False;0;1;2;Lines;True;NaN
215;19214.9735627;95.122314453125;96.7306900024414;417.5104293823242;119.42671966552734;2.3669866593660784;188;304;False;0;1;2;Lines;True;NaN
216;19214.9785136;93.77439880371094;95.8204345703125;417.61632537841797;119.3686294555664;2.3669866593660784;188;304;False;0;1;2;Lines;True;NaN
217;19214.9836546;94.75789642333984;96.09146118164062;417.4515609741211;119.3573112487793;2.3669866593660784;188;304;False;0;1;2;Lines;True;NaN
218;19214.9886697;94.59945678710938;96.017333984375;417.52735137939453;119.4422836303711;2.3669866593660784;188;304;False;0;1;2;Lines;True;NaN
219;19214.993781;94.76388549804688;96.09930419921875;417.41555404663086;119.49935150146484;2.3669866593660784;188;304;False;0;1;2;Lines;True;NaN
220;19214.9993862;94.91703033447266;96.43194580078125;417.53625869750977;119.49755477905273;2.3669866593660784;188;304;False;0;1;2;Lines;True;NaN
221;19215.0041178;94.09905242919922;96.5106201171875;417.66101837158203;119.44127655029297;2.3669866593660784;188;304;False;0;1;2;Lines;True;NaN
222;19215.0090364;94.57129669189453;96.4406509399414;416.55263900756836;119.50056457519531;2.240162896311483;188;303;False;0;1;2;Lines;True;NaN
223;19215.0143405;94.25846099853516;96.36094665527344;417.1585884094238;119.5362548828125;2.3669866593660784;188;304;False;0;1;2;Lines;True;NaN
224;19215.0193149;94.51570129394531;96.17381286621094;416.58513259887695;119.4477767944336;2.240162896311483;188;303;False;0;1;2;Lines;True;NaN
225;19215.0242406;94.67131042480469;96.29393005371094;417.52011489868164;119.4671859741211;2.240162896311483;188;303;False;0;1;2;Lines;True;NaN
226;19215.0293448;94.67001342773438;96.32235717773438;416.7070083618164;119.50057983398438;2.240162896311483;188;303;False;0;1;2;Lines;True;NaN
227;19215.0345425;94.50089263916016;95.62872314453125;416.7409973144531;119.50671768188477;2.240162896311483;188;303;False;0;1;2;Lines;True;NaN
228;19215.0394627;94.52291870117188;96.12928771972656;417.18011474609375;119.48248291015625;2.3669866593660784;188;304;False;0;1;2;Lines;True;NaN
229;19215.0446525;94.40450286865234;96.41020202636719;417.5446357727051;119.50160217285156;2.240162896311483;188;303;False;0;1;2;Lines;True;NaN
230;19215.0496722;94.2975082397461;96.2981185913086;416.52807998657227;119.47840118408203;2.240162896311483;188;303;False;0;1;2;Lines;True;NaN
231;19215.0548088;94.44488525390625;95.89620208740234;417.4264373779297;119.5960578918457;2.240162896311483;188;303;False;0;1;2;Lines;True;NaN
232;19215.0598411;94.6900405883789;96.20966339111328;417.5352783203125;119.49198532104492;2.240162896311483;188;303;False;0;1;2;Lines;True;NaN
233;19215.0649496;94.54656219482422;96.44194793701172;417.59342193603516;119.50049209594727;2.240162896311483;188;303;False;0;1;2;Lines;True;NaN
234;19215.070056;94.6664810180664;96.57774353027344;417.4913902282715;119.48247909545898;2.240162896311483;188;303;False;0;1;2;Lines;True;NaN
235;19215.0750204;94.54917907714844;96.55899047851562;417.53296661376953;119.54034805297852;2.3669866593660784;188;304;False;0;1;2;Lines;True;NaN
236;19215.0801403;94.39112854003906;96.11766052246094;417.56578063964844;119.6386604309082;1.8595647612071242;188;300;False;0;1;2;Lines;True;NaN
237;19215.0852564;94.21741485595703;96.02703094482422;417.5553894042969;119.37215042114258;2.3669866593660784;188;304;False;0;1;2;Lines;True;NaN
238;19215.0903789;94.77254486083984;96.49028015136719;417.56758880615234;119.41511154174805;2.3669866593660784;188;304;False;0;1;2;Lines;True;NaN
239;19215.095457;93.96785736083984;95.8552474975586;417.53474044799805;119.39483642578125;2.3669866593660784;188;304;False;0;1;2;Lines;True;NaN
240;19215.1011877;93.98177337646484;96.79047393798828;416.5938491821289;119.38680267333984;2.3669866593660784;188;304;False;0;1;2;Lines;True;NaN
241;19215.1056906;94.05686950683594;96.01063537597656;417.4570960998535;119.63213348388672;2.240162896311483;188;303;False;0;1;2;Lines;True;NaN
242;19215.1106378;95.05619812011719;96.32733917236328;416.59572982788086;119.52913665771484;2.3669866593660784;188;304;False;0;1;2;Lines;True;NaN
243;19215.1179934;94.1832046508789;96.51495361328125;417.48365020751953;119.54743194580078;2.240162896311483;188;303;False;0;1;2;Lines;True;NaN
244;19215.1209769;94.79350280761719;96.09107208251953;417.52348709106445;119.50186157226562;2.3669866593660784;188;304;False;0;1;2;Lines;True;NaN
245;19215.1270984;94.32307434082031;96.28390502929688;417.2308769226074;119.51047897338867;2.240162896311483;188;303;False;0;1;2;Lines;True;NaN
246;19215.1319765;94.6655044555664;96.60745239257812;417.5322799682617;119.76309967041016;2.3669866593660784;188;304;False;0;1;2;Lines;True;NaN
247;19215.1367726;93.77603912353516;96.31940460205078;417.5546112060547;119.53036499023438;2.240162896311483;188;303;False;0;1;2;Lines;True;NaN
248;19215.1411008;95.06816864013672;95.91258239746094;416.5428810119629;119.4164047241211;2.240162896311483;188;303;False;0;1;2;Lines;True;NaN
249;19215.1462857;94.31428527832031;96.55337524414062;416.6449089050293;119.76985168457031;2.240162896311483;188;303;False;0;1;2;Lines;True;NaN
250;19215.1513295;94.34770965576172;95.9159164428711;417.58319091796875;119.39175796508789;2.240162896311483;188;303;False;0;1;2;Lines;True;NaN
251;19215.156372;94.20860290527344;96.4173583984375;417.5134506225586;119.48154830932617;2.240162896311483;188;303;False;0;1;2;Lines;True;NaN
252;19215.1615688;95.23171997070312;96.46502685546875;416.6739692687988;119.50555801391602;2.3669866593660784;188;304;False;0;1;2;Lines;True;NaN
253;19215.1667032;94.50194549560547;96.26142120361328;417.6290054321289;119.52187728881836;2.3669866593660784;188;304;False;0;1;2;Lines;True;NaN
254;19215.1716856;95.26092529296875;96.33112335205078;417.1551933288574;119.40541076660156;2.3669866593660784;188;304;False;0;1;2;Lines;True;NaN
255;19215.1767304;94.64503479003906;95.62980651855469;417.50183868408203;119.3742790222168;2.3669866593660784;188;304;False;0;1;2;Lines;True;NaN
256;19215.1819814;94.840087890625;96.20418548583984;417.5936813354492;119.49177551269531;2.240162896311483;188;303;False;0;1;2;Lines;True;NaN
257;19215.1870198;93.81758880615234;96.3275146484375;417.11392974853516;119.62673568725586;2.3669866593660784;188;304;False;0;1;2;Lines;True;NaN
258;19215.1939828;93.8235855102539;96.61785888671875;417.61817169189453;119.49156951904297;2.3669866593660784;188;304;False;0;1;2;Lines;True;NaN
259;19215.2003024;94.3507308959961;96.23155975341797;416.6129264831543;119.70275497436523;1.8595647612071242;188;300;False;0;1;2;Lines;True;NaN
260;19215.203356;93.9583511352539;96.80148315429688;417.5045928955078;119.76687622070312;2.240162896311483;188;303;False;0;1;2;Lines;True;NaN
261;19215.2074385;94.59671020507812;96.3952865600586;416.50931549072266;119.46063613891602;1.9864507086157592;188;301;False;0;1;2;Lines;True;NaN
262;19215.2122675;94.20960998535156;96.35163116455078;417.51848220825195;119.75355911254883;2.3669866593660784;188;304;False;0;1;2;Lines;True;NaN
263;19215.2173764;94.1087646484375;96.80094909667969;417.55566024780273;119.73403930664062;2.240162896311483;188;303;False;0;1;2;Lines;True;NaN
264;19215.2224065;94.5888442993164;95.85130310058594;417.4905433654785;120.41103744506836;2.3669866593660784;188;304;False;0;1;2;Lines;True;NaN
265;19215.2277737;94.14901733398438;96.60356140136719;416.60254669189453;119.87263488769531;2.240162896311483;188;303;False;0;1;2;Lines;True;NaN
266;19215.2327231;94.02415466308594;96.61003112792969;417.5983009338379;119.50960540771484;2.3669866593660784;188;304;False;0;1;2;Lines;True;NaN
267;19215.2377145;94.548583984375;95.57135009765625;417.6012954711914;119.41400527954102;2.3669866593660784;188;304;False;0;1;2;Lines;True;NaN
268;19215.2427344;94.53315734863281;96.03326416015625;417.48426818847656;119.26047134399414;2.3669866593660784;188;304;False;0;1;2;Lines;True;NaN
269;19215.2478617;94.5465316772461;95.80726623535156;417.4114303588867;120.44085311889648;2.3669866593660784;188;304;False;0;1;2;Lines;True;NaN
270;19215.2528835;94.80647277832031;96.15393829345703;417.6016311645508;119.6901969909668;2.240162896311483;188;303;False;0;1;2;Lines;True;NaN
271;19215.2580844;94.31095123291016;96.74132537841797;417.61661529541016;119.45608139038086;2.3669866593660784;188;304;False;0;1;2;Lines;True;NaN
272;19215.263133;93.85964965820312;96.22610473632812;417.22363662719727;119.53077697753906;2.3669866593660784;188;304;False;0;1;2;Lines;True;NaN
273;19215.2681789;93.84793853759766;96.03608703613281;417.51158142089844;119.37277221679688;2.240162896311483;188;303;False;0;1;2;Lines;True;NaN
274;19215.2734221;94.69400024414062;96.1640396118164;416.6092414855957;119.21251678466797;2.3669866593660784;188;304;False;0;1;2;Lines;True;NaN
275;19215.2786005;94.76271057128906;96.11274719238281;416.4607238769531;119.45234298706055;2.240162896311483;188;303;False;0;1;2;Lines;True;NaN
276;19215.2839745;94.13350677490234;95.9114990234375;417.1748847961426;119.25562286376953;2.3669866593660784;188;304;False;0;1;2;Lines;True;NaN
277;19215.2890608;93.90843963623047;96.57056427001953;416.81756591796875;119.63103103637695;2.3669866593660784;188;304;False;0;1;2;Lines;True;NaN
278;19215.2942369;94.51085662841797;96.42025756835938;417.4741096496582;119.46282958984375;2.3669866593660784;188;304;False;0;1;2;Lines;True;NaN
279;19215.2993947;95.31426239013672;96.15373992919922;417.58203887939453;119.62028884887695;2.3669866593660784;188;304;False;0;1;2;Lines;True;NaN
280;19215.303839;94.58700561523438;96.18904113769531;417.47574615478516;119.53524017333984;2.240162896311483;188;303;False;0;1;2;Lines;True;NaN
281;19215.308818;95.1303482055664;96.02661895751953;416.52591705322266;119.392333984375;2.3669866593660784;188;304;False;0;1;2;Lines;True;NaN
282;19215.3140363;93.6758804321289;96.00533294677734;417.5473213195801;119.32719039916992;2.3669866593660784;188;304;False;0;1;2;Lines;True;NaN
283;19215.3193447;94.09770202636719;96.30018615722656;416.130916595459;119.4808578491211;1.8595647612071242;188;300;False;0;1;2;Lines;True;NaN
284;19215.3241249;94.31072235107422;95.82768249511719;417.407039642334;119.48162841796875;2.3669866593660784;188;304;False;0;1;2;Lines;True;NaN
285;19215.3291404;94.8989028930664;95.82344818115234;417.2734489440918;119.22441864013672;2.3669866593660784;188;304;False;0;1;2;Lines;True;NaN
286;19215.3343208;95.2708511352539;95.88395690917969;417.5191955566406;120.41694641113281;2.3669866593660784;188;304;False;0;1;2;Lines;True;NaN
287;19215.3393738;94.68236541748047;96.03160858154297;417.5359573364258;119.59766387939453;2.3669866593660784;188;304;False;0;1;2;Lines;True;NaN
288;19215.3445662;94.29222106933594;95.46179962158203;417.5167350769043;119.4580078125;2.3669866593660784;188;304;False;0;1;2;Lines;True;NaN
289;19215.3495241;94.60001373291016;96.00824737548828;417.3834800720215;119.57350540161133;2.3669866593660784;188;304;False;0;1;2;Lines;True;NaN
290;19215.3545733;94.3956298828125;96.44147491455078;417.5125312805176;119.90991973876953;2.3669866593660784;188;304;False;0;1;2;Lines;True;NaN
291;19215.3598716;94.23137664794922;95.36692810058594;417.60651779174805;120.04182434082031;2.3669866593660784;188;304;False;0;1;2;Lines;True;NaN
292;19215.3648946;94.22561645507812;96.41665649414062;417.5501899719238;119.6485824584961;1.6057393610483632;188;298;False;0;1;2;Lines;True;NaN
293;19215.3699469;94.66659545898438;96.51578521728516;417.48498916625977;119.72002410888672;2.3669866593660784;188;304;False;0;1;2;Lines;True;NaN
294;19215.3750743;93.83819580078125;96.0737075805664;417.59161376953125;119.5011215209961;2.3669866593660784;188;304;False;0;1;2;Lines;True;NaN
295;19215.3825961;94.85208892822266;96.48622131347656;417.5359535217285;119.40025329589844;2.3669866593660784;188;304;False;0;1;2;Lines;True;NaN
296;19215.3860706;94.47744750976562;96.4486312866211;417.4900665283203;119.61276626586914;2.3669866593660784;188;304;False;0;1;2;Lines;True;NaN
297;19215.3904349;94.32138061523438;96.54730224609375;417.5100746154785;119.97456741333008;2.3669866593660784;188;304;False;0;1;2;Lines;True;NaN
298;19215.3958684;94.72240447998047;95.59272766113281;416.4732780456543;119.57492065429688;2.3669866593660784;188;304;False;0;1;2;Lines;True;NaN
299;19215.4004507;95.10447692871094;96.64940643310547;417.21613693237305;119.42075729370117;2.3669866593660784;188;304;False;0;1;2;Lines;True;NaN
300;19215.4053863;94.49556732177734;96.41718292236328;417.42628479003906;119.62423324584961;2.3669866593660784;188;304;False;0;1;2;Lines;True;NaN
301;19215.4105037;94.60511016845703;96.8954849243164;417.5383644104004;119.66849517822266;2.3669866593660784;188;304;False;0;1;2;Lines;True;NaN
302;19215.41567;94.56224822998047;96.33246612548828;417.501766204834;119.46886444091797;2.3669866593660784;188;304;False;0;1;2;Lines;True;NaN
303;19215.420749;94.8175048828125;96.29075622558594;417.5330619812012;119.51642990112305;1.6057393610483632;188;298;False;0;1;2;Lines;True;NaN
304;19215.4257266;94.83631896972656;96.24343872070312;417.05899810791016;119.25540924072266;1.9864507086157592;188;301;False;0;1;2;Lines;True;NaN
305;19215.4308498;95.17942810058594;95.58634948730469;417.5564270019531;119.27816772460938;2.240162896311483;188;303;False;0;1;2;Lines;True;NaN
306;19215.4359602;94.73259735107422;96.21990203857422;417.50454330444336;119.37902450561523;2.3669866593660784;188;304;False;0;1;2;Lines;True;NaN
307;19215.4409998;94.283447265625;96.15460968017578;417.4852867126465;119.59388732910156;2.3669866593660784;188;304;False;0;1;2;Lines;True;NaN
308;19215.4460859;94.8305892944336;96.57183837890625;417.53779220581055;119.60812377929688;1.4788023921856344;188;297;False;0;1;2;Lines;True;NaN
309;19215.4511932;94.15754699707031;96.22393798828125;417.5579833984375;119.66054916381836;1.4788023921856344;188;297;False;0;1;2;Lines;True;NaN
310;19215.4563629;94.82614135742188;96.35025024414062;416.52611923217773;119.68497848510742;2.3669866593660784;188;304;False;0;1;2;Lines;True;NaN
311;19215.4612638;94.35547637939453;96.340576171875;417.49715423583984;119.42401885986328;2.3669866593660784;188;304;False;0;1;2;Lines;True;NaN
312;19215.4665082;93.91618347167969;95.70805358886719;417.5052604675293;119.22043228149414;2.3669866593660784;188;304;False;0;1;2;Lines;True;NaN
313;19215.4717627;94.8782730102539;95.96266174316406;417.5991325378418;119.3691520690918;2.3669866593660784;188;304;False;0;1;2;Lines;True;NaN
314;19215.477538;94.7836685180664;96.03436279296875;417.6349067687988;119.45545196533203;2.3669866593660784;188;304;False;0;1;2;Lines;True;NaN
315;19215.4827381;94.32311248779297;95.19324493408203;417.482852935791;120.043212890625;2.3669866593660784;188;304;False;0;1;2;Lines;True;NaN
316;19215.4868535;94.87293243408203;95.63774871826172;417.5290184020996;120.3779067993164;2.3669866593660784;188;304;False;0;1;2;Lines;True;NaN
317;19215.4917563;94.23587799072266;95.7449722290039;417.6425437927246;120.1938362121582;2.3669866593660784;188;304;False;0;1;2;Lines;True;NaN
318;19215.4968533;94.54108428955078;95.5561294555664;417.5096092224121;120.12088775634766;2.3669866593660784;188;304;False;0;1;2;Lines;True;NaN
319;19215.5019613;94.8805160522461;95.49272155761719;417.5325584411621;120.241943359375;2.3669866593660784;188;304;False;0;1;2;Lines;True;NaN
320;19215.5070479;94.44022369384766;96.05322265625;417.0139579772949;119.5248908996582;2.3669866593660784;188;304;False;0;1;2;Lines;True;NaN
321;19215.5121865;94.0472640991211;95.75634002685547;417.5080261230469;119.3617935180664;2.3669866593660784;188;304;False;0;1;2;Lines;True;NaN
322;19215.5171199;95.05067443847656;96.42928314208984;417.5331916809082;120.19197082519531;2.3669866593660784;188;304;False;0;1;2;Lines;True;NaN
323;19215.5222849;94.22467803955078;95.81851959228516;417.5988349914551;120.3618392944336;2.3669866593660784;188;304;False;0;1;2;Lines;True;NaN
324;19215.5275207;94.4037094116211;96.46959686279297;417.5779266357422;119.52910614013672;2.3669866593660784;188;304;False;0;1;2;Lines;True;NaN
325;19215.5325163;95.0806655883789;95.92040252685547;417.54444122314453;119.53704452514648;2.3669866593660784;188;304;False;0;1;2;Lines;True;NaN
326;19215.5377611;94.7507095336914;96.12818908691406;417.11317443847656;119.55370330810547;2.240162896311483;188;303;False;0;1;2;Lines;True;NaN
327;19215.5427577;94.52631378173828;96.3036117553711;416.57009506225586;119.81672668457031;2.3669866593660784;188;304;False;0;1;2;Lines;True;NaN
328;19215.5478633;94.88589477539062;95.95711517333984;417.4864921569824;119.45498275756836;2.3669866593660784;188;304;False;0;1;2;Lines;True;NaN
329;19215.5527982;94.92665100097656;95.70288848876953;416.58888244628906;119.2815055847168;2.240162896311483;188;303;False;0;1;2;Lines;True;NaN
330;19215.5580192;94.77852630615234;95.75173950195312;417.52734756469727;119.50522994995117;2.3669866593660784;188;304;False;0;1;2;Lines;True;NaN
331;19215.5631589;94.048583984375;95.7745361328125;417.5287322998047;119.53470611572266;2.3669866593660784;188;304;False;0;1;2;Lines;True;NaN
332;19215.5686024;94.76856231689453;96.6161117553711;417.45967864990234;119.72075653076172;2.3669866593660784;188;304;False;0;1;2;Lines;True;NaN
333;19215.5734031;94.31368255615234;96.63054656982422;417.5176429748535;119.78382873535156;2.3669866593660784;188;304;False;0;1;2;Lines;True;NaN
334;19215.5789299;94.75907897949219;95.51657104492188;417.47993087768555;119.2199821472168;2.3669866593660784;188;304;False;0;1;2;Lines;True;NaN
335;19215.5838674;95.05677032470703;96.27381896972656;417.5300407409668;119.4745864868164;2.3669866593660784;188;304;False;0;1;2;Lines;True;NaN
336;19215.5884492;95.19615936279297;95.93734741210938;417.43525314331055;119.65510940551758;2.3669866593660784;188;304;False;0;1;2;Lines;True;NaN
337;19215.5933334;94.82130432128906;96.00640869140625;417.5234794616699;119.57571411132812;2.3669866593660784;188;304;False;0;1;2;Lines;True;NaN
338;19215.5985078;94.43983459472656;96.18405151367188;417.5201644897461;120.28496551513672;2.3669866593660784;188;304;False;0;1;2;Lines;True;NaN
339;19215.6037079;95.17586517333984;96.58360290527344;417.5312194824219;119.61334609985352;2.3669866593660784;188;304;False;0;1;2;Lines;True;NaN
340;19215.6086844;94.72950744628906;96.75977325439453;417.4393653869629;119.6594467163086;2.3669866593660784;188;304;False;0;1;2;Lines;True;NaN
341;19215.6138457;94.63008117675781;96.09754943847656;417.5434150695801;119.53913879394531;1.8595647612071242;188;300;False;0;1;2;Lines;True;NaN
342;19215.6190034;94.48509216308594;96.28228759765625;417.4111518859863;119.62614059448242;2.3669866593660784;188;304;False;0;1;2;Lines;True;NaN
343;19215.624041;95.03497314453125;96.17911529541016;417.50818634033203;119.49983215332031;2.3669866593660784;188;304;False;0;1;2;Lines;True;NaN
344;19215.6291338;95.25718688964844;96.66063690185547;416.64822006225586;119.7381820678711;2.3669866593660784;188;304;False;0;1;2;Lines;True;NaN
345;19215.6344052;94.45112609863281;96.36392974853516;416.5200996398926;119.55096817016602;2.3669866593660784;188;304;False;0;1;2;Lines;True;NaN
346;19215.6393401;94.38802337646484;96.18790435791016;417.6197700500488;119.54344177246094;2.3669866593660784;188;304;False;0;1;2;Lines;True;NaN
347;19215.6444144;94.51116180419922;96.2309341430664;417.51560974121094;119.37911605834961;2.3669866593660784;188;304;False;0;1;2;Lines;True;NaN
348;19215.6493917;93.65730285644531;96.63361358642578;417.6767272949219;119.50205612182617;2.3669866593660784;188;304;False;0;1;2;Lines;True;NaN
349;19215.6546276;93.97362518310547;96.31249237060547;417.07590103149414;119.75711822509766;2.3669866593660784;188;304;False;0;1;2;Lines;True;NaN
350;19215.6606967;94.22114562988281;96.5322265625;417.4656639099121;119.35768508911133;2.3669866593660784;188;304;False;0;1;2;Lines;True;NaN
351;19215.6658651;94.53532409667969;96.41954040527344;417.5412254333496;119.64347457885742;2.3669866593660784;188;304;False;0;1;2;Lines;True;NaN
352;19215.6720516;94.79702758789062;96.33717346191406;416.535888671875;119.5559310913086;2.3669866593660784;188;304;False;0;1;2;Lines;True;NaN
353;19215.6748245;94.38770294189453;96.59803009033203;417.54147720336914;119.73368453979492;2.3669866593660784;188;304;False;0;1;2;Lines;True;NaN
354;19215.680989;94.01783752441406;95.88554382324219;416.98007583618164;120.47663497924805;1.6057393610483632;188;298;False;0;1;2;Lines;True;NaN
355;19215.6848872;93.9436264038086;95.90219116210938;417.58547592163086;119.26860427856445;2.3669866593660784;188;304;False;0;1;2;Lines;True;NaN
356;19215.6900123;94.76656341552734;96.46969604492188;417.4970703125;119.72354507446289;1.351850901653578;188;296;False;0;1;2;Lines;True;NaN
357;19215.6951048;95.07209014892578;96.75456237792969;417.50832748413086;119.64714050292969;2.3669866593660784;188;304;False;0;1;2;Lines;True;NaN
358;19215.7003759;94.45056915283203;96.95137786865234;417.59395599365234;119.77409744262695;2.3669866593660784;188;304;False;0;1;2;Lines;True;NaN
359;19215.7053545;94.3867416381836;96.58460998535156;417.4920997619629;119.68290328979492;2.3669866593660784;188;304;False;0;1;2;Lines;True;NaN
360;19215.7104109;94.5889892578125;96.27207946777344;417.4453926086426;119.42386245727539;1.351850901653578;188;296;False;0;1;2;Lines;True;NaN
361;19215.7154672;94.88859558105469;96.31668853759766;417.52735137939453;119.70677185058594;2.3669866593660784;188;304;False;0;1;2;Lines;True;NaN
362;19215.7204137;94.6399917602539;96.66679382324219;417.50892639160156;119.9279899597168;2.3669866593660784;188;304;False;0;1;2;Lines;True;NaN
363;19215.7255114;94.56697845458984;96.39622497558594;417.54719161987305;119.52084350585938;2.3669866593660784;188;304;False;0;1;2;Lines;True;NaN
364;19215.7307688;93.93314361572266;96.34062194824219;417.03511810302734;119.52920913696289;2.3669866593660784;188;304;False;0;1;2;Lines;True;NaN
365;19215.7359152;95.37040710449219;95.78282928466797;417.62664794921875;119.4858512878418;2.3669866593660784;188;304;False;0;1;2;Lines;True;NaN
366;19215.7409201;94.88424682617188;96.64920043945312;417.5733642578125;119.93634033203125;2.3669866593660784;188;304;False;0;1;2;Lines;True;NaN
367;19215.7463886;94.8407974243164;96.19032287597656;417.41902923583984;119.35056686401367;2.3669866593660784;188;304;False;0;1;2;Lines;True;NaN
368;19215.7512249;94.51698303222656;96.20332336425781;417.6085205078125;119.39147186279297;2.1133171667255723;188;302;False;0;1;2;Lines;True;NaN
369;19215.7569307;94.72669219970703;96.51541137695312;417.46162033081055;119.6863899230957;2.3669866593660784;188;304;False;0;1;2;Lines;True;NaN
370;19215.7617332;95.28839874267578;95.61111450195312;417.44163513183594;119.51355743408203;2.240162896311483;188;303;False;0;1;2;Lines;True;NaN
371;19215.7670755;95.11641693115234;96.31554412841797;417.5513801574707;119.4963493347168;2.240162896311483;188;303;False;0;1;2;Lines;True;NaN
372;19215.7720091;94.62091064453125;96.21539306640625;417.5349464416504;119.32474517822266;1.2248861336786305;188;295;False;0;1;2;Lines;True;NaN
373;19215.7768109;94.31372833251953;96.61395263671875;417.06690979003906;119.60099411010742;2.240162896311483;188;303;False;0;1;2;Lines;True;NaN
374;19215.7815406;94.52420043945312;96.14401245117188;417.5359916687012;119.48007202148438;1.6057393610483632;188;298;False;0;1;2;Lines;True;NaN
375;19215.7865474;94.45089721679688;96.86180877685547;417.44776153564453;119.81295776367188;2.3669866593660784;188;304;False;0;1;2;Lines;True;NaN
376;19215.7925013;95.01414489746094;96.54385375976562;417.53857421875;119.76032638549805;2.3669866593660784;188;304;False;0;1;2;Lines;True;NaN
377;19215.796681;94.04595947265625;95.52171325683594;417.0573539733887;119.33358764648438;2.3669866593660784;188;304;False;0;1;2;Lines;True;NaN
378;19215.8017235;95.10711669921875;96.38815307617188;417.49693298339844;119.39789199829102;2.3669866593660784;188;304;False;0;1;2;Lines;True;NaN
379;19215.8068918;94.2476806640625;96.611572265625;417.5734214782715;119.7500991821289;2.1133171667255723;188;302;False;0;1;2;Lines;True;NaN
380;19215.8122044;94.0982894897461;95.82587432861328;417.05105209350586;119.28762435913086;2.3669866593660784;188;304;False;0;1;2;Lines;True;NaN
381;19215.8171612;94.68213653564453;95.50845336914062;417.4977836608887;120.18939590454102;2.3669866593660784;188;304;False;0;1;2;Lines;True;NaN
382;19215.8223002;95.16073608398438;95.11583709716797;417.47265243530273;119.3012809753418;2.240162896311483;188;303;False;0;1;2;Lines;True;NaN
383;19215.8273051;94.92656707763672;96.54762268066406;417.49035263061523;119.89921569824219;2.3669866593660784;188;304;False;0;1;2;Lines;True;NaN
384;19215.8324713;94.7024154663086;96.22956848144531;417.50848388671875;119.66870498657227;2.3669866593660784;188;304;False;0;1;2;Lines;True;NaN
385;19215.8375248;94.72196197509766;95.94635009765625;417.42977142333984;119.44307327270508;2.3669866593660784;188;304;False;0;1;2;Lines;True;NaN
386;19215.8427421;94.46415710449219;95.65437316894531;417.4925651550293;119.31731414794922;2.3669866593660784;188;304;False;0;1;2;Lines;True;NaN
387;19215.8476717;94.20629119873047;96.11103057861328;417.433162689209;119.36383056640625;2.3669866593660784;188;304;False;0;1;2;Lines;True;NaN
388;19215.8529821;94.59184265136719;96.48545837402344;417.43621826171875;119.74333953857422;1.9864507086157592;188;301;False;0;1;2;Lines;True;NaN
389;19215.858729;94.5868148803711;96.81015014648438;417.53769302368164;119.65007019042969;2.240162896311483;188;303;False;0;1;2;Lines;True;NaN
390;19215.8634693;94.94157409667969;97.08824920654297;417.50928115844727;119.66874313354492;2.3669866593660784;188;304;False;0;1;2;Lines;True;NaN
391;19215.8683866;93.94367980957031;95.50755310058594;417.5572967529297;119.47162246704102;2.240162896311483;188;303;False;0;1;2;Lines;True;NaN
392;19215.8743564;94.2095718383789;96.448974609375;417.1718521118164;119.52886962890625;2.3669866593660784;188;304;False;0;1;2;Lines;True;NaN
393;19215.8779941;93.79163360595703;96.2861328125;417.5350761413574;119.51563262939453;2.240162896311483;188;303;False;0;1;2;Lines;True;NaN
394;19215.8836885;94.4087142944336;96.81912994384766;417.50558853149414;119.75995635986328;2.3669866593660784;188;304;False;0;1;2;Lines;True;NaN
395;19215.8882981;94.248779296875;96.01399993896484;416.5755844116211;119.45652770996094;1.9864507086157592;188;301;False;0;1;2;Lines;True;NaN
396;19215.8933614;93.89898681640625;96.62202453613281;417.1788215637207;119.51015090942383;1.4788023921856344;188;297;False;0;1;2;Lines;True;NaN
397;19215.8983349;95.07920837402344;96.6167984008789;416.6592102050781;119.50992965698242;2.3669866593660784;188;304;False;0;1;2;Lines;True;NaN
398;19215.9035326;94.51873779296875;96.22828674316406;417.47784423828125;119.5072250366211;2.3669866593660784;188;304;False;0;1;2;Lines;True;NaN
399;19215.9086736;94.36734771728516;96.51548767089844;417.49278259277344;119.74165344238281;2.3669866593660784;188;304;False;0;1;2;Lines;True;NaN
400;19215.9136657;94.98619079589844;96.09679412841797;416.58567810058594;119.3969497680664;2.3669866593660784;188;304;False;0;1;2;Lines;True;NaN
401;19215.9187724;94.84281921386719;96.567626953125;417.60965728759766;119.94346618652344;2.3669866593660784;188;304;False;0;1;2;Lines;True;NaN
402;19215.9239199;94.2704849243164;95.77139282226562;417.43696212768555;119.33815002441406;2.3669866593660784;188;304;False;0;1;2;Lines;True;NaN
403;19215.9289698;94.6075439453125;95.60906219482422;417.510440826416;119.30370330810547;2.3669866593660784;188;304;False;0;1;2;Lines;True;NaN
404;19215.9348401;95.08385467529297;96.24807739257812;417.5017776489258;119.49216079711914;1.6057393610483632;188;298;False;0;1;2;Lines;True;NaN
405;19215.9391314;94.29490661621094;96.42097473144531;417.4417304992676;119.19113159179688;2.3669866593660784;188;304;False;0;1;2;Lines;True;NaN
406;19215.9454699;94.80950164794922;96.40708923339844;416.54210662841797;119.4713020324707;2.3669866593660784;188;304;False;0;1;2;Lines;True;NaN
407;19215.9510625;93.95116424560547;95.61892700195312;417.54428482055664;119.3784065246582;2.240162896311483;188;303;False;0;1;2;Lines;True;NaN
408;19215.9554274;94.65294647216797;95.69622039794922;417.5301933288574;119.30214309692383;2.3669866593660784;188;304;False;0;1;2;Lines;True;NaN
409;19215.9593645;94.68953704833984;96.20182037353516;417.52020263671875;119.44830322265625;2.3669866593660784;188;304;False;0;1;2;Lines;True;NaN
410;19215.9644958;95.05813598632812;96.3347396850586;416.53779220581055;120.38071823120117;2.3669866593660784;188;304;False;0;1;2;Lines;True;NaN
411;19215.9696226;94.9991683959961;96.35901641845703;417.5076103210449;120.5720100402832;2.3669866593660784;188;304;False;0;1;2;Lines;True;NaN
412;19215.9746006;93.91810607910156;96.37789916992188;417.5770683288574;119.74152755737305;2.3669866593660784;188;304;False;0;1;2;Lines;True;NaN
413;19215.9796497;94.43463134765625;95.65742492675781;416.9910125732422;120.37834930419922;2.3669866593660784;188;304;False;0;1;2;Lines;True;NaN
414;19215.9848887;94.82344055175781;96.03528594970703;417.5219535827637;120.46126174926758;2.3669866593660784;188;304;False;0;1;2;Lines;True;NaN
415;19215.9897506;93.61262512207031;95.28006744384766;416.80402755737305;120.21329116821289;2.3669866593660784;188;304;False;0;1;2;Lines;True;NaN
416;19215.9948461;95.06124877929688;96.052978515625;417.587703704834;119.53826522827148;2.3669866593660784;188;304;False;0;1;2;Lines;True;NaN
417;19215.9999662;94.80860137939453;96.3438720703125;417.5064468383789;119.64418411254883;1.9864507086157592;188;301;False;0;1;2;Lines;True;NaN
418;19216.0051479;94.3253402709961;95.96333312988281;417.5229721069336;120.32882308959961;2.3669866593660784;188;304;False;0;1;2;Lines;True;NaN
419;19216.0101011;95.35804748535156;95.67223358154297;417.50808334350586;120.07347869873047;2.3669866593660784;188;304;False;0;1;2;Lines;True;NaN
420;19216.0151549;94.8173828125;96.85887145996094;417.4049644470215;119.85174942016602;1.8595647612071242;188;300;False;0;1;2;Lines;True;NaN
421;19216.0203529;94.3978271484375;97.09015655517578;417.4404754638672;120.18516540527344;2.3669866593660784;188;304;False;0;1;2;Lines;True;NaN
422;19216.025538;94.28970336914062;96.90926361083984;417.5411033630371;119.79552459716797;2.3669866593660784;188;304;False;0;1;2;Lines;True;NaN
423;19216.0306732;94.4886245727539;96.45529174804688;417.5697937011719;119.46801376342773;2.3669866593660784;188;304;False;0;1;2;Lines;True;NaN
424;19216.0356845;94.620361328125;96.5580825805664;416.7292594909668;119.76192855834961;2.3669866593660784;188;304;False;0;1;2;Lines;True;NaN
425;19216.0412151;94.37566375732422;96.61909484863281;417.49798583984375;119.66746520996094;2.3669866593660784;188;304;False;0;1;2;Lines;True;NaN
426;19216.0464904;94.86466217041016;95.80054473876953;416.522029876709;119.3515396118164;2.3669866593660784;188;304;False;0;1;2;Lines;True;NaN
427;19216.05078;93.8923110961914;96.26185607910156;417.4673156738281;119.44005584716797;2.3669866593660784;188;304;False;0;1;2;Lines;True;NaN
428;19216.0565981;94.86002349853516;95.62076568603516;417.52409744262695;119.35494232177734;2.3669866593660784;188;304;False;0;1;2;Lines;True;NaN
429;19216.0616367;94.59553527832031;95.99195098876953;417.5274963378906;119.4317626953125;2.3669866593660784;188;304;False;0;1;2;Lines;True;NaN
430;19216.0659918;95.21590423583984;96.37225341796875;417.5238151550293;119.77327346801758;2.3669866593660784;188;304;False;0;1;2;Lines;True;NaN
431;19216.0711006;94.5334701538086;96.47454833984375;417.65533447265625;119.72904968261719;2.240162896311483;188;303;False;0;1;2;Lines;True;NaN
432;19216.0761567;94.76482391357422;96.077392578125;417.52246475219727;119.60436630249023;1.9864507086157592;188;301;False;0;1;2;Lines;True;NaN
433;19216.0814241;94.91921997070312;96.85557556152344;417.50772857666016;119.76609420776367;2.3669866593660784;188;304;False;0;1;2;Lines;True;NaN
434;19216.0863;93.9638442993164;96.71751403808594;417.6137504577637;119.95137786865234;2.3669866593660784;188;304;False;0;1;2;Lines;True;NaN
435;19216.0914717;94.60596466064453;96.56922149658203;417.4537010192871;119.73696899414062;2.3669866593660784;188;304;False;0;1;2;Lines;True;NaN
436;19216.096713;94.37735748291016;96.5507583618164;417.51730728149414;119.74511337280273;2.3669866593660784;188;304;False;0;1;2;Lines;True;NaN
437;19216.1016605;94.97858428955078;95.88465118408203;417.49008560180664;119.57909393310547;1.8595647612071242;188;300;False;0;1;2;Lines;True;NaN
438;19216.1068521;94.46073150634766;95.66514587402344;416.52108001708984;119.28381729125977;2.3669866593660784;188;304;False;0;1;2;Lines;True;NaN
439;19216.1118208;93.84900665283203;95.89263153076172;417.12811279296875;119.20826721191406;2.3669866593660784;188;304;False;0;1;2;Lines;True;NaN
440;19216.1170103;94.89413452148438;95.8993148803711;417.5100784301758;119.2405891418457;2.3669866593660784;188;304;False;0;1;2;Lines;True;NaN
441;19216.1220749;94.08253479003906;95.03324127197266;417.50513076782227;120.1208724975586;2.3669866593660784;188;304;False;0;1;2;Lines;True;NaN
442;19216.1271036;94.21685028076172;96.12744140625;417.0157279968262;120.2032585144043;2.3669866593660784;188;304;False;0;1;2;Lines;True;NaN
443;19216.1322875;93.95279693603516;96.05860900878906;417.5177001953125;119.27046203613281;2.3669866593660784;188;304;False;0;1;2;Lines;True;NaN
444;19216.137879;94.35462951660156;95.90892028808594;417.6516990661621;119.53651428222656;1.6057393610483632;188;298;False;0;1;2;Lines;True;NaN
445;19216.1427573;94.21308135986328;96.01081848144531;417.0205535888672;120.34086990356445;2.3669866593660784;188;304;False;0;1;2;Lines;True;NaN
446;19216.1488703;94.98088073730469;96.05094146728516;416.54084396362305;120.23374557495117;2.3669866593660784;188;304;False;0;1;2;Lines;True;NaN
447;19216.152415;94.68071746826172;95.60218811035156;417.59399032592773;119.40745162963867;1.4788023921856344;188;297;False;0;1;2;Lines;True;NaN
448;19216.1575762;94.326171875;96.45709991455078;417.4559745788574;119.50830078125;2.240162896311483;188;303;False;0;1;2;Lines;True;NaN
449;19216.1627104;94.68010711669922;96.94319915771484;417.4542007446289;119.83806610107422;2.3669866593660784;188;304;False;0;1;2;Lines;True;NaN
450;19216.1676918;93.68282318115234;96.59522247314453;417.4517402648926;119.42969131469727;2.3669866593660784;188;304;False;0;1;2;Lines;True;NaN
451;19216.1729033;94.40789794921875;95.69651794433594;417.1425666809082;119.31323623657227;2.3669866593660784;188;304;False;0;1;2;Lines;True;NaN
452;19216.1787898;94.32010650634766;96.10624694824219;416.9575729370117;119.58259963989258;2.3669866593660784;188;304;False;0;1;2;Lines;True;NaN
453;19216.1829924;94.02838134765625;96.21793365478516;417.49319076538086;119.38742065429688;2.240162896311483;188;303;False;0;1;2;Lines;True;NaN
454;19216.1880402;94.73409271240234;95.89899444580078;417.598690032959;119.29902648925781;2.3669866593660784;188;304;False;0;1;2;Lines;True;NaN
455;19216.1930178;94.41085052490234;96.47245025634766;416.81011962890625;119.73388671875;2.3669866593660784;188;304;False;0;1;2;Lines;True;NaN
456;19216.1983949;94.06475830078125;95.20927429199219;417.53094482421875;120.23442459106445;2.3669866593660784;188;304;False;0;1;2;Lines;True;NaN
457;19216.2033345;94.53218841552734;96.53202819824219;417.55631256103516;119.45694732666016;2.3669866593660784;188;304;False;0;1;2;Lines;True;NaN
458;19216.2085801;94.70268249511719;96.40872192382812;417.42322540283203;119.70873260498047;2.3669866593660784;188;304;False;0;1;2;Lines;True;NaN
459;19216.2134906;94.88958740234375;96.58609771728516;417.5292549133301;119.45188522338867;2.240162896311483;188;303;False;0;1;2;Lines;True;NaN
460;19216.2185734;94.56774139404297;96.0812759399414;417.5005073547363;119.65363311767578;2.3669866593660784;188;304;False;0;1;2;Lines;True;NaN
461;19216.2250137;93.99669647216797;96.38705444335938;417.5079803466797;119.64420700073242;2.1133171667255723;188;302;False;0;1;2;Lines;True;NaN
462;19216.2287833;94.90533447265625;96.49490356445312;417.49810791015625;119.73404312133789;2.3669866593660784;188;304;False;0;1;2;Lines;True;NaN
463;19216.2342728;94.57011413574219;96.28009033203125;417.58935546875;119.52865982055664;2.240162896311483;188;303;False;0;1;2;Lines;True;NaN
464;19216.2395932;93.8004150390625;96.38703918457031;417.55323028564453;119.21420288085938;2.3669866593660784;188;304;False;0;1;2;Lines;True;NaN
465;19216.2445312;94.35414123535156;95.56672668457031;417.46569442749023;119.317626953125;2.3669866593660784;188;304;False;0;1;2;Lines;True;NaN
466;19216.2495122;94.27465057373047;96.07503509521484;417.50893783569336;119.59396743774414;2.3669866593660784;188;304;False;0;1;2;Lines;True;NaN
467;19216.2540863;94.54331970214844;96.47438049316406;417.3955307006836;119.68748474121094;2.3669866593660784;188;304;False;0;1;2;Lines;True;NaN
468;19216.2591061;94.38790893554688;96.0444107055664;417.5535697937012;119.37940216064453;2.3669866593660784;188;304;False;0;1;2;Lines;True;NaN
469;19216.2642373;94.00581359863281;96.22998046875;417.5224800109863;119.52530288696289;2.240162896311483;188;303;False;0;1;2;Lines;True;NaN
470;19216.269302;94.72344207763672;96.1720962524414;416.57035064697266;119.31637954711914;2.3669866593660784;188;304;False;0;1;2;Lines;True;NaN
471;19216.2745318;94.49687957763672;95.894287109375;417.1960868835449;120.16982650756836;2.3669866593660784;188;304;False;0;1;2;Lines;True;NaN
472;19216.2795139;94.99149322509766;96.48439025878906;417.39108657836914;119.54457092285156;2.3669866593660784;188;304;False;0;1;2;Lines;True;NaN
473;19216.2845554;94.56063842773438;95.74238586425781;417.51965713500977;119.42914962768555;1.9864507086157592;188;301;False;0;1;2;Lines;True;NaN
474;19216.2896997;94.54110717773438;96.10565185546875;417.62513732910156;119.52037811279297;2.3669866593660784;188;304;False;0;1;2;Lines;True;NaN
475;19216.2947071;94.72075653076172;96.66484832763672;417.5200538635254;119.6818733215332;2.240162896311483;188;303;False;0;1;2;Lines;True;NaN
476;19216.2999289;94.10633850097656;96.55953216552734;417.4939651489258;119.60530090332031;2.3669866593660784;188;304;False;0;1;2;Lines;True;NaN
477;19216.3050198;93.9137191772461;95.48915100097656;417.0885810852051;120.20670318603516;2.3669866593660784;188;304;False;0;1;2;Lines;True;NaN
478;19216.3100294;94.00971984863281;96.19534301757812;417.46046447753906;120.08822250366211;2.3669866593660784;188;304;False;0;1;2;Lines;True;NaN
479;19216.3150904;94.12730407714844;95.89360809326172;417.1703338623047;119.236328125;1.9864507086157592;188;301;False;0;1;2;Lines;True;NaN
480;19216.3203046;94.53897857666016;96.63423919677734;417.53790283203125;119.62897872924805;2.240162896311483;188;303;False;0;1;2;Lines;True;NaN
481;19216.32531;95.00362396240234;96.56319427490234;417.5213165283203;119.76703262329102;2.240162896311483;188;303;False;0;1;2;Lines;True;NaN
482;19216.3304725;94.1533203125;96.69795989990234;417.4956703186035;119.72122573852539;2.3669866593660784;188;304;False;0;1;2;Lines;True;NaN
483;19216.33552;94.35040283203125;96.85354614257812;417.5895538330078;119.29957580566406;2.3669866593660784;188;304;False;0;1;2;Lines;True;NaN
484;19216.3410919;93.99209594726562;96.07882690429688;417.60716247558594;119.36214447021484;2.3669866593660784;188;304;False;0;1;2;Lines;True;NaN
485;19216.3455251;94.42689514160156;96.36418914794922;417.1650161743164;119.56851577758789;2.3669866593660784;188;304;False;0;1;2;Lines;True;NaN
486;19216.3505801;93.79127502441406;96.26014709472656;417.59101486206055;119.7286376953125;2.3669866593660784;188;304;False;0;1;2;Lines;True;NaN
487;19216.3557033;94.2876205444336;96.28996276855469;417.58092498779297;119.54030990600586;2.3669866593660784;188;304;False;0;1;2;Lines;True;NaN
488;19216.3607837;94.30377960205078;96.56696319580078;416.6072692871094;119.77296447753906;2.240162896311483;188;303;False;0;1;2;Lines;True;NaN
489;19216.3658452;94.13579559326172;96.28665924072266;416.7059020996094;119.52109146118164;2.3669866593660784;188;304;False;0;1;2;Lines;True;NaN
490;19216.3711495;94.521728515625;96.73164367675781;416.56927490234375;119.78340530395508;2.3669866593660784;188;304;False;0;1;2;Lines;True;NaN
491;19216.3761448;94.15328216552734;96.26180267333984;417.5779037475586;119.73079299926758;2.3669866593660784;188;304;False;0;1;2;Lines;True;NaN
492;19216.3812995;94.7977294921875;96.67667388916016;417.5087776184082;119.6371078491211;2.3669866593660784;188;304;False;0;1;2;Lines;True;NaN
493;19216.3861852;94.9346923828125;95.90509033203125;417.4707336425781;120.13315963745117;2.3669866593660784;188;304;False;0;1;2;Lines;True;NaN
494;19216.3913053;94.6784896850586;96.61398315429688;417.5147476196289;119.47774124145508;1.9864507086157592;188;301;False;0;1;2;Lines;True;NaN
495;19216.3971061;94.37298583984375;96.4892349243164;417.5257911682129;119.76767349243164;2.3669866593660784;188;304;False;0;1;2;Lines;True;NaN
496;19216.4014323;94.76988983154297;95.46160888671875;417.5489196777344;119.43950653076172;2.3669866593660784;188;304;False;0;1;2;Lines;True;NaN
497;19216.4068087;95.0945816040039;95.5076675415039;417.4997749328613;120.15423583984375;2.3669866593660784;188;304;False;0;1;2;Lines;True;NaN
498;19216.4116066;94.92960357666016;96.21720886230469;417.438289642334;119.60163497924805;2.3669866593660784;188;304;False;0;1;2;Lines;True;NaN
499;19216.4168706;94.74503326416016;96.6983871459961;417.1697769165039;119.87939834594727;2.3669866593660784;188;304;False;0;1;2;Lines;True;NaN
500;19216.4225533;94.49662017822266;96.44584655761719;417.57946014404297;119.7447280883789;2.3669866593660784;188;304;False;0;1;2;Lines;True;NaN
501;19216.4267323;94.69208526611328;95.47187805175781;417.4647560119629;120.0459213256836;2.3669866593660784;188;304;False;0;1;2;Lines;True;NaN
502;19216.4319135;95.0006332397461;95.79351043701172;417.4224433898926;120.27112579345703;2.3669866593660784;188;304;False;0;1;2;Lines;True;NaN
503;19216.4368912;94.41447448730469;95.8570556640625;417.5294723510742;119.43891525268555;2.3669866593660784;188;304;False;0;1;2;Lines;True;NaN
504;19216.4421264;93.86199951171875;96.05464172363281;417.5474548339844;120.3409538269043;2.3669866593660784;188;304;False;0;1;2;Lines;True;NaN
505;19216.4483657;94.30602264404297;96.4751205444336;417.63841247558594;119.73932266235352;2.3669866593660784;188;304;False;0;1;2;Lines;True;NaN
506;19216.4524161;94.83592224121094;95.93704986572266;417.522518157959;119.59600448608398;2.3669866593660784;188;304;False;0;1;2;Lines;True;NaN
507;19216.4575537;94.17826080322266;96.52790832519531;417.60566329956055;119.7126350402832;2.3669866593660784;188;304;False;0;1;2;Lines;True;NaN
508;19216.4625679;94.61797332763672;96.06438446044922;417.5067558288574;119.25307083129883;2.3669866593660784;188;304;False;0;1;2;Lines;True;NaN
509;19216.4675392;94.86380767822266;96.45934295654297;417.4600830078125;119.61569213867188;2.3669866593660784;188;304;False;0;1;2;Lines;True;NaN
510;19216.4728256;93.76150512695312;95.57111358642578;417.26536560058594;119.45642852783203;2.240162896311483;188;303;False;0;1;2;Lines;True;NaN
511;19216.477723;94.74427795410156;96.50667572021484;417.50305557250977;119.72026443481445;2.3669866593660784;188;304;False;0;1;2;Lines;True;NaN
512;19216.4827042;94.3117446899414;96.1005859375;417.55200576782227;119.63777923583984;2.240162896311483;188;303;False;0;1;2;Lines;True;NaN
513;19216.4877733;95.34481048583984;96.39032745361328;416.65534591674805;119.55967712402344;1.4788023921856344;188;297;False;0;1;2;Lines;True;NaN
514;19216.4928354;94.16600036621094;96.42613220214844;417.4930114746094;119.73032760620117;1.4788023921856344;188;297;False;0;1;2;Lines;True;NaN
515;19216.498169;94.74431610107422;96.36784362792969;416.605037689209;119.53894424438477;2.3669866593660784;188;304;False;0;1;2;Lines;True;NaN
516;19216.5030219;94.32811737060547;96.29222869873047;417.1411018371582;119.5315055847168;1.8595647612071242;188;300;False;0;1;2;Lines;True;NaN
517;19216.508617;94.32398223876953;96.26622009277344;416.5144348144531;119.5143814086914;1.9864507086157592;188;301;False;0;1;2;Lines;True;NaN
518;19216.513267;94.30792999267578;96.2857437133789;416.5048027038574;119.51378631591797;2.3669866593660784;188;304;False;0;1;2;Lines;True;NaN
519;19216.5192694;94.20858764648438;95.74832153320312;417.05218505859375;119.62671279907227;1.9864507086157592;188;301;False;0;1;2;Lines;True;NaN
520;19216.5235844;95.05429077148438;96.25973510742188;417.4901695251465;119.45522689819336;1.4788023921856344;188;297;False;0;1;2;Lines;True;NaN
521;19216.5285313;94.27094268798828;96.00284576416016;417.57008361816406;119.67396926879883;2.3669866593660784;188;304;False;0;1;2;Lines;True;NaN
522;19216.5336422;95.18656921386719;96.91483306884766;417.56623458862305;119.93549346923828;2.240162896311483;188;303;False;0;1;2;Lines;True;NaN
523;19216.538723;93.85543823242188;95.9188232421875;417.6431770324707;119.34369659423828;2.3669866593660784;188;304;False;0;1;2;Lines;True;NaN
524;19216.5436482;94.58856201171875;95.82027435302734;417.5972137451172;120.28825378417969;1.7326605648701625;188;299;False;0;1;2;Lines;True;NaN
525;19216.5488869;94.50306701660156;96.30509185791016;417.4750289916992;119.79042434692383;1.9864507086157592;188;301;False;0;1;2;Lines;True;NaN
526;19216.5538826;94.7529525756836;96.83018493652344;416.6494483947754;120.33272171020508;2.3669866593660784;188;304;False;0;1;2;Lines;True;NaN
527;19216.5591251;94.27183532714844;95.67305755615234;417.56917572021484;119.34230422973633;1.2248861336786305;188;295;False;0;1;2;Lines;True;NaN
528;19216.5640776;94.94807434082031;96.0762710571289;417.46337509155273;119.62552642822266;2.3669866593660784;188;304;False;0;1;2;Lines;True;NaN
529;19216.5692704;93.75244140625;95.94590759277344;417.5634956359863;119.30376815795898;2.3669866593660784;188;304;False;0;1;2;Lines;True;NaN
530;19216.5743055;94.66141510009766;96.45453643798828;417.5122413635254;119.69880294799805;2.3669866593660784;188;304;False;0;1;2;Lines;True;NaN
531;19216.5792077;94.873291015625;96.50702667236328;416.53828048706055;119.97869110107422;2.3669866593660784;188;304;False;0;1;2;Lines;True;NaN
532;19216.5845991;94.24877166748047;95.88341522216797;417.39602279663086;119.62625122070312;2.3669866593660784;188;304;False;0;1;2;Lines;True;NaN
533;19216.5896924;94.72179412841797;95.8286361694336;417.5919380187988;119.42318725585938;2.3669866593660784;188;304;False;0;1;2;Lines;True;NaN
534;19216.5948436;94.31128692626953;95.85511016845703;417.5745964050293;119.60718536376953;2.3669866593660784;188;304;False;0;1;2;Lines;True;NaN
535;19216.6002912;94.30795288085938;95.86245727539062;417.5883331298828;119.31446838378906;2.3669866593660784;188;304;False;0;1;2;Lines;True;NaN
536;19216.60538;94.43486022949219;95.70659637451172;416.610164642334;119.35523986816406;2.3669866593660784;188;304;False;0;1;2;Lines;True;NaN
537;19216.6109104;94.12047576904297;96.40401458740234;416.60184478759766;119.43835067749023;2.240162896311483;188;303;False;0;1;2;Lines;True;NaN
538;19216.6149125;94.30252838134766;96.33402252197266;417.56081771850586;119.71503448486328;2.3669866593660784;188;304;False;0;1;2;Lines;True;NaN
539;19216.6199467;93.69149780273438;96.74337005615234;417.5238494873047;119.74331665039062;2.3669866593660784;188;304;False;0;1;2;Lines;True;NaN
540;19216.6249575;94.52029418945312;96.62100219726562;416.5124053955078;119.73950576782227;2.240162896311483;188;303;False;0;1;2;Lines;True;NaN
541;19216.6301355;94.15396881103516;95.8719482421875;417.25817108154297;119.38726806640625;2.3669866593660784;188;304;False;0;1;2;Lines;True;NaN
542;19216.6359878;94.00719451904297;96.25302124023438;417.57909393310547;119.40230560302734;2.3669866593660784;188;304;False;0;1;2;Lines;True;NaN
543;19216.6402914;94.33122253417969;96.3530044555664;417.541072845459;119.48033905029297;2.3669866593660784;188;304;False;0;1;2;Lines;True;NaN
544;19216.6453714;94.2489242553711;96.36669158935547;417.5442123413086;119.37430953979492;1.9864507086157592;188;301;False;0;1;2;Lines;True;NaN
545;19216.6504306;94.30702209472656;96.12362670898438;417.4701690673828;119.44614028930664;2.240162896311483;188;303;False;0;1;2;Lines;True;NaN
546;19216.6555101;94.30631256103516;95.58708953857422;417.56360626220703;120.35336685180664;2.240162896311483;188;303;False;0;1;2;Lines;True;NaN
547;19216.6607258;94.35013580322266;96.06053161621094;417.4100456237793;119.38658905029297;2.240162896311483;188;303;False;0;1;2;Lines;True;NaN
548;19216.6657064;94.34585571289062;95.92870330810547;416.54262924194336;119.38157272338867;2.3669866593660784;188;304;False;0;1;2;Lines;True;NaN
549;19216.6707777;93.78380584716797;96.53170776367188;417.2505874633789;119.49344253540039;2.3669866593660784;188;304;False;0;1;2;Lines;True;NaN
550;19216.675866;94.41756439208984;95.88740539550781;416.5604782104492;119.60037612915039;1.9864507086157592;188;301;False;0;1;2;Lines;True;NaN
551;19216.6808947;94.71630096435547;96.1008529663086;417.4280128479004;119.47025299072266;2.3669866593660784;188;304;False;0;1;2;Lines;True;NaN
552;19216.6869947;94.96179962158203;96.4534912109375;416.6567497253418;119.48275375366211;2.3669866593660784;188;304;False;0;1;2;Lines;True;NaN
553;19216.6910542;94.66719055175781;96.6550064086914;417.586181640625;119.75054550170898;2.240162896311483;188;303;False;0;1;2;Lines;True;NaN
554;19216.6963903;94.30148315429688;96.14935302734375;417.4754447937012;119.33563995361328;2.3669866593660784;188;304;False;0;1;2;Lines;True;NaN
555;19216.7020279;94.71588134765625;96.18546295166016;417.5016098022461;119.35008239746094;2.3669866593660784;188;304;False;0;1;2;Lines;True;NaN
556;19216.7080472;94.39212036132812;95.8276596069336;417.0056571960449;120.2065315246582;2.3669866593660784;188;304;False;0;1;2;Lines;True;NaN
557;19216.7113703;94.64653778076172;96.46688079833984;417.0890808105469;119.7371597290039;2.3669866593660784;188;304;False;0;1;2;Lines;True;NaN
558;19216.7166354;95.26130676269531;95.65093231201172;417.6180191040039;119.47367095947266;2.3669866593660784;188;304;False;0;1;2;Lines;True;NaN
559;19216.7215722;94.30083465576172;95.83209991455078;417.6328582763672;120.05205154418945;1.6057393610483632;188;298;False;0;1;2;Lines;True;NaN
560;19216.7267202;94.58053588867188;96.62793731689453;417.6219139099121;119.74659729003906;2.3669866593660784;188;304;False;0;1;2;Lines;True;NaN
561;19216.7318949;94.38145446777344;95.60118865966797;417.55820083618164;120.30749893188477;2.3669866593660784;188;304;False;0;1;2;Lines;True;NaN
562;19216.7367804;95.24169921875;96.03515625;417.5297508239746;119.62841796875;2.3669866593660784;188;304;False;0;1;2;Lines;True;NaN
563;19216.7419702;94.26393127441406;96.1109619140625;417.5568656921387;119.50122451782227;2.3669866593660784;188;304;False;0;1;2;Lines;True;NaN
564;19216.7470111;93.60009002685547;96.47473907470703;416.6686248779297;119.49838638305664;2.240162896311483;188;303;False;0;1;2;Lines;True;NaN
565;19216.752031;94.64834594726562;95.99612426757812;416.6631317138672;119.44970321655273;2.240162896311483;188;303;False;0;1;2;Lines;True;NaN
566;19216.7571568;94.37469482421875;96.16996002197266;417.58895111083984;119.47375869750977;2.240162896311483;188;303;False;0;1;2;Lines;True;NaN
567;19216.762195;94.24242401123047;96.16459655761719;417.6695137023926;119.47002792358398;2.240162896311483;188;303;False;0;1;2;Lines;True;NaN
568;19216.767264;94.23573303222656;96.52808380126953;417.236629486084;119.80897903442383;2.240162896311483;188;303;False;0;1;2;Lines;True;NaN
569;19216.7723647;95.29385375976562;96.16818237304688;416.5982131958008;119.50854110717773;2.240162896311483;188;303;False;0;1;2;Lines;True;NaN
570;19216.7774582;94.51433563232422;96.24762725830078;417.5015983581543;119.5359001159668;2.240162896311483;188;303;False;0;1;2;Lines;True;NaN
571;19216.7826371;94.55121612548828;96.20341491699219;416.6057434082031;119.46512985229492;2.240162896311483;188;303;False;0;1;2;Lines;True;NaN
572;19216.787834;93.91178894042969;96.32188415527344;417.57261657714844;119.51498794555664;2.240162896311483;188;303;False;0;1;2;Lines;True;NaN
573;19216.7929144;94.93485260009766;96.41702270507812;417.5864791870117;119.50860214233398;2.240162896311483;188;303;False;0;1;2;Lines;True;NaN
574;19216.7979622;94.29785919189453;96.02599334716797;416.52302169799805;119.44249725341797;1.6057393610483632;188;298;False;0;1;2;Lines;True;NaN
575;19216.8030471;94.44953155517578;96.32913208007812;417.44301986694336;119.50565719604492;2.3669866593660784;188;304;False;0;1;2;Lines;True;NaN
576;19216.8082191;94.65097045898438;95.98554992675781;417.5403022766113;119.44406509399414;2.240162896311483;188;303;False;0;1;2;Lines;True;NaN
577;19216.8132439;94.24154663085938;96.69312286376953;417.5940284729004;119.67258071899414;2.240162896311483;188;303;False;0;1;2;Lines;True;NaN
578;19216.8182536;94.82435607910156;96.5230941772461;416.5168151855469;119.92803192138672;2.3669866593660784;188;304;False;0;1;2;Lines;True;NaN
579;19216.8231366;93.75222778320312;96.16099548339844;417.1365852355957;119.58506393432617;2.3669866593660784;188;304;False;0;1;2;Lines;True;NaN
580;19216.828315;94.5903549194336;95.57627868652344;416.6595993041992;119.34804153442383;2.3669866593660784;188;304;False;0;1;2;Lines;True;NaN
581;19216.8334263;94.74911499023438;95.9845199584961;416.5871276855469;120.20562362670898;1.7326605648701625;188;299;False;0;1;2;Lines;True;NaN
582;19216.8384445;94.42691040039062;95.89832305908203;416.81833839416504;120.15490341186523;1.8595647612071242;188;300;False;0;1;2;Lines;True;NaN
583;19216.8435887;94.79118347167969;95.73957061767578;417.5200996398926;119.39432144165039;2.3669866593660784;188;304;False;0;1;2;Lines;True;NaN
584;19216.8487054;94.14527130126953;96.49372100830078;417.63922119140625;119.75191497802734;1.4788023921856344;188;297;False;0;1;2;Lines;True;NaN
585;19216.8538655;93.94319915771484;96.5365982055664;417.6152229309082;119.81241226196289;2.3669866593660784;188;304;False;0;1;2;Lines;True;NaN
586;19216.8588583;94.70361328125;95.93704986572266;417.4424133300781;119.39130783081055;2.3669866593660784;188;304;False;0;1;2;Lines;True;NaN
587;19216.8639618;95.09691619873047;95.96696472167969;417.5333595275879;119.44459915161133;1.2248861336786305;188;295;False;0;1;2;Lines;True;NaN
588;19216.8690919;94.42963409423828;96.3915023803711;417.5832405090332;119.75042343139648;1.9864507086157592;188;301;False;0;1;2;Lines;True;NaN
589;19216.874323;95.0332260131836;96.34192657470703;417.56524658203125;119.72346115112305;2.240162896311483;188;303;False;0;1;2;Lines;True;NaN
590;19216.8797033;94.32238006591797;96.32946014404297;417.44945907592773;119.50328826904297;2.240162896311483;188;303;False;0;1;2;Lines;True;NaN
591;19216.8841954;94.73358154296875;96.34173583984375;417.4853096008301;119.4832878112793;2.240162896311483;188;303;False;0;1;2;Lines;True;NaN
592;19216.8892135;93.69239807128906;96.35421752929688;417.41882705688477;119.47844314575195;2.240162896311483;188;303;False;0;1;2;Lines;True;NaN
593;19216.8947947;94.5845718383789;96.1606674194336;417.5689926147461;119.51319885253906;2.240162896311483;188;303;False;0;1;2;Lines;True;NaN
594;19216.8998664;94.5277328491211;96.15996551513672;417.10311126708984;119.49837493896484;2.240162896311483;188;303;False;0;1;2;Lines;True;NaN
595;19216.9049681;94.24090576171875;96.17134094238281;416.6941032409668;119.53378295898438;1.6057393610483632;188;298;False;0;1;2;Lines;True;NaN
596;19216.9096488;95.44298553466797;96.35714721679688;416.71770095825195;119.53674697875977;2.240162896311483;188;303;False;0;1;2;Lines;True;NaN
597;19216.9147622;95.00284576416016;96.24212646484375;416.5682487487793;119.47177124023438;1.6057393610483632;188;298;False;0;1;2;Lines;True;NaN
598;19216.9197447;94.6107177734375;96.3419189453125;416.6192970275879;119.47651290893555;2.240162896311483;188;303;False;0;1;2;Lines;True;NaN
599;19216.9249562;94.91490936279297;96.1351547241211;416.6299819946289;119.51169967651367;1.9864507086157592;188;301;False;0;1;2;Lines;True;NaN
600;19216.9299661;94.15262603759766;96.17772674560547;417.6668281555176;119.49752426147461;2.240162896311483;188;303;False;0;1;2;Lines;True;NaN
601;19216.9350163;94.9422836303711;95.99272918701172;417.513729095459;119.43622970581055;2.240162896311483;188;303;False;0;1;2;Lines;True;NaN
602;19216.9404416;94.95672607421875;96.15996551513672;417.4969024658203;119.49837493896484;2.3669866593660784;188;304;False;0;1;2;Lines;True;NaN
603;19216.9453124;94.21019744873047;96.49205017089844;416.6152687072754;119.75878143310547;2.240162896311483;188;303;False;0;1;2;Lines;True;NaN
604;19216.9504488;94.23400115966797;95.97447967529297;417.5444450378418;119.52286529541016;2.3669866593660784;188;304;False;0;1;2;Lines;True;NaN
605;19216.9554111;94.35586547851562;96.38179779052734;416.50108337402344;119.27231979370117;2.3669866593660784;188;304;False;0;1;2;Lines;True;NaN
606;19216.9605048;94.97673797607422;96.50701141357422;417.5419387817383;119.48438262939453;2.1133171667255723;188;302;False;0;1;2;Lines;True;NaN
607;19216.9658208;94.58087158203125;95.401611328125;417.44349670410156;119.99283599853516;2.240162896311483;188;303;False;0;1;2;Lines;True;NaN
608;19216.9710702;94.01235961914062;96.35741424560547;417.5209083557129;119.46252822875977;2.3669866593660784;188;304;False;0;1;2;Lines;True;NaN
609;19216.9767804;95.11534881591797;95.857421875;417.49970626831055;120.29799270629883;1.9864507086157592;188;301;False;0;1;2;Lines;True;NaN
610;19216.9807705;94.89448547363281;96.23371124267578;416.5109519958496;119.6308364868164;2.3669866593660784;188;304;False;0;1;2;Lines;True;NaN
611;19216.9862884;95.02262878417969;95.54207611083984;417.60704040527344;119.63791275024414;2.3669866593660784;188;304;False;0;1;2;Lines;True;NaN
612;19216.9917233;94.4129638671875;96.32909393310547;417.5472602844238;119.48258590698242;2.3669866593660784;188;304;False;0;1;2;Lines;True;NaN
613;19216.9966915;94.0416030883789;96.21182250976562;416.95704650878906;119.48211288452148;2.3669866593660784;188;304;False;0;1;2;Lines;True;NaN
614;19217.001751;94.47085571289062;95.64456939697266;417.6093215942383;119.3621711730957;2.3669866593660784;188;304;False;0;1;2;Lines;True;NaN
615;19217.0061923;95.15978240966797;95.97906494140625;417.5251693725586;119.482666015625;1.8595647612071242;188;300;False;0;1;2;Lines;True;NaN
616;19217.0112288;94.41667938232422;97.30840301513672;417.61537170410156;120.26091003417969;2.3669866593660784;188;304;False;0;1;2;Lines;True;NaN
617;19217.0170483;93.91539764404297;95.47645568847656;416.5960388183594;119.32452392578125;2.3669866593660784;188;304;False;0;1;2;Lines;True;NaN
618;19217.021351;94.28175354003906;96.21846771240234;416.6162643432617;119.4016227722168;2.3669866593660784;188;304;False;0;1;2;Lines;True;NaN
619;19217.0265771;94.66350555419922;96.43500518798828;417.533260345459;119.51739501953125;2.3669866593660784;188;304;False;0;1;2;Lines;True;NaN
620;19217.0315162;94.65280151367188;96.48473358154297;417.26279067993164;119.72092056274414;2.240162896311483;188;303;False;0;1;2;Lines;True;NaN
621;19217.0366582;94.59246063232422;96.32235717773438;416.6872138977051;119.50057983398438;2.240162896311483;188;303;False;0;1;2;Lines;True;NaN
622;19217.0417363;95.37053680419922;96.07756805419922;416.48773193359375;119.54698181152344;1.2248861336786305;188;295;False;0;1;2;Lines;True;NaN
623;19217.0467915;95.17028045654297;96.21830749511719;416.3558235168457;119.47148895263672;2.240162896311483;188;303;False;0;1;2;Lines;True;NaN
624;19217.051816;95.48056030273438;96.3181381225586;416.5070343017578;119.4975357055664;2.240162896311483;188;303;False;0;1;2;Lines;True;NaN
625;19217.0570568;94.83502197265625;96.28668212890625;416.610164642334;119.4630012512207;2.240162896311483;188;303;False;0;1;2;Lines;True;NaN
626;19217.0622225;94.56556701660156;96.30455017089844;416.6726608276367;119.48163604736328;2.240162896311483;188;303;False;0;1;2;Lines;True;NaN
627;19217.0674204;94.50122833251953;96.36214447021484;417.52716064453125;119.4867172241211;2.240162896311483;188;303;False;0;1;2;Lines;True;NaN
628;19217.0731127;94.05445098876953;96.44194793701172;416.67240142822266;119.50049209594727;2.3669866593660784;188;304;False;0;1;2;Lines;True;NaN
629;19217.0793545;94.97088623046875;95.81045532226562;417.52783203125;119.60754776000977;2.3669866593660784;188;304;False;0;1;2;Lines;True;NaN
630;19217.0827916;93.92595672607422;96.1572036743164;417.5415496826172;119.2122573852539;2.3669866593660784;188;304;False;0;1;2;Lines;True;NaN
631;19217.089218;94.79608917236328;95.25511169433594;416.5136604309082;120.25116348266602;2.3669866593660784;188;304;False;0;1;2;Lines;True;NaN
632;19217.0933296;94.64749908447266;96.22026824951172;417.4688186645508;120.41073608398438;2.3669866593660784;188;304;False;0;1;2;Lines;True;NaN
633;19217.0976669;94.86509704589844;95.5985107421875;417.5013961791992;120.33373641967773;1.6057393610483632;188;298;False;0;1;2;Lines;True;NaN
634;19217.1027424;94.65131378173828;96.04708099365234;417.09194564819336;119.33079528808594;2.3669866593660784;188;304;False;0;1;2;Lines;True;NaN
635;19217.1078354;94.45625305175781;95.82661437988281;417.4569892883301;120.18207931518555;2.3669866593660784;188;304;False;0;1;2;Lines;True;NaN
636;19217.1135;94.5374526977539;95.44483947753906;416.93107986450195;120.25751876831055;2.3669866593660784;188;304;False;0;1;2;Lines;True;NaN
637;19217.1180386;94.78907012939453;95.45599365234375;417.4294853210449;120.2583236694336;2.3669866593660784;188;304;False;0;1;2;Lines;True;NaN
638;19217.1231146;95.2552719116211;96.20110321044922;416.6610565185547;120.3619384765625;2.3669866593660784;188;304;False;0;1;2;Lines;True;NaN
639;19217.1280486;94.53807830810547;95.5067367553711;416.9405632019043;120.18216323852539;2.3669866593660784;188;304;False;0;1;2;Lines;True;NaN
640;19217.133292;94.30451965332031;95.180419921875;417.4319534301758;120.14824295043945;2.3669866593660784;188;304;False;0;1;2;Lines;True;NaN
641;19217.1385211;94.2447509765625;95.23796081542969;417.4577331542969;119.389892578125;2.3669866593660784;188;304;False;0;1;2;Lines;True;NaN
642;19217.1434545;94.76941680908203;96.49353790283203;417.500675201416;119.76861572265625;2.3669866593660784;188;304;False;0;1;2;Lines;True;NaN
643;19217.1485416;94.86503601074219;96.15958404541016;417.58135986328125;119.49451065063477;2.3669866593660784;188;304;False;0;1;2;Lines;True;NaN
644;19217.1535721;94.23802185058594;96.15241241455078;417.5122833251953;119.43630981445312;2.3669866593660784;188;304;False;0;1;2;Lines;True;NaN
645;19217.1600988;94.18426513671875;96.3622817993164;417.589054107666;119.54929733276367;2.240162896311483;188;303;False;0;1;2;Lines;True;NaN
646;19217.1638984;94.77542877197266;96.44307708740234;416.55749130249023;119.50012588500977;1.6057393610483632;188;298;False;0;1;2;Lines;True;NaN
647;19217.1693451;94.09429931640625;96.22682189941406;417.57886123657227;119.52992248535156;2.240162896311483;188;303;False;0;1;2;Lines;True;NaN
648;19217.17514;94.40078735351562;96.18657684326172;416.49597549438477;119.4817886352539;2.240162896311483;188;303;False;0;1;2;Lines;True;NaN
649;19217.1801512;94.9620590209961;96.13976287841797;416.70201110839844;119.52102661132812;2.240162896311483;188;303;False;0;1;2;Lines;True;NaN
650;19217.1846917;94.48896789550781;95.56859588623047;416.5353088378906;119.26353073120117;2.240162896311483;188;303;False;0;1;2;Lines;True;NaN
651;19217.189081;94.43875885009766;96.13465881347656;416.5824546813965;119.48719024658203;2.1133171667255723;188;302;False;0;1;2;Lines;True;NaN
652;19217.1942221;94.51055908203125;96.22545623779297;416.605411529541;119.4761848449707;2.240162896311483;188;303;False;0;1;2;Lines;True;NaN
653;19217.1992746;94.81021881103516;96.29754638671875;416.67243576049805;119.50728988647461;2.240162896311483;188;303;False;0;1;2;Lines;True;NaN
654;19217.204313;94.9134521484375;96.48627471923828;416.5007095336914;119.53667449951172;2.240162896311483;188;303;False;0;1;2;Lines;True;NaN
655;19217.2093222;94.49183654785156;96.35086822509766;417.43199920654297;119.48942947387695;2.3669866593660784;188;304;False;0;1;2;Lines;True;NaN
656;19217.2144928;95.3180923461914;95.90279388427734;417.3182792663574;119.36554336547852;2.3669866593660784;188;304;False;0;1;2;Lines;True;NaN
657;19217.2195562;94.52727508544922;96.65428161621094;417.54376220703125;119.7621078491211;2.3669866593660784;188;304;False;0;1;2;Lines;True;NaN
658;19217.2249841;94.99470520019531;95.9411849975586;417.5218963623047;120.47412490844727;2.3669866593660784;188;304;False;0;1;2;Lines;True;NaN
659;19217.2297687;94.46570587158203;95.96241760253906;417.44571685791016;120.38988494873047;1.9864507086157592;188;301;False;0;1;2;Lines;True;NaN
660;19217.2349302;94.53548431396484;96.1706771850586;417.6220893859863;120.39231872558594;2.3669866593660784;188;304;False;0;1;2;Lines;True;NaN
661;19217.2400215;94.65312194824219;95.33293914794922;416.89967346191406;120.33361053466797;2.3669866593660784;188;304;False;0;1;2;Lines;True;NaN
662;19217.2450551;94.59642791748047;95.78357696533203;417.57870864868164;120.45884704589844;2.493787219171683;188;305;False;0;1;2;Lines;True;NaN
663;19217.2501418;94.20258331298828;95.9303207397461;417.3456153869629;120.30789566040039;2.3669866593660784;188;304;False;0;1;2;Lines;True;NaN
664;19217.2557799;94.47188568115234;96.08750915527344;417.36733627319336;120.34997940063477;2.493787219171683;188;305;False;0;1;2;Lines;True;NaN
665;19217.260543;94.67144775390625;96.25587463378906;417.5666732788086;120.2784194946289;2.493787219171683;188;305;False;0;1;2;Lines;True;NaN
666;19217.2662947;94.28136444091797;95.9709701538086;417.4765968322754;120.30116271972656;2.493787219171683;188;305;False;0;1;2;Lines;True;NaN
667;19217.2722473;94.29450225830078;95.46075439453125;417.3804512023926;120.3379135131836;2.3669866593660784;188;304;False;0;1;2;Lines;True;NaN
668;19217.276028;94.91757202148438;95.69204711914062;417.94496154785156;120.28728866577148;2.3669866593660784;188;304;False;0;1;2;Lines;True;NaN
669;19217.2812454;94.60173034667969;95.43279266357422;417.3491439819336;120.26211929321289;2.3669866593660784;188;304;False;0;1;2;Lines;True;NaN
670;19217.2857124;94.55501556396484;96.25878143310547;416.96545028686523;119.53194046020508;1.351850901653578;188;296;False;0;1;2;Lines;True;NaN
671;19217.290662;94.58036041259766;96.32830810546875;417.48315048217773;120.42290878295898;2.3669866593660784;188;304;False;0;1;2;Lines;True;NaN
672;19217.2957568;95.06007385253906;96.39715576171875;417.50205993652344;119.46566390991211;2.3669866593660784;188;304;False;0;1;2;Lines;True;NaN
673;19217.3007777;94.22831726074219;96.72940826416016;417.54576873779297;119.77997589111328;2.240162896311483;188;303;False;0;1;2;Lines;True;NaN
674;19217.3060209;94.94358825683594;96.38578796386719;417.5102882385254;119.55591201782227;2.240162896311483;188;303;False;0;1;2;Lines;True;NaN
675;19217.3111114;94.88014221191406;96.13675689697266;417.516544342041;119.47870635986328;2.240162896311483;188;303;False;0;1;2;Lines;True;NaN
676;19217.3161688;94.98452758789062;96.26870727539062;416.4899215698242;119.50618743896484;1.8595647612071242;188;300;False;0;1;2;Lines;True;NaN
677;19217.3212574;94.93812561035156;96.15474700927734;416.6715965270996;119.51639556884766;2.240162896311483;188;303;False;0;1;2;Lines;True;NaN
678;19217.3264156;94.56512451171875;96.28105926513672;417.1988105773926;119.46627044677734;2.240162896311483;188;303;False;0;1;2;Lines;True;NaN
679;19217.3315546;94.70767974853516;96.2612075805664;416.5688056945801;119.49428176879883;2.240162896311483;188;303;False;0;1;2;Lines;True;NaN
680;19217.3363996;95.09584045410156;96.20062255859375;416.5930976867676;119.53913879394531;1.4788023921856344;188;297;False;0;1;2;Lines;True;NaN
681;19217.3415135;93.82598876953125;96.38929748535156;417.20830154418945;119.4885368347168;2.3669866593660784;188;304;False;0;1;2;Lines;True;NaN
682;19217.3466108;94.05091094970703;95.83716583251953;417.5032539367676;119.21236038208008;1.7326605648701625;188;299;False;0;1;2;Lines;True;NaN
683;19217.3518515;94.80428314208984;96.01365661621094;416.47247314453125;120.45292282104492;1.9864507086157592;188;301;False;0;1;2;Lines;True;NaN
684;19217.3573892;94.4378433227539;95.78538513183594;417.43833923339844;120.39728927612305;2.3669866593660784;188;304;False;0;1;2;Lines;True;NaN
685;19217.3621223;94.38172912597656;95.0606689453125;417.63341522216797;120.11540222167969;2.3669866593660784;188;304;False;0;1;2;Lines;True;NaN
686;19217.3683001;94.60453796386719;95.46411895751953;417.45203399658203;120.22936248779297;2.3669866593660784;188;304;False;0;1;2;Lines;True;NaN
687;19217.3723716;94.2521743774414;95.95492553710938;416.9660339355469;120.49806594848633;2.3669866593660784;188;304;False;0;1;2;Lines;True;NaN
688;19217.3772062;94.3776626586914;95.91032409667969;417.3083076477051;120.51087188720703;2.493787219171683;188;305;False;0;1;2;Lines;True;NaN
689;19217.3824001;94.3966064453125;95.83935546875;417.42501068115234;120.43354797363281;2.3669866593660784;188;304;False;0;1;2;Lines;True;NaN
690;19217.3872696;94.96963500976562;95.97187805175781;417.39340591430664;120.48311614990234;2.3669866593660784;188;304;False;0;1;2;Lines;True;NaN
691;19217.3924448;94.77423095703125;95.82125854492188;417.4113121032715;120.51595306396484;2.3669866593660784;188;304;False;0;1;2;Lines;True;NaN
692;19217.3981151;95.0304946899414;95.76853942871094;417.4136428833008;120.35850524902344;2.3669866593660784;188;304;False;0;1;2;Lines;True;NaN
693;19217.4025199;94.81831359863281;95.63957977294922;417.20373916625977;120.27642822265625;2.3669866593660784;188;304;False;0;1;2;Lines;True;NaN
694;19217.4075202;94.82587432861328;95.70545959472656;417.49457931518555;120.32513809204102;2.3669866593660784;188;304;False;0;1;2;Lines;True;NaN
695;19217.4126661;94.25274658203125;95.3104248046875;417.57504653930664;120.27359390258789;2.3669866593660784;188;304;False;0;1;2;Lines;True;NaN
696;19217.4179023;94.08404541015625;96.14366912841797;417.57160568237305;119.5997428894043;2.3669866593660784;188;304;False;0;1;2;Lines;True;NaN
697;19217.4228823;94.8593978881836;95.9801254272461;417.47397232055664;119.53983688354492;2.3669866593660784;188;304;False;0;1;2;Lines;True;NaN
698;19217.4279564;93.7007064819336;96.17733001708984;417.55260848999023;120.13885498046875;2.3669866593660784;188;304;False;0;1;2;Lines;True;NaN
699;19217.4330019;94.67277526855469;95.50354766845703;417.46374893188477;120.07291030883789;2.3669866593660784;188;304;False;0;1;2;Lines;True;NaN
700;19217.438276;94.40640258789062;95.50335693359375;417.569580078125;120.10835647583008;2.3669866593660784;188;304;False;0;1;2;Lines;True;NaN
701;19217.4432548;94.04585266113281;96.01652526855469;417.4687614440918;119.3952522277832;2.240162896311483;188;303;False;0;1;2;Lines;True;NaN
702;19217.4485484;94.66182708740234;96.14311218261719;417.5509376525879;119.55162048339844;2.3669866593660784;188;304;False;0;1;2;Lines;True;NaN
703;19217.4544124;94.95704650878906;95.7325439453125;417.4480285644531;119.29131317138672;2.240162896311483;188;303;False;0;1;2;Lines;True;NaN
704;19217.4588608;94.68717193603516;95.38053131103516;417.49409103393555;119.4342269897461;2.240162896311483;188;303;False;0;1;2;Lines;True;NaN
705;19217.4637021;94.29210662841797;96.32931518554688;417.5242233276367;119.55259704589844;2.3669866593660784;188;304;False;0;1;2;Lines;True;NaN
706;19217.470001;94.76067352294922;95.79481506347656;417.53487396240234;119.61260986328125;1.351850901653578;188;296;False;0;1;2;Lines;True;NaN
707;19217.4741382;94.4739761352539;95.96263122558594;417.49365615844727;119.30576705932617;2.3669866593660784;188;304;False;0;1;2;Lines;True;NaN
708;19217.4787696;94.4039077758789;96.79739379882812;417.5546417236328;119.49479675292969;2.3669866593660784;188;304;False;0;1;2;Lines;True;NaN
709;19217.4838508;95.03404235839844;95.23126220703125;417.43913650512695;120.25317001342773;2.3669866593660784;188;304;False;0;1;2;Lines;True;NaN
710;19217.4889828;94.00511169433594;96.13478088378906;417.0703659057617;120.34228897094727;2.3669866593660784;188;304;False;0;1;2;Lines;True;NaN
711;19217.4950312;95.04447174072266;95.63145446777344;417.6167755126953;120.46654510498047;2.3669866593660784;188;304;False;0;1;2;Lines;True;NaN
712;19217.4990739;94.0306167602539;95.30826568603516;417.0731315612793;119.36909866333008;2.3669866593660784;188;304;False;0;1;2;Lines;True;NaN
713;19217.5041472;93.94338989257812;95.26541137695312;417.3951873779297;120.22257232666016;2.3669866593660784;188;304;False;0;1;2;Lines;True;NaN
714;19217.5092043;94.38189697265625;96.01045227050781;417.0516128540039;120.49871063232422;2.3669866593660784;188;304;False;0;1;2;Lines;True;NaN
715;19217.5144061;94.45669555664062;95.48737335205078;417.39319229125977;120.20290756225586;2.3669866593660784;188;304;False;0;1;2;Lines;True;NaN
716;19217.5195066;95.07393646240234;96.12771606445312;417.13243103027344;120.29552841186523;2.3669866593660784;188;304;False;0;1;2;Lines;True;NaN
717;19217.5246052;94.23971557617188;95.95211029052734;417.4256782531738;120.371337890625;2.3669866593660784;188;304;False;0;1;2;Lines;True;NaN
718;19217.5296539;94.44769287109375;95.92164611816406;417.5825996398926;120.32070541381836;2.3669866593660784;188;304;False;0;1;2;Lines;True;NaN
719;19217.5347409;94.85643005371094;95.3781509399414;417.5025062561035;120.22866821289062;2.3669866593660784;188;304;False;0;1;2;Lines;True;NaN
720;19217.5400073;94.74457550048828;95.70614624023438;417.0370864868164;120.2552604675293;2.3669866593660784;188;304;False;0;1;2;Lines;True;NaN
721;19217.5449234;94.91622924804688;96.20663452148438;417.4504814147949;119.56390762329102;2.3669866593660784;188;304;False;0;1;2;Lines;True;NaN
722;19217.5514711;94.17880249023438;96.01973724365234;417.0484619140625;120.35128784179688;2.3669866593660784;188;304;False;0;1;2;Lines;True;NaN
723;19217.5554132;94.01513671875;95.66007995605469;417.0255012512207;120.05229949951172;2.240162896311483;188;303;False;0;1;2;Lines;True;NaN
724;19217.5604298;94.00132751464844;96.18441009521484;417.61693572998047;119.5986099243164;2.3669866593660784;188;304;False;0;1;2;Lines;True;NaN
725;19217.5658903;94.45789337158203;96.24662780761719;417.4732551574707;119.46870422363281;2.3669866593660784;188;304;False;0;1;2;Lines;True;NaN
726;19217.5702391;94.86553955078125;97.07189178466797;417.4358329772949;119.67245864868164;2.3669866593660784;188;304;False;0;1;2;Lines;True;NaN
727;19217.575297;94.71198272705078;96.14356231689453;417.0619926452637;119.59701538085938;1.9864507086157592;188;301;False;0;1;2;Lines;True;NaN
728;19217.5804939;94.26758575439453;96.10493469238281;416.6318473815918;119.83797454833984;2.240162896311483;188;303;False;0;1;2;Lines;True;NaN
729;19217.5855364;94.4508285522461;95.96693420410156;417.0027885437012;120.36137390136719;2.240162896311483;188;303;False;0;1;2;Lines;True;NaN
730;19217.5917866;94.1368637084961;95.6246109008789;417.4948539733887;120.13915634155273;2.3669866593660784;188;304;False;0;1;2;Lines;True;NaN
731;19217.595686;94.52388000488281;95.83170318603516;417.5449409484863;119.3184700012207;2.3669866593660784;188;304;False;0;1;2;Lines;True;NaN
732;19217.6008286;94.54965209960938;96.1645278930664;417.52442169189453;119.46644973754883;2.3669866593660784;188;304;False;0;1;2;Lines;True;NaN
733;19217.6059386;94.45206451416016;96.20285034179688;417.4693603515625;119.5264892578125;2.3669866593660784;188;304;False;0;1;2;Lines;True;NaN
734;19217.6109825;94.15026092529297;95.26177215576172;417.5529899597168;120.10625457763672;2.3669866593660784;188;304;False;0;1;2;Lines;True;NaN
735;19217.6160205;94.15302276611328;95.56919860839844;417.54888916015625;119.4684066772461;2.3669866593660784;188;304;False;0;1;2;Lines;True;NaN
736;19217.6210561;94.94432067871094;96.28292846679688;416.6681365966797;120.36081314086914;2.3669866593660784;188;304;False;0;1;2;Lines;True;NaN
737;19217.6262438;94.04473114013672;95.64506530761719;417.4897003173828;120.20586013793945;2.3669866593660784;188;304;False;0;1;2;Lines;True;NaN
738;19217.6311735;94.52144622802734;95.81086730957031;417.4962577819824;120.31754302978516;2.3669866593660784;188;304;False;0;1;2;Lines;True;NaN
739;19217.6376371;94.11225891113281;95.42807006835938;416.9941520690918;120.24913024902344;2.3669866593660784;188;304;False;0;1;2;Lines;True;NaN
740;19217.6415791;94.98177337646484;95.80097198486328;417.5099449157715;120.38958358764648;2.3669866593660784;188;304;False;0;1;2;Lines;True;NaN
741;19217.6464724;94.75939178466797;95.69998931884766;417.12232208251953;120.43239212036133;2.3669866593660784;188;304;False;0;1;2;Lines;True;NaN
742;19217.6532109;94.2004623413086;95.4228515625;416.98555755615234;119.28490447998047;2.3669866593660784;188;304;False;0;1;2;Lines;True;NaN
743;19217.6579478;94.01675415039062;95.86192321777344;417.54218673706055;120.3670539855957;2.3669866593660784;188;304;False;0;1;2;Lines;True;NaN
744;19217.6617162;94.5108413696289;96.23047637939453;417.4727592468262;120.3778305053711;1.9864507086157592;188;301;False;0;1;2;Lines;True;NaN
745;19217.6668416;94.3405532836914;95.64824676513672;416.93760681152344;120.25765228271484;2.3669866593660784;188;304;False;0;1;2;Lines;True;NaN
746;19217.6718549;94.95024871826172;95.4701919555664;417.58094024658203;120.21698379516602;2.3669866593660784;188;304;False;0;1;2;Lines;True;NaN
747;19217.6769673;94.6817398071289;95.53572845458984;417.6222686767578;120.25765609741211;2.3669866593660784;188;304;False;0;1;2;Lines;True;NaN
748;19217.6820324;94.66665649414062;95.27177429199219;417.6155090332031;120.28048706054688;2.3669866593660784;188;304;False;0;1;2;Lines;True;NaN
749;19217.6874623;93.98806762695312;95.84690856933594;417.0148696899414;120.40103912353516;2.3669866593660784;188;304;False;0;1;2;Lines;True;NaN
750;19217.6923871;94.63472747802734;95.48123931884766;417.47628021240234;120.31880187988281;2.3669866593660784;188;304;False;0;1;2;Lines;True;NaN
751;19217.6973322;94.33155822753906;96.13135528564453;417.0354423522949;120.34578704833984;1.4788023921856344;188;297;False;0;1;2;Lines;True;NaN
752;19217.702481;94.22087097167969;95.6794204711914;417.4857978820801;120.06598281860352;2.3669866593660784;188;304;False;0;1;2;Lines;True;NaN
753;19217.7075555;94.59523010253906;96.2074966430664;417.4581069946289;119.46472549438477;2.3669866593660784;188;304;False;0;1;2;Lines;True;NaN
754;19217.712629;94.92826080322266;95.42814636230469;417.4777069091797;119.60334777832031;2.1133171667255723;188;302;False;0;1;2;Lines;True;NaN
755;19217.7175547;94.9455337524414;96.99845886230469;416.5615882873535;119.90155410766602;1.6057393610483632;188;298;False;0;1;2;Lines;True;NaN
756;19217.7228633;94.9980239868164;96.30359649658203;417.5669822692871;119.63254165649414;2.240162896311483;188;303;False;0;1;2;Lines;True;NaN
757;19217.7278779;93.87998962402344;96.00993347167969;417.5127716064453;119.42300796508789;2.3669866593660784;188;304;False;0;1;2;Lines;True;NaN
758;19217.73293;94.56715393066406;96.74774169921875;417.3692970275879;119.74818420410156;2.240162896311483;188;303;False;0;1;2;Lines;True;NaN
759;19217.7380086;94.654541015625;96.04814147949219;417.52963638305664;119.50910568237305;2.3669866593660784;188;304;False;0;1;2;Lines;True;NaN
760;19217.7432346;94.87702941894531;96.24053192138672;417.5434799194336;119.52261352539062;2.3669866593660784;188;304;False;0;1;2;Lines;True;NaN
761;19217.7483235;94.67778778076172;96.13410186767578;417.0331382751465;119.4903450012207;2.3669866593660784;188;304;False;0;1;2;Lines;True;NaN
762;19217.7534149;94.56195831298828;95.62617492675781;417.55580139160156;119.47305297851562;2.3669866593660784;188;304;False;0;1;2;Lines;True;NaN
763;19217.7584423;94.53157806396484;95.7846450805664;417.4570083618164;120.48417282104492;2.3669866593660784;188;304;False;0;1;2;Lines;True;NaN
764;19217.7634334;94.50041961669922;96.16036224365234;417.1792411804199;119.53571319580078;2.3669866593660784;188;304;False;0;1;2;Lines;True;NaN
765;19217.7684512;94.64251708984375;96.1749496459961;417.5356750488281;119.58156204223633;2.3669866593660784;188;304;False;0;1;2;Lines;True;NaN
766;19217.7736517;94.43220520019531;95.565673828125;417.4650650024414;120.237060546875;2.3669866593660784;188;304;False;0;1;2;Lines;True;NaN
767;19217.7788152;94.36216735839844;96.21492767333984;417.5664939880371;120.28753662109375;2.3669866593660784;188;304;False;0;1;2;Lines;True;NaN
768;19217.7837037;94.94573211669922;96.09272003173828;417.4526901245117;119.56097793579102;2.3669866593660784;188;304;False;0;1;2;Lines;True;NaN
769;19217.7887058;94.51455688476562;96.13182830810547;417.43064880371094;120.36676788330078;1.9864507086157592;188;301;False;0;1;2;Lines;True;NaN
770;19217.7938668;94.53688049316406;95.42974090576172;417.4974555969238;120.24337387084961;2.3669866593660784;188;304;False;0;1;2;Lines;True;NaN
771;19217.7990058;94.56747436523438;95.37496948242188;416.87492752075195;120.21749114990234;1.9864507086157592;188;301;False;0;1;2;Lines;True;NaN
772;19217.8040442;94.45124816894531;95.85297393798828;417.5444564819336;120.40973281860352;2.3669866593660784;188;304;False;0;1;2;Lines;True;NaN
773;19217.8091401;94.46663665771484;95.47435760498047;417.55761337280273;120.2455062866211;2.3669866593660784;188;304;False;0;1;2;Lines;True;NaN
774;19217.8141957;94.27539825439453;95.84883880615234;417.5136489868164;120.35994338989258;2.3669866593660784;188;304;False;0;1;2;Lines;True;NaN
775;19217.8192904;94.27041625976562;95.35029602050781;417.60668563842773;119.38517761230469;2.3669866593660784;188;304;False;0;1;2;Lines;True;NaN
776;19217.8243884;93.81359100341797;95.06857299804688;417.49262619018555;120.34186935424805;1.9864507086157592;188;301;False;0;1;2;Lines;True;NaN
777;19217.8296495;94.26171875;95.9280014038086;417.3810119628906;120.46110534667969;1.9864507086157592;188;301;False;0;1;2;Lines;True;NaN
778;19217.8351231;94.91034698486328;96.00164031982422;417.42234802246094;120.26983261108398;2.3669866593660784;188;304;False;0;1;2;Lines;True;NaN
779;19217.8410831;94.66646575927734;95.81864929199219;417.4951705932617;120.25666809082031;2.3669866593660784;188;304;False;0;1;2;Lines;True;NaN
780;19217.8455232;94.42864227294922;95.80211639404297;417.4929885864258;120.33897018432617;2.1133171667255723;188;302;False;0;1;2;Lines;True;NaN
781;19217.8506135;94.51889038085938;96.00765991210938;417.48484802246094;119.45764541625977;2.3669866593660784;188;304;False;0;1;2;Lines;True;NaN
782;19217.8548013;94.60807800292969;95.92354583740234;417.54540252685547;119.40631866455078;1.7326605648701625;188;299;False;0;1;2;Lines;True;NaN
783;19217.859932;94.60953521728516;96.76726531982422;417.52612686157227;119.66783142089844;2.3669866593660784;188;304;False;0;1;2;Lines;True;NaN
784;19217.8648412;94.39041137695312;96.32246398925781;417.12914276123047;119.59099197387695;2.3669866593660784;188;304;False;0;1;2;Lines;True;NaN
785;19217.8700201;94.75060272216797;96.35514831542969;417.24807357788086;119.79075622558594;2.3669866593660784;188;304;False;0;1;2;Lines;True;NaN
786;19217.8754776;95.14700317382812;96.39095306396484;417.49217224121094;119.88861846923828;1.9864507086157592;188;301;False;0;1;2;Lines;True;NaN
787;19217.8802483;94.64558410644531;96.297119140625;417.4540481567383;119.50772094726562;2.3669866593660784;188;304;False;0;1;2;Lines;True;NaN
788;19217.885325;95.01058197021484;96.41503143310547;417.48895263671875;119.73919296264648;2.3669866593660784;188;304;False;0;1;2;Lines;True;NaN
789;19217.8905549;94.88970947265625;96.36382293701172;417.45795822143555;119.48720932006836;2.3669866593660784;188;304;False;0;1;2;Lines;True;NaN
790;19217.8955476;94.5849380493164;96.17434692382812;417.46612548828125;119.56970596313477;2.3669866593660784;188;304;False;0;1;2;Lines;True;NaN
791;19217.9006545;94.46429443359375;95.78335571289062;417.0495796203613;120.3614616394043;2.3669866593660784;188;304;False;0;1;2;Lines;True;NaN
792;19217.9058005;94.85789489746094;96.14649963378906;416.5504455566406;119.49300384521484;2.3669866593660784;188;304;False;0;1;2;Lines;True;NaN
793;19217.9108112;93.91326141357422;96.1626968383789;417.52968978881836;120.35565567016602;2.3669866593660784;188;304;False;0;1;2;Lines;True;NaN
794;19217.9158711;94.56198120117188;95.2821273803711;417.4838218688965;119.34866333007812;2.3669866593660784;188;304;False;0;1;2;Lines;True;NaN
795;19217.9210192;94.32682800292969;95.43132781982422;417.4047088623047;120.24895858764648;2.3669866593660784;188;304;False;0;1;2;Lines;True;NaN
796;19217.926094;94.2007827758789;95.612060546875;417.51019287109375;120.24686431884766;2.3669866593660784;188;304;False;0;1;2;Lines;True;NaN
797;19217.9310216;94.57820892333984;95.63192749023438;417.4964141845703;120.33040237426758;2.3669866593660784;188;304;False;0;1;2;Lines;True;NaN
798;19217.9371567;94.63231658935547;96.13862609863281;417.6139373779297;120.3344612121582;2.1133171667255723;188;302;False;0;1;2;Lines;True;NaN
799;19217.9419851;94.69852447509766;95.79566192626953;417.5628128051758;120.35768127441406;2.3669866593660784;188;304;False;0;1;2;Lines;True;NaN
800;19217.9467793;94.96197509765625;95.400634765625;417.40967178344727;120.21862030029297;2.3669866593660784;188;304;False;0;1;2;Lines;True;NaN
801;19217.9513476;94.2991714477539;95.92537689208984;417.42539978027344;119.47643661499023;2.3669866593660784;188;304;False;0;1;2;Lines;True;NaN
802;19217.9564078;94.94638061523438;95.00877380371094;417.33238983154297;120.27665710449219;2.3669866593660784;188;304;False;0;1;2;Lines;True;NaN
803;19217.9614854;94.8537826538086;95.98240661621094;417.3687744140625;120.44968032836914;2.3669866593660784;188;304;False;0;1;2;Lines;True;NaN
804;19217.9665846;94.34379577636719;95.44866180419922;417.3899116516113;120.27952575683594;2.1133171667255723;188;302;False;0;1;2;Lines;True;NaN
805;19217.9717797;94.3570327758789;95.8138656616211;417.60093688964844;120.35380554199219;2.3669866593660784;188;304;False;0;1;2;Lines;True;NaN
806;19217.9767578;94.19837951660156;95.62590026855469;416.92353439331055;120.13093566894531;2.3669866593660784;188;304;False;0;1;2;Lines;True;NaN
807;19217.9818119;94.53399658203125;96.0367431640625;417.5501174926758;119.22920989990234;2.3669866593660784;188;304;False;0;1;2;Lines;True;NaN
808;19217.9870431;95.5548324584961;96.88843536376953;417.5032768249512;119.71903228759766;2.3669866593660784;188;304;False;0;1;2;Lines;True;NaN
809;19217.9921515;95.13763427734375;96.0907211303711;417.48828125;119.4990005493164;2.3669866593660784;188;304;False;0;1;2;Lines;True;NaN
810;19217.9971923;93.87625885009766;96.25421142578125;417.4603958129883;119.53731536865234;1.6057393610483632;188;298;False;0;1;2;Lines;True;NaN
811;19218.0023014;94.74673461914062;96.02217864990234;417.5521469116211;119.56957244873047;2.3669866593660784;188;304;False;0;1;2;Lines;True;NaN
812;19218.0074625;95.11798095703125;96.3153076171875;417.45499420166016;120.15777206420898;2.3669866593660784;188;304;False;0;1;2;Lines;True;NaN
813;19218.013609;94.6395263671875;95.6233901977539;417.44798278808594;119.45362091064453;2.3669866593660784;188;304;False;0;1;2;Lines;True;NaN
814;19218.01771;95.0073013305664;95.65682220458984;417.47624588012695;119.27680206298828;2.3669866593660784;188;304;False;0;1;2;Lines;True;NaN
815;19218.0226601;94.973388671875;95.49678039550781;417.4397201538086;119.32476806640625;2.3669866593660784;188;304;False;0;1;2;Lines;True;NaN
816;19218.028395;94.20687103271484;96.10169982910156;417.57258224487305;119.2195816040039;2.3669866593660784;188;304;False;0;1;2;Lines;True;NaN
817;19218.0338598;94.28926086425781;95.92314147949219;417.0872039794922;120.3289909362793;2.3669866593660784;188;304;False;0;1;2;Lines;True;NaN
818;19218.0392536;94.58059692382812;96.10324096679688;417.03186798095703;119.44957733154297;2.3669866593660784;188;304;False;0;1;2;Lines;True;NaN
819;19218.0432856;94.89290618896484;95.86665344238281;417.6279754638672;120.4314956665039;2.3669866593660784;188;304;False;0;1;2;Lines;True;NaN
820;19218.049138;94.85639953613281;96.21307373046875;417.31967544555664;120.26581954956055;2.3669866593660784;188;304;False;0;1;2;Lines;True;NaN
821;19218.052934;94.7484359741211;95.86150360107422;417.6264457702637;120.34178161621094;2.3669866593660784;188;304;False;0;1;2;Lines;True;NaN
822;19218.0579994;94.65293884277344;96.11186981201172;417.1452827453613;120.44593048095703;2.3669866593660784;188;304;False;0;1;2;Lines;True;NaN
823;19218.0630798;94.58495330810547;95.70513153076172;417.32606506347656;119.3777084350586;2.3669866593660784;188;304;False;0;1;2;Lines;True;NaN
824;19218.0682089;94.70018005371094;96.18437957763672;417.3237838745117;120.34634780883789;1.9864507086157592;188;301;False;0;1;2;Lines;True;NaN
825;19218.0733218;95.17452239990234;95.33892822265625;417.43621826171875;120.30680847167969;2.3669866593660784;188;304;False;0;1;2;Lines;True;NaN
826;19218.078591;94.61517333984375;96.05035400390625;417.4564743041992;120.4321174621582;2.3669866593660784;188;304;False;0;1;2;Lines;True;NaN
827;19218.0836463;94.61895751953125;96.01569366455078;417.38271713256836;120.36153030395508;2.3669866593660784;188;304;False;0;1;2;Lines;True;NaN
828;19218.0886758;94.3116226196289;95.62649536132812;417.4232749938965;120.29048156738281;2.3669866593660784;188;304;False;0;1;2;Lines;True;NaN
829;19218.0938625;94.7064208984375;95.28597259521484;417.4258689880371;120.30225372314453;2.3669866593660784;188;304;False;0;1;2;Lines;True;NaN
830;19218.0987979;94.84269714355469;95.30908203125;417.5035705566406;120.3301887512207;2.3669866593660784;188;304;False;0;1;2;Lines;True;NaN
831;19218.1038545;94.3744888305664;95.5797119140625;417.58290100097656;120.22666549682617;2.3669866593660784;188;304;False;0;1;2;Lines;True;NaN
832;19218.108974;94.62894439697266;95.94835662841797;417.6322326660156;119.44261932373047;2.3669866593660784;188;304;False;0;1;2;Lines;True;NaN
833;19218.1141916;94.04425811767578;95.53860473632812;416.9659767150879;120.14222717285156;2.3669866593660784;188;304;False;0;1;2;Lines;True;NaN
834;19218.1192448;94.83378601074219;96.44007110595703;417.6164779663086;119.58904266357422;2.3669866593660784;188;304;False;0;1;2;Lines;True;NaN
835;19218.1266689;95.08658599853516;96.29888153076172;417.19665145874023;119.46487808227539;2.3669866593660784;188;304;False;0;1;2;Lines;True;NaN
836;19218.1301652;95.02798461914062;96.65916442871094;417.47086334228516;119.41276931762695;2.3669866593660784;188;304;False;0;1;2;Lines;True;NaN
837;19218.1342958;94.08199310302734;96.60234832763672;417.08899688720703;119.70919799804688;2.3669866593660784;188;304;False;0;1;2;Lines;True;NaN
838;19218.1405143;94.7309341430664;96.83686828613281;417.0060272216797;119.70604705810547;2.3669866593660784;188;304;False;0;1;2;Lines;True;NaN
839;19218.1443902;94.54500579833984;95.76779174804688;416.58192443847656;119.35588455200195;2.3669866593660784;188;304;False;0;1;2;Lines;True;NaN
840;19218.1496064;94.27658081054688;95.8534164428711;417.4353675842285;119.27058792114258;2.3669866593660784;188;304;False;0;1;2;Lines;True;NaN
841;19218.1545127;95.30989837646484;96.2820053100586;417.5616874694824;119.44795608520508;2.3669866593660784;188;304;False;0;1;2;Lines;True;NaN
842;19218.1597005;94.709228515625;95.10801696777344;417.54800033569336;120.26092529296875;2.3669866593660784;188;304;False;0;1;2;Lines;True;NaN
843;19218.1647612;94.21900177001953;95.69075775146484;417.4364242553711;119.42898941040039;2.3669866593660784;188;304;False;0;1;2;Lines;True;NaN
844;19218.1697527;94.82954406738281;96.30054473876953;417.47359466552734;119.50753784179688;2.3669866593660784;188;304;False;0;1;2;Lines;True;NaN
845;19218.1749293;95.01485443115234;95.19530487060547;417.4872245788574;119.3072624206543;2.3669866593660784;188;304;False;0;1;2;Lines;True;NaN
846;19218.1799707;94.86868286132812;95.22529602050781;417.5019950866699;119.35205078125;2.3669866593660784;188;304;False;0;1;2;Lines;True;NaN
847;19218.1851265;93.73857879638672;95.55936431884766;417.12450408935547;119.4998664855957;2.3669866593660784;188;304;False;0;1;2;Lines;True;NaN
848;19218.1904128;94.31597137451172;95.72566223144531;417.0289421081543;120.45435333251953;2.3669866593660784;188;304;False;0;1;2;Lines;True;NaN
849;19218.1953433;94.56167602539062;95.33348083496094;417.51049041748047;119.34766387939453;2.3669866593660784;188;304;False;0;1;2;Lines;True;NaN
850;19218.2004995;95.296875;95.57038116455078;417.50890731811523;120.29365158081055;2.3669866593660784;188;304;False;0;1;2;Lines;True;NaN
851;19218.2063073;95.06967163085938;95.86907196044922;417.55136489868164;119.4030647277832;2.3669866593660784;188;304;False;0;1;2;Lines;True;NaN
852;19218.2104926;94.98104858398438;95.44503021240234;417.40073013305664;120.29124450683594;2.3669866593660784;188;304;False;0;1;2;Lines;True;NaN
853;19218.215622;93.72592163085938;95.90703582763672;416.95643615722656;120.39090347290039;2.3669866593660784;188;304;False;0;1;2;Lines;True;NaN
854;19218.2211242;94.97415161132812;95.42530059814453;417.4419403076172;120.26030349731445;2.1133171667255723;188;302;False;0;1;2;Lines;True;NaN
855;19218.2261566;94.84850311279297;95.89456939697266;417.51732635498047;120.37631225585938;2.3669866593660784;188;304;False;0;1;2;Lines;True;NaN
856;19218.2308153;94.5033187866211;95.97193145751953;417.4766616821289;120.31393051147461;2.3669866593660784;188;304;False;0;1;2;Lines;True;NaN
857;19218.2360197;94.78343963623047;95.16043090820312;417.4172592163086;119.3691291809082;2.3669866593660784;188;304;False;0;1;2;Lines;True;NaN
858;19218.2409509;94.53160095214844;95.83968353271484;417.38675689697266;120.09765625;2.3669866593660784;188;304;False;0;1;2;Lines;True;NaN
859;19218.2460278;94.63322448730469;95.56500244140625;417.38427734375;120.39736938476562;2.3669866593660784;188;304;False;0;1;2;Lines;True;NaN
860;19218.2515073;94.58773040771484;95.2887191772461;417.41543197631836;120.31718826293945;2.3669866593660784;188;304;False;0;1;2;Lines;True;NaN
861;19218.256317;94.71835327148438;95.65711212158203;417.4724578857422;120.38874435424805;2.3669866593660784;188;304;False;0;1;2;Lines;True;NaN
862;19218.2614648;94.93531036376953;95.46417236328125;417.4713592529297;119.31100845336914;2.3669866593660784;188;304;False;0;1;2;Lines;True;NaN
863;19218.266331;94.849853515625;96.85778045654297;417.5565872192383;119.98823928833008;2.3669866593660784;188;304;False;0;1;2;Lines;True;NaN
864;19218.271587;93.89486694335938;96.60475158691406;417.1641082763672;119.72028350830078;2.1133171667255723;188;302;False;0;1;2;Lines;True;NaN
865;19218.276847;94.32227325439453;96.31136322021484;417.49132919311523;119.50745391845703;2.3669866593660784;188;304;False;0;1;2;Lines;True;NaN
866;19218.28163;94.2494888305664;96.37893676757812;417.5672607421875;119.49956512451172;2.3669866593660784;188;304;False;0;1;2;Lines;True;NaN
867;19218.2868245;94.62525177001953;95.69200897216797;417.52137756347656;119.60954284667969;2.3669866593660784;188;304;False;0;1;2;Lines;True;NaN
868;19218.2918914;94.81832122802734;95.75337982177734;417.4541358947754;119.53154373168945;2.3669866593660784;188;304;False;0;1;2;Lines;True;NaN
869;19218.2969612;94.88546752929688;96.07549285888672;417.5255813598633;119.72689056396484;2.3669866593660784;188;304;False;0;1;2;Lines;True;NaN
870;19218.3019095;94.8575668334961;96.90795135498047;417.5211410522461;119.65588760375977;2.3669866593660784;188;304;False;0;1;2;Lines;True;NaN
871;19218.3071332;94.60074615478516;96.39047241210938;416.48896408081055;119.50654220581055;2.3669866593660784;188;304;False;0;1;2;Lines;True;NaN
872;19218.3127047;94.3067855834961;96.90557098388672;417.5354537963867;119.70507431030273;2.3669866593660784;188;304;False;0;1;2;Lines;True;NaN
873;19218.3178849;94.9245376586914;96.32612609863281;417.6093940734863;120.38346862792969;2.3669866593660784;188;304;False;0;1;2;Lines;True;NaN
874;19218.3226767;94.58618927001953;95.63147735595703;417.08784103393555;120.44015502929688;2.3669866593660784;188;304;False;0;1;2;Lines;True;NaN
875;19218.3274169;93.78801727294922;95.60355377197266;417.4554557800293;120.26912307739258;2.3669866593660784;188;304;False;0;1;2;Lines;True;NaN
876;19218.3325179;94.93041229248047;95.54180908203125;417.52722930908203;120.24060440063477;2.3669866593660784;188;304;False;0;1;2;Lines;True;NaN
877;19218.3375096;94.20703125;95.69524383544922;417.9912738800049;120.31255722045898;2.3669866593660784;188;304;False;0;1;2;Lines;True;NaN
878;19218.342549;94.7067642211914;96.27942657470703;417.3360710144043;120.5431022644043;2.3669866593660784;188;304;False;0;1;2;Lines;True;NaN
879;19218.3483536;94.78963470458984;96.16746520996094;417.46190643310547;120.41717529296875;2.3669866593660784;188;304;False;0;1;2;Lines;True;NaN
880;19218.3529077;94.4026870727539;95.807861328125;417.45095443725586;120.07734680175781;2.3669866593660784;188;304;False;0;1;2;Lines;True;NaN
881;19218.3579761;94.75547790527344;96.17835998535156;417.3310852050781;120.4540786743164;2.3669866593660784;188;304;False;0;1;2;Lines;True;NaN
882;19218.3631498;94.02272033691406;95.2092056274414;416.92952728271484;120.16717147827148;2.3669866593660784;188;304;False;0;1;2;Lines;True;NaN
883;19218.3681731;93.9327163696289;95.883544921875;417.4978141784668;120.48195266723633;2.3669866593660784;188;304;False;0;1;2;Lines;True;NaN
884;19218.3731879;94.98384094238281;95.81919860839844;417.46370697021484;120.39733123779297;2.3669866593660784;188;304;False;0;1;2;Lines;True;NaN
885;19218.378326;94.4460678100586;94.95680236816406;417.39204025268555;120.26113510131836;2.3669866593660784;188;304;False;0;1;2;Lines;True;NaN
886;19218.3833887;95.08893585205078;95.73234558105469;417.43825912475586;120.34912109375;2.3669866593660784;188;304;False;0;1;2;Lines;True;NaN
887;19218.3883998;94.90817260742188;95.93143463134766;417.349853515625;120.37843704223633;2.3669866593660784;188;304;False;0;1;2;Lines;True;NaN
888;19218.3941768;94.93745422363281;95.19918060302734;417.0499572753906;120.26244354248047;2.3669866593660784;188;304;False;0;1;2;Lines;True;NaN
889;19218.3986557;94.59130859375;95.84699249267578;416.9939956665039;120.11420059204102;2.3669866593660784;188;304;False;0;1;2;Lines;True;NaN
890;19218.4042923;94.90802001953125;95.83401489257812;417.50318145751953;120.35626983642578;2.3669866593660784;188;304;False;0;1;2;Lines;True;NaN
891;19218.408822;94.30805206298828;96.72776794433594;417.0231056213379;119.6333122253418;2.3669866593660784;188;304;False;0;1;2;Lines;True;NaN
892;19218.4138929;94.82503509521484;96.09886169433594;416.6778373718262;119.35647964477539;2.3669866593660784;188;304;False;0;1;2;Lines;True;NaN
893;19218.4188603;95.01255798339844;95.86363220214844;417.47714614868164;119.29387283325195;2.3669866593660784;188;304;False;0;1;2;Lines;True;NaN
894;19218.4239017;94.17191314697266;96.23019409179688;417.5843391418457;119.54574203491211;2.3669866593660784;188;304;False;0;1;2;Lines;True;NaN
895;19218.4289796;94.41433715820312;96.36565399169922;417.54853439331055;119.77822875976562;2.240162896311483;188;303;False;0;1;2;Lines;True;NaN
896;19218.4341104;94.44783782958984;96.5021743774414;417.4380760192871;119.49641418457031;2.240162896311483;188;303;False;0;1;2;Lines;True;NaN
897;19218.4398219;94.92477416992188;96.35718536376953;416.5479850769043;119.46835327148438;2.240162896311483;188;303;False;0;1;2;Lines;True;NaN
898;19218.4443044;94.74357604980469;96.47991180419922;417.43555450439453;119.53984832763672;2.3669866593660784;188;304;False;0;1;2;Lines;True;NaN
899;19218.4494241;94.70350646972656;95.63343048095703;416.6087532043457;119.29670333862305;2.3669866593660784;188;304;False;0;1;2;Lines;True;NaN
900;19218.4543789;94.9721450805664;96.15216064453125;416.5309181213379;119.6755485534668;1.9864507086157592;188;301;False;0;1;2;Lines;True;NaN
901;19218.4595471;94.53784942626953;96.48860168457031;417.627872467041;119.43708038330078;2.3669866593660784;188;304;False;0;1;2;Lines;True;NaN
902;19218.4647339;94.3225326538086;95.9852523803711;417.11603927612305;120.50090408325195;2.3669866593660784;188;304;False;0;1;2;Lines;True;NaN
903;19218.469792;94.9742660522461;96.01862335205078;417.5588493347168;120.31114196777344;2.3669866593660784;188;304;False;0;1;2;Lines;True;NaN
904;19218.4748528;94.73163604736328;95.39653015136719;417.3387985229492;120.25647735595703;2.3669866593660784;188;304;False;0;1;2;Lines;True;NaN
905;19218.4799242;94.62855529785156;96.2428970336914;417.42372131347656;120.65681076049805;2.3669866593660784;188;304;False;0;1;2;Lines;True;NaN
906;19218.4851961;94.67285919189453;96.11260223388672;417.4732437133789;120.34883117675781;2.3669866593660784;188;304;False;0;1;2;Lines;True;NaN
907;19218.4900205;94.63526153564453;95.94496154785156;417.43693923950195;120.46166229248047;2.3669866593660784;188;304;False;0;1;2;Lines;True;NaN
908;19218.4951712;94.60736846923828;95.95572662353516;417.47226333618164;120.38840866088867;2.3669866593660784;188;304;False;0;1;2;Lines;True;NaN
909;19218.5005383;94.4372329711914;95.35385131835938;417.3554000854492;120.30093383789062;2.3669866593660784;188;304;False;0;1;2;Lines;True;NaN
910;19218.5067924;94.27977752685547;95.58995819091797;418.06468963623047;120.16682052612305;2.3669866593660784;188;304;False;0;1;2;Lines;True;NaN
911;19218.5111804;94.32518768310547;95.70532989501953;416.9515800476074;120.2811050415039;2.3669866593660784;188;304;False;0;1;2;Lines;True;NaN
912;19218.5155341;94.38871765136719;95.80435943603516;417.41170501708984;120.35895538330078;2.3669866593660784;188;304;False;0;1;2;Lines;True;NaN
913;19218.5207091;94.35663604736328;95.75333404541016;417.4970359802246;120.30345153808594;2.3669866593660784;188;304;False;0;1;2;Lines;True;NaN
914;19218.5262364;94.73936462402344;95.75021362304688;417.5984115600586;120.33919525146484;2.3669866593660784;188;304;False;0;1;2;Lines;True;NaN
915;19218.5306686;94.45552062988281;95.30679321289062;417.50503158569336;120.16483306884766;2.3669866593660784;188;304;False;0;1;2;Lines;True;NaN
916;19218.5358735;94.27974700927734;95.64724731445312;417.42528533935547;120.24358367919922;2.3669866593660784;188;304;False;0;1;2;Lines;True;NaN
917;19218.5408321;95.01204681396484;95.68524169921875;417.5021057128906;119.46016693115234;2.3669866593660784;188;304;False;0;1;2;Lines;True;NaN
918;19218.5459137;94.6368637084961;95.39213562011719;417.5589904785156;120.21731185913086;1.9864507086157592;188;301;False;0;1;2;Lines;True;NaN
919;19218.5511147;94.86558532714844;95.27705383300781;417.53987884521484;119.33901596069336;2.3669866593660784;188;304;False;0;1;2;Lines;True;NaN
920;19218.5560585;94.71637725830078;95.97769927978516;417.0449409484863;120.47750473022461;2.3669866593660784;188;304;False;0;1;2;Lines;True;NaN
921;19218.561254;94.67967224121094;95.4654769897461;417.49800872802734;120.06830978393555;2.3669866593660784;188;304;False;0;1;2;Lines;True;NaN
922;19218.5663238;94.6224136352539;96.1910171508789;418.06711196899414;119.76165771484375;2.3669866593660784;188;304;False;0;1;2;Lines;True;NaN
923;19218.5713746;94.36152648925781;96.19770050048828;417.6353569030762;119.55509185791016;2.3669866593660784;188;304;False;0;1;2;Lines;True;NaN
924;19218.5765294;94.79905700683594;97.00809478759766;417.48418045043945;119.84752655029297;2.3669866593660784;188;304;False;0;1;2;Lines;True;NaN
925;19218.5816283;94.34791564941406;96.29852294921875;417.45165634155273;119.6984748840332;2.240162896311483;188;303;False;0;1;2;Lines;True;NaN
926;19218.5866339;94.06858825683594;95.26510620117188;417.71735763549805;120.10921096801758;2.3669866593660784;188;304;False;0;1;2;Lines;True;NaN
927;19218.5925749;94.98716735839844;96.46186828613281;417.53520584106445;119.69570922851562;2.3669866593660784;188;304;False;0;1;2;Lines;True;NaN
928;19218.5979222;93.8135757446289;95.38273620605469;417.5440979003906;120.06371307373047;1.9864507086157592;188;301;False;0;1;2;Lines;True;NaN
929;19218.6040602;94.35875701904297;96.43978881835938;417.5874443054199;119.77320098876953;2.240162896311483;188;303;False;0;1;2;Lines;True;NaN
930;19218.6079299;94.70514678955078;96.05555725097656;417.5464668273926;120.3453598022461;2.3669866593660784;188;304;False;0;1;2;Lines;True;NaN
931;19218.6120818;94.6507339477539;95.20086669921875;417.07777404785156;119.3797378540039;1.9864507086157592;188;301;False;0;1;2;Lines;True;NaN
932;19218.6170718;94.19517517089844;95.8589859008789;417.1152534484863;120.42255401611328;2.3669866593660784;188;304;False;0;1;2;Lines;True;NaN
933;19218.6221236;95.0514144897461;95.59563446044922;417.4939613342285;120.29392623901367;2.3669866593660784;188;304;False;0;1;2;Lines;True;NaN
934;19218.62718;94.60145568847656;96.26649475097656;417.42385482788086;120.67160034179688;2.240162896311483;188;303;False;0;1;2;Lines;True;NaN
935;19218.6322906;94.7829360961914;95.9886474609375;417.2966537475586;120.34637832641602;2.3669866593660784;188;304;False;0;1;2;Lines;True;NaN
936;19218.6373759;94.88748168945312;95.98101043701172;417.3902282714844;120.3049087524414;2.3669866593660784;188;304;False;0;1;2;Lines;True;NaN
937;19218.6424462;94.51934051513672;96.31976318359375;417.46953201293945;120.41266632080078;2.493787219171683;188;305;False;0;1;2;Lines;True;NaN
938;19218.6476181;94.83319854736328;96.1063003540039;417.464168548584;120.32773971557617;2.3669866593660784;188;304;False;0;1;2;Lines;True;NaN
939;19218.6527827;94.61493682861328;96.01630401611328;417.4911003112793;120.35383224487305;2.3669866593660784;188;304;False;0;1;2;Lines;True;NaN
940;19218.6577754;94.2448501586914;95.71847534179688;417.44460678100586;120.29355239868164;1.9864507086157592;188;301;False;0;1;2;Lines;True;NaN
941;19218.6627743;94.75205993652344;95.44369506835938;417.27972412109375;120.11791610717773;2.3669866593660784;188;304;False;0;1;2;Lines;True;NaN
942;19218.6679396;94.5695571899414;95.17304992675781;417.4668655395508;120.30474853515625;2.3669866593660784;188;304;False;0;1;2;Lines;True;NaN
943;19218.6730314;95.24951934814453;96.14693450927734;417.4397621154785;120.30143356323242;2.3669866593660784;188;304;False;0;1;2;Lines;True;NaN
944;19218.6782609;94.61932373046875;95.45378112792969;417.50164794921875;119.39718627929688;2.3669866593660784;188;304;False;0;1;2;Lines;True;NaN
945;19218.6831709;94.62349700927734;95.95114135742188;417.00704193115234;120.28961181640625;2.3669866593660784;188;304;False;0;1;2;Lines;True;NaN
946;19218.688708;95.07926940917969;95.78217315673828;417.58229064941406;120.06367874145508;2.240162896311483;188;303;False;0;1;2;Lines;True;NaN
947;19218.6956303;94.7251205444336;96.37812042236328;417.4961929321289;119.60335159301758;2.3669866593660784;188;304;False;0;1;2;Lines;True;NaN
948;19218.6986399;94.72342681884766;95.96031951904297;417.46772384643555;119.58240127563477;1.9864507086157592;188;301;False;0;1;2;Lines;True;NaN
949;19218.7035677;94.6455078125;95.97699737548828;416.6225700378418;119.36856079101562;2.3669866593660784;188;304;False;0;1;2;Lines;True;NaN
950;19218.7084923;94.61707305908203;96.3079605102539;417.4859199523926;119.49625015258789;2.3669866593660784;188;304;False;0;1;2;Lines;True;NaN
951;19218.7135896;94.96879577636719;96.75109100341797;417.53808975219727;119.61859893798828;2.3669866593660784;188;304;False;0;1;2;Lines;True;NaN
952;19218.7187366;94.5633773803711;96.04121398925781;416.9615669250488;119.41958618164062;2.3669866593660784;188;304;False;0;1;2;Lines;True;NaN
953;19218.7240212;94.63848114013672;95.7529067993164;417.42900466918945;119.39224624633789;2.1133171667255723;188;302;False;0;1;2;Lines;True;NaN
954;19218.7287848;94.5736083984375;96.01077270507812;417.5906105041504;119.28739547729492;2.3669866593660784;188;304;False;0;1;2;Lines;True;NaN
955;19218.7339003;94.79955291748047;95.86150360107422;417.5538444519043;120.43014526367188;2.3669866593660784;188;304;False;0;1;2;Lines;True;NaN
956;19218.7389582;94.40394592285156;95.27123260498047;417.498348236084;119.2894515991211;2.3669866593660784;188;304;False;0;1;2;Lines;True;NaN
957;19218.7442051;94.58832550048828;96.17254638671875;417.5584487915039;120.32062530517578;2.3669866593660784;188;304;False;0;1;2;Lines;True;NaN
958;19218.7492893;94.80496978759766;96.27862548828125;417.53227615356445;120.33772277832031;2.3669866593660784;188;304;False;0;1;2;Lines;True;NaN
959;19218.7543839;94.19013214111328;95.52476501464844;417.53040313720703;120.1786003112793;1.9864507086157592;188;301;False;0;1;2;Lines;True;NaN
960;19218.7594507;94.91570281982422;96.21590423583984;417.51024627685547;120.31058120727539;2.3669866593660784;188;304;False;0;1;2;Lines;True;NaN
961;19218.7646562;94.7720718383789;96.16484832763672;417.1442985534668;120.37704849243164;2.3669866593660784;188;304;False;0;1;2;Lines;True;NaN
962;19218.7696316;94.80685424804688;95.30944061279297;417.08416748046875;120.1212158203125;2.3669866593660784;188;304;False;0;1;2;Lines;True;NaN
963;19218.7750008;95.05955505371094;95.91312408447266;417.52333068847656;120.37315368652344;1.9864507086157592;188;301;False;0;1;2;Lines;True;NaN
964;19218.7797534;93.89140319824219;95.29957580566406;417.4262046813965;119.33301162719727;2.3669866593660784;188;304;False;0;1;2;Lines;True;NaN
965;19218.7856421;94.93148803710938;96.19510650634766;417.5578727722168;120.30965423583984;2.3669866593660784;188;304;False;0;1;2;Lines;True;NaN
966;19218.7899044;95.1828384399414;95.94308471679688;417.5680046081543;120.30545043945312;2.3669866593660784;188;304;False;0;1;2;Lines;True;NaN
967;19218.7964762;94.33734130859375;95.28529357910156;417.5063819885254;119.32655334472656;2.3669866593660784;188;304;False;0;1;2;Lines;True;NaN
968;19218.800545;94.90998077392578;95.779541015625;417.42270278930664;120.24861526489258;2.3669866593660784;188;304;False;0;1;2;Lines;True;NaN
969;19218.8052317;94.64529418945312;95.81919860839844;417.61230850219727;120.23607635498047;2.3669866593660784;188;304;False;0;1;2;Lines;True;NaN
970;19218.8102017;94.77249145507812;95.44371795654297;417.36328506469727;120.12017440795898;2.3669866593660784;188;304;False;0;1;2;Lines;True;NaN
971;19218.815256;94.74092864990234;96.04492950439453;417.02657318115234;120.35818099975586;2.3669866593660784;188;304;False;0;1;2;Lines;True;NaN
972;19218.8203344;94.3984146118164;96.02478790283203;417.60644912719727;119.34204864501953;2.3669866593660784;188;304;False;0;1;2;Lines;True;NaN
973;19218.8254378;94.01880645751953;96.72193145751953;417.0890350341797;119.56454467773438;2.3669866593660784;188;304;False;0;1;2;Lines;True;NaN
974;19218.8305759;94.53319549560547;95.6271743774414;417.5321731567383;120.08441925048828;2.3669866593660784;188;304;False;0;1;2;Lines;True;NaN
975;19218.8355331;94.79200744628906;95.81807708740234;417.47483825683594;119.52946090698242;2.3669866593660784;188;304;False;0;1;2;Lines;True;NaN
976;19218.8406558;94.38948059082031;96.08911895751953;417.00106048583984;119.42398452758789;2.3669866593660784;188;304;False;0;1;2;Lines;True;NaN
977;19218.8458294;94.68695831298828;96.28014373779297;417.03674697875977;119.35254287719727;1.9864507086157592;188;301;False;0;1;2;Lines;True;NaN
978;19218.8514926;94.47544860839844;95.98928833007812;417.0088348388672;120.2302360534668;1.6057393610483632;188;298;False;0;1;2;Lines;True;NaN
979;19218.8560939;94.44219970703125;95.94461822509766;417.6359100341797;120.23481369018555;2.1133171667255723;188;302;False;0;1;2;Lines;True;NaN
980;19218.8625634;94.07787322998047;96.79979705810547;417.4984245300293;120.40032577514648;2.3669866593660784;188;304;False;0;1;2;Lines;True;NaN
981;19218.8674289;94.48892211914062;96.26010131835938;417.51869201660156;119.50278854370117;2.3669866593660784;188;304;False;0;1;2;Lines;True;NaN
982;19218.8712775;94.62349700927734;96.15736389160156;416.96103286743164;120.31118774414062;2.3669866593660784;188;304;False;0;1;2;Lines;True;NaN
983;19218.876378;94.21345520019531;95.18291473388672;417.00453186035156;119.31034469604492;1.7326605648701625;188;299;False;0;1;2;Lines;True;NaN
984;19218.8813187;94.84423065185547;95.40569305419922;417.4610595703125;120.29895401000977;1.9864507086157592;188;301;False;0;1;2;Lines;True;NaN
985;19218.8863543;93.86853790283203;95.24890899658203;417.3597602844238;120.12515258789062;2.3669866593660784;188;304;False;0;1;2;Lines;True;NaN
986;19218.8916079;94.93537139892578;96.13774108886719;417.4528045654297;120.30683898925781;2.3669866593660784;188;304;False;0;1;2;Lines;True;NaN
987;19218.8965363;94.5317611694336;95.757080078125;417.47645568847656;119.44681549072266;2.3669866593660784;188;304;False;0;1;2;Lines;True;NaN
988;19218.9016991;94.68216705322266;95.6543197631836;417.4873504638672;120.35697937011719;2.3669866593660784;188;304;False;0;1;2;Lines;True;NaN
989;19218.9067998;95.29886627197266;95.62738037109375;417.5398254394531;120.43146896362305;2.3669866593660784;188;304;False;0;1;2;Lines;True;NaN
990;19218.9119161;94.70689392089844;95.2491455078125;417.37388610839844;119.31192016601562;2.3669866593660784;188;304;False;0;1;2;Lines;True;NaN
991;19218.9169708;94.85709381103516;95.40514373779297;417.4550971984863;120.25974655151367;2.3669866593660784;188;304;False;0;1;2;Lines;True;NaN
992;19218.9221167;94.59931182861328;95.82347869873047;417.4971618652344;120.4142074584961;2.3669866593660784;188;304;False;0;1;2;Lines;True;NaN
993;19218.9270656;94.44390869140625;95.42632293701172;417.55896759033203;120.21507263183594;2.3669866593660784;188;304;False;0;1;2;Lines;True;NaN
994;19218.9322551;94.35388946533203;95.7181396484375;417.51526260375977;120.47059631347656;2.3669866593660784;188;304;False;0;1;2;Lines;True;NaN
995;19218.9371897;95.08415222167969;96.12548828125;417.59095764160156;120.34566116333008;2.3669866593660784;188;304;False;0;1;2;Lines;True;NaN
996;19218.9424523;94.59173583984375;96.11257934570312;417.4930725097656;120.40090560913086;2.3669866593660784;188;304;False;0;1;2;Lines;True;NaN
997;19218.9473346;94.74273681640625;95.43736267089844;417.52359771728516;120.2360954284668;2.3669866593660784;188;304;False;0;1;2;Lines;True;NaN
998;19218.9530208;94.57039642333984;95.25623321533203;417.1253433227539;120.13961029052734;2.3669866593660784;188;304;False;0;1;2;Lines;True;NaN
999;19218.9593251;93.8747787475586;96.32744598388672;417.0480842590332;119.58006286621094;2.3669866593660784;188;304;False;0;1;2;Lines;True;NaN
1000;19218.9633299;94.78741455078125;95.22837829589844;417.48249435424805;119.34357070922852;2.3669866593660784;188;304;False;0;1;2;Lines;True;NaN
1001;19218.968123;94.96417999267578;95.80474090576172;417.60058975219727;119.45277404785156;2.3669866593660784;188;304;False;0;1;2;Lines;True;NaN
1002;19218.973053;93.80500793457031;95.55886840820312;417.1405487060547;120.15576171875;2.3669866593660784;188;304;False;0;1;2;Lines;True;NaN
1003;19218.9781699;95.00653076171875;96.84781646728516;417.4317169189453;119.69955825805664;2.3669866593660784;188;304;False;0;1;2;Lines;True;NaN
1004;19218.9828969;95.09603881835938;95.36946868896484;417.43415451049805;119.37307357788086;2.3669866593660784;188;304;False;0;1;2;Lines;True;NaN
1005;19218.9880592;94.91061401367188;95.75450897216797;417.4671401977539;120.31072235107422;1.9864507086157592;188;301;False;0;1;2;Lines;True;NaN
1006;19218.993395;94.63365936279297;95.72203826904297;417.10847091674805;120.31487655639648;2.3669866593660784;188;304;False;0;1;2;Lines;True;NaN
1007;19218.9983519;94.66963195800781;95.62275695800781;417.50658416748047;119.52429962158203;2.3669866593660784;188;304;False;0;1;2;Lines;True;NaN
1008;19219.0032552;94.65416717529297;95.19544982910156;417.48520278930664;119.31190872192383;1.2248861336786305;188;295;False;0;1;2;Lines;True;NaN
1009;19219.0084688;94.18580627441406;95.97846984863281;417.5993003845215;120.47456359863281;2.3669866593660784;188;304;False;0;1;2;Lines;True;NaN
1010;19219.0135245;93.72563171386719;95.82221221923828;417.07593154907227;120.4150505065918;2.3669866593660784;188;304;False;0;1;2;Lines;True;NaN
1011;19219.0185569;94.7166976928711;95.82275390625;417.4998588562012;120.46170043945312;2.3669866593660784;188;304;False;0;1;2;Lines;True;NaN
1012;19219.0237268;95.19794464111328;96.10488891601562;417.52981185913086;119.31385803222656;2.3669866593660784;188;304;False;0;1;2;Lines;True;NaN
1013;19219.0287013;94.94974517822266;95.56718444824219;417.49288177490234;119.94270706176758;2.3669866593660784;188;304;False;0;1;2;Lines;True;NaN
1014;19219.0338738;94.41666412353516;95.81901550292969;417.55331802368164;120.35871124267578;2.3669866593660784;188;304;False;0;1;2;Lines;True;NaN
1015;19219.0390117;94.95816802978516;96.36746215820312;417.388484954834;120.50235366821289;2.3669866593660784;188;304;False;0;1;2;Lines;True;NaN
1016;19219.0442535;94.53092956542969;95.73002624511719;417.46550369262695;120.32740020751953;2.3669866593660784;188;304;False;0;1;2;Lines;True;NaN
1017;19219.0491145;94.34752655029297;95.86076354980469;417.56947326660156;119.55904388427734;2.3669866593660784;188;304;False;0;1;2;Lines;True;NaN
1018;19219.0553492;94.5653076171875;95.72362518310547;417.0188674926758;120.2779769897461;2.3669866593660784;188;304;False;0;1;2;Lines;True;NaN
1019;19219.059457;94.04232025146484;95.8202133178711;417.5227394104004;120.3797721862793;2.3669866593660784;188;304;False;0;1;2;Lines;True;NaN
1020;19219.0651331;94.54902648925781;95.85527801513672;417.0259132385254;120.44795608520508;2.3669866593660784;188;304;False;0;1;2;Lines;True;NaN
1021;19219.0694271;94.43050384521484;95.6631088256836;417.53638458251953;120.3876838684082;2.3669866593660784;188;304;False;0;1;2;Lines;True;NaN
1022;19219.0744302;94.02213287353516;95.16047668457031;417.4973793029785;120.10233688354492;2.3669866593660784;188;304;False;0;1;2;Lines;True;NaN
1023;19219.0794994;95.0252456665039;95.65150451660156;417.43827056884766;120.48812103271484;2.3669866593660784;188;304;False;0;1;2;Lines;True;NaN
1024;19219.084612;94.8379898071289;95.74109649658203;417.6175842285156;120.33454895019531;2.3669866593660784;188;304;False;0;1;2;Lines;True;NaN
1025;19219.0906601;94.5562744140625;95.63198852539062;417.5316925048828;120.16057205200195;2.3669866593660784;188;304;False;0;1;2;Lines;True;NaN
1026;19219.0947203;94.32437133789062;96.09977722167969;417.4630546569824;119.37284469604492;2.3669866593660784;188;304;False;0;1;2;Lines;True;NaN
1027;19219.0998397;95.18927001953125;95.77879333496094;417.6611137390137;119.74496459960938;2.3669866593660784;188;304;False;0;1;2;Lines;True;NaN
1028;19219.1048945;94.45193481445312;95.99432373046875;417.4792594909668;120.3817367553711;2.3669866593660784;188;304;False;0;1;2;Lines;True;NaN
1029;19219.1100913;94.166748046875;96.24235534667969;417.6922073364258;119.55169677734375;2.3669866593660784;188;304;False;0;1;2;Lines;True;NaN
1030;19219.1152369;94.51069641113281;95.70404052734375;417.26158905029297;120.33151245117188;2.3669866593660784;188;304;False;0;1;2;Lines;True;NaN
1031;19219.1202598;94.92269897460938;95.68072509765625;417.4877624511719;119.51929473876953;2.3669866593660784;188;304;False;0;1;2;Lines;True;NaN
1032;19219.1253438;94.68460845947266;95.91560363769531;417.53651428222656;119.60213851928711;2.3669866593660784;188;304;False;0;1;2;Lines;True;NaN
1033;19219.1304571;94.60181427001953;95.97467803955078;417.10588455200195;120.42615127563477;2.3669866593660784;188;304;False;0;1;2;Lines;True;NaN
1034;19219.1359054;94.41586303710938;95.66305541992188;417.5183982849121;119.3123893737793;2.3669866593660784;188;304;False;0;1;2;Lines;True;NaN
1035;19219.1406226;95.07201385498047;96.09626770019531;417.49620056152344;120.62031936645508;2.3669866593660784;188;304;False;0;1;2;Lines;True;NaN
1036;19219.1456229;94.93470764160156;95.41813659667969;417.4660186767578;120.01792526245117;2.3669866593660784;188;304;False;0;1;2;Lines;True;NaN
1037;19219.1506521;94.4504623413086;96.12798309326172;417.5126075744629;120.36395645141602;2.3669866593660784;188;304;False;0;1;2;Lines;True;NaN
1038;19219.1566681;93.74884033203125;95.34042358398438;417.0281219482422;120.2672004699707;2.3669866593660784;188;304;False;0;1;2;Lines;True;NaN
1039;19219.1612747;94.34297180175781;96.69607543945312;417.561710357666;120.4514389038086;2.3669866593660784;188;304;False;0;1;2;Lines;True;NaN
1040;19219.165862;94.99121856689453;95.58106994628906;417.51952362060547;120.25386428833008;2.3669866593660784;188;304;False;0;1;2;Lines;True;NaN
1041;19219.1710567;94.97080993652344;95.75504302978516;417.4496192932129;120.44879913330078;2.3669866593660784;188;304;False;0;1;2;Lines;True;NaN
1042;19219.1760937;94.75765991210938;96.03306579589844;417.6141662597656;120.07537841796875;2.3669866593660784;188;304;False;0;1;2;Lines;True;NaN
1043;19219.1811961;95.19639587402344;95.81610870361328;416.6034736633301;120.29325103759766;2.3669866593660784;188;304;False;0;1;2;Lines;True;NaN
1044;19219.1869365;94.4037094116211;96.35722351074219;417.5147361755371;119.52001571655273;2.3669866593660784;188;304;False;0;1;2;Lines;True;NaN
1045;19219.1913164;94.19812774658203;95.94461822509766;416.9928436279297;119.59501647949219;2.3669866593660784;188;304;False;0;1;2;Lines;True;NaN
1046;19219.1965481;93.89120483398438;95.81935119628906;417.4705276489258;120.48454284667969;1.7326605648701625;188;299;False;0;1;2;Lines;True;NaN
1047;19219.2016222;94.8289794921875;96.34965515136719;417.5184440612793;119.49942016601562;2.3669866593660784;188;304;False;0;1;2;Lines;True;NaN
1048;19219.2067349;94.85394287109375;95.61092376708984;417.46530532836914;120.25673294067383;2.3669866593660784;188;304;False;0;1;2;Lines;True;NaN
1049;19219.2116827;94.81087493896484;95.86056518554688;417.4869384765625;119.51292037963867;2.3669866593660784;188;304;False;0;1;2;Lines;True;NaN
1050;19219.2168811;94.9364013671875;95.94686889648438;417.45398330688477;120.32941436767578;2.3669866593660784;188;304;False;0;1;2;Lines;True;NaN
1051;19219.221939;94.42664337158203;95.90574645996094;417.5461082458496;120.33187484741211;2.3669866593660784;188;304;False;0;1;2;Lines;True;NaN
1052;19219.2270724;94.60459899902344;96.75956726074219;417.12313079833984;119.66787719726562;1.7326605648701625;188;299;False;0;1;2;Lines;True;NaN
1053;19219.2332102;94.15501403808594;95.80818176269531;417.5728225708008;120.43909454345703;2.3669866593660784;188;304;False;0;1;2;Lines;True;NaN
1054;19219.2369837;94.09228515625;96.41404724121094;417.57290267944336;119.5777359008789;2.3669866593660784;188;304;False;0;1;2;Lines;True;NaN
1055;19219.2428887;94.8314208984375;96.7296371459961;417.0778160095215;119.73878860473633;1.9864507086157592;188;301;False;0;1;2;Lines;True;NaN
1056;19219.2499296;94.72550964355469;96.41167449951172;417.3295364379883;119.4766731262207;2.3669866593660784;188;304;False;0;1;2;Lines;True;NaN
1057;19219.2529973;94.766845703125;96.73590087890625;417.44083404541016;119.65565490722656;1.6057393610483632;188;298;False;0;1;2;Lines;True;NaN
1058;19219.2587606;94.67180633544922;95.53768157958984;417.54833984375;119.48507690429688;2.3669866593660784;188;304;False;0;1;2;Lines;True;NaN
1059;19219.2627057;94.5146484375;96.0848159790039;417.4734344482422;119.51751327514648;2.3669866593660784;188;304;False;0;1;2;Lines;True;NaN
1060;19219.2676065;94.8213882446289;95.83045959472656;417.1399803161621;119.47231674194336;2.3669866593660784;188;304;False;0;1;2;Lines;True;NaN
1061;19219.2726664;95.06486511230469;96.24622344970703;417.5158042907715;119.53584289550781;2.3669866593660784;188;304;False;0;1;2;Lines;True;NaN
1062;19219.2778749;94.89625549316406;95.61241149902344;417.4484176635742;120.06759643554688;2.3669866593660784;188;304;False;0;1;2;Lines;True;NaN
1063;19219.2828491;94.64083862304688;95.11986541748047;417.02757263183594;119.26615905761719;2.3669866593660784;188;304;False;0;1;2;Lines;True;NaN
1064;19219.2878578;94.12875366210938;95.68901062011719;417.49658203125;120.1131706237793;2.3669866593660784;188;304;False;0;1;2;Lines;True;NaN
1065;19219.2930459;94.32437896728516;95.61681365966797;416.951473236084;120.43354415893555;2.3669866593660784;188;304;False;0;1;2;Lines;True;NaN
1066;19219.2981094;95.19979858398438;95.73262023925781;416.5022277832031;119.41122436523438;2.3669866593660784;188;304;False;0;1;2;Lines;True;NaN
1067;19219.3032363;95.1907730102539;95.64277648925781;417.4161376953125;119.37710952758789;2.3669866593660784;188;304;False;0;1;2;Lines;True;NaN
1068;19219.308342;94.63533020019531;95.7176284790039;417.61628341674805;120.15140914916992;2.3669866593660784;188;304;False;0;1;2;Lines;True;NaN
1069;19219.3134042;93.96782684326172;96.37133026123047;417.1095390319824;119.4656867980957;1.9864507086157592;188;301;False;0;1;2;Lines;True;NaN
1070;19219.3184536;94.68958282470703;95.8707504272461;417.52201080322266;120.36833953857422;2.3669866593660784;188;304;False;0;1;2;Lines;True;NaN
1071;19219.3234455;94.91435241699219;95.97479248046875;417.46571350097656;119.4640007019043;2.3669866593660784;188;304;False;0;1;2;Lines;True;NaN
1072;19219.328524;95.1890869140625;95.9824447631836;417.55259704589844;120.3646011352539;2.1133171667255723;188;302;False;0;1;2;Lines;True;NaN
1073;19219.333562;94.12786865234375;96.79533386230469;417.0733070373535;119.68315505981445;2.3669866593660784;188;304;False;0;1;2;Lines;True;NaN
1074;19219.3396296;93.98246002197266;95.50951385498047;416.9971809387207;120.2845573425293;2.3669866593660784;188;304;False;0;1;2;Lines;True;NaN
1075;19219.3439818;94.28280639648438;95.91032409667969;417.0153160095215;120.36583709716797;1.6057393610483632;188;298;False;0;1;2;Lines;True;NaN
1076;19219.3510026;94.10224151611328;95.48324584960938;417.4202308654785;120.21191787719727;2.3669866593660784;188;304;False;0;1;2;Lines;True;NaN
1077;19219.3539214;94.29493713378906;95.56520080566406;417.50878143310547;120.45058822631836;2.3669866593660784;188;304;False;0;1;2;Lines;True;NaN
1078;19219.3590325;94.33927917480469;95.23442840576172;417.0652618408203;120.20853805541992;2.3669866593660784;188;304;False;0;1;2;Lines;True;NaN
1079;19219.3639871;94.77587890625;95.88280487060547;417.5244827270508;119.3076171875;2.3669866593660784;188;304;False;0;1;2;Lines;True;NaN
1080;19219.3691334;94.47899627685547;96.23255157470703;417.3864097595215;119.53435134887695;2.3669866593660784;188;304;False;0;1;2;Lines;True;NaN
1081;19219.3741864;93.97358703613281;96.40283203125;417.5162124633789;119.33649063110352;2.3669866593660784;188;304;False;0;1;2;Lines;True;NaN
1082;19219.3793786;94.58882904052734;96.16088104248047;417.4777030944824;119.64625549316406;2.3669866593660784;188;304;False;0;1;2;Lines;True;NaN
1083;19219.384452;94.82817840576172;96.16839599609375;417.5512237548828;119.4875373840332;2.3669866593660784;188;304;False;0;1;2;Lines;True;NaN
1084;19219.3895852;94.32579040527344;95.94703674316406;417.4981002807617;119.64690780639648;2.3669866593660784;188;304;False;0;1;2;Lines;True;NaN
1085;19219.3947082;94.17832946777344;96.47970581054688;417.0995979309082;119.63673400878906;2.240162896311483;188;303;False;0;1;2;Lines;True;NaN
1086;19219.3997345;94.81507873535156;96.3545150756836;417.48454666137695;119.5499153137207;2.3669866593660784;188;304;False;0;1;2;Lines;True;NaN
1087;19219.4048714;94.74846649169922;96.0952377319336;417.52368545532227;119.59555435180664;2.3669866593660784;188;304;False;0;1;2;Lines;True;NaN
1088;19219.4099088;94.07793426513672;95.96076965332031;417.53115463256836;120.32798385620117;2.3669866593660784;188;304;False;0;1;2;Lines;True;NaN
1089;19219.414988;95.02145385742188;96.06397247314453;417.46279525756836;119.4755630493164;2.3669866593660784;188;304;False;0;1;2;Lines;True;NaN
1090;19219.4208419;94.74211883544922;96.36831665039062;417.47044372558594;119.56744766235352;2.3669866593660784;188;304;False;0;1;2;Lines;True;NaN
1091;19219.4252109;94.23926544189453;96.06720733642578;417.62913513183594;120.20592498779297;2.3669866593660784;188;304;False;0;1;2;Lines;True;NaN
1092;19219.4311938;93.58222961425781;96.5789566040039;417.0791206359863;119.7021484375;2.3669866593660784;188;304;False;0;1;2;Lines;True;NaN
1093;19219.4359654;94.89700317382812;95.48131561279297;417.06739044189453;119.44585037231445;1.8595647612071242;188;300;False;0;1;2;Lines;True;NaN
1094;19219.4404853;94.19725799560547;95.45336151123047;417.0196762084961;119.5119400024414;2.3669866593660784;188;304;False;0;1;2;Lines;True;NaN
1095;19219.4461021;94.7635498046875;95.8104476928711;417.4925003051758;120.40771865844727;1.351850901653578;188;296;False;0;1;2;Lines;True;NaN
1096;19219.4505988;94.98342895507812;95.59066009521484;417.47957611083984;120.15413665771484;2.3669866593660784;188;304;False;0;1;2;Lines;True;NaN
1097;19219.4555236;94.33414459228516;95.70140075683594;417.5497856140137;120.38502502441406;2.3669866593660784;188;304;False;0;1;2;Lines;True;NaN
1098;19219.4607535;94.77156829833984;95.38834381103516;417.4555358886719;120.26921081542969;2.3669866593660784;188;304;False;0;1;2;Lines;True;NaN
1099;19219.4657604;93.90388488769531;95.79642486572266;417.115535736084;120.11510467529297;2.3669866593660784;188;304;False;0;1;2;Lines;True;NaN
1100;19219.471859;94.31217193603516;95.66564178466797;417.4565124511719;120.12360382080078;1.9864507086157592;188;301;False;0;1;2;Lines;True;NaN
1101;19219.4759375;93.53264617919922;95.31999969482422;417.064266204834;119.37710571289062;2.3669866593660784;188;304;False;0;1;2;Lines;True;NaN
1102;19219.4810043;94.09440612792969;95.18856048583984;417.0569496154785;119.3228759765625;2.3669866593660784;188;304;False;0;1;2;Lines;True;NaN
1103;19219.4861282;94.25714111328125;95.41712951660156;417.4634895324707;120.36260986328125;2.3669866593660784;188;304;False;0;1;2;Lines;True;NaN
1104;19219.4911434;94.31014251708984;96.39976501464844;417.51001739501953;120.40694427490234;2.3669866593660784;188;304;False;0;1;2;Lines;True;NaN
1105;19219.4962147;94.73522186279297;95.98867797851562;417.44852447509766;120.3424301147461;2.3669866593660784;188;304;False;0;1;2;Lines;True;NaN
1106;19219.5015092;94.49909210205078;96.07525634765625;417.0596122741699;120.37929153442383;2.3669866593660784;188;304;False;0;1;2;Lines;True;NaN
1107;19219.5064649;94.56307220458984;96.54551696777344;417.3859558105469;119.54192733764648;1.7326605648701625;188;299;False;0;1;2;Lines;True;NaN
1108;19219.51155;94.11422729492188;95.60458374023438;417.3964157104492;120.06714248657227;2.3669866593660784;188;304;False;0;1;2;Lines;True;NaN
1109;19219.5167403;94.43852996826172;95.67398071289062;417.5473976135254;120.39193344116211;2.3669866593660784;188;304;False;0;1;2;Lines;True;NaN
1110;19219.5217511;94.74604797363281;96.24874114990234;417.4624786376953;119.52603530883789;2.1133171667255723;188;302;False;0;1;2;Lines;True;NaN
1111;19219.5266418;95.01176452636719;96.40401458740234;417.4637260437012;119.77481079101562;2.1133171667255723;188;302;False;0;1;2;Lines;True;NaN
1112;19219.5323777;93.68578338623047;96.01056671142578;417.67780685424805;119.4037971496582;1.9864507086157592;188;301;False;0;1;2;Lines;True;NaN
1113;19219.5375867;95.0147933959961;96.3482894897461;417.5792655944824;120.46020889282227;2.3669866593660784;188;304;False;0;1;2;Lines;True;NaN
1114;19219.5430945;94.3072738647461;96.09078979492188;417.5453567504883;119.44709777832031;2.3669866593660784;188;304;False;0;1;2;Lines;True;NaN
1115;19219.5476214;94.76704406738281;96.47032165527344;417.54882431030273;119.81886672973633;2.240162896311483;188;303;False;0;1;2;Lines;True;NaN
1116;19219.5520928;94.33053588867188;96.53223419189453;417.58437728881836;119.62397766113281;2.3669866593660784;188;304;False;0;1;2;Lines;True;NaN
1117;19219.5571329;94.65853118896484;96.41455841064453;417.52381134033203;119.70122146606445;2.3669866593660784;188;304;False;0;1;2;Lines;True;NaN
1118;19219.5622405;94.5050048828125;95.97065734863281;417.4581832885742;120.35323715209961;2.3669866593660784;188;304;False;0;1;2;Lines;True;NaN
1119;19219.567732;94.14310455322266;96.7457275390625;417.02456283569336;119.63542175292969;1.9864507086157592;188;301;False;0;1;2;Lines;True;NaN
1120;19219.5725276;94.16326904296875;96.79825592041016;417.0609550476074;119.66337585449219;2.3669866593660784;188;304;False;0;1;2;Lines;True;NaN
1121;19219.5775276;94.4093017578125;96.00991821289062;417.5443801879883;120.29386901855469;2.3669866593660784;188;304;False;0;1;2;Lines;True;NaN
1122;19219.5828488;93.97799682617188;96.5160140991211;417.58966064453125;119.46561813354492;2.3669866593660784;188;304;False;0;1;2;Lines;True;NaN
1123;19219.5877036;94.07884979248047;95.56375122070312;417.02954864501953;120.31232070922852;2.493787219171683;188;305;False;0;1;2;Lines;True;NaN
1124;19219.5929051;94.52890014648438;95.38383483886719;417.00817108154297;120.2681770324707;2.3669866593660784;188;304;False;0;1;2;Lines;True;NaN
1125;19219.5980583;94.53092956542969;96.10526275634766;417.46550369262695;120.37894821166992;2.3669866593660784;188;304;False;0;1;2;Lines;True;NaN
1126;19219.6030125;95.23165893554688;95.88247680664062;417.4847984313965;120.32934951782227;2.3669866593660784;188;304;False;0;1;2;Lines;True;NaN
1127;19219.6081695;94.76485443115234;95.77052307128906;417.51169204711914;120.4764518737793;2.3669866593660784;188;304;False;0;1;2;Lines;True;NaN
1128;19219.6142581;94.6056900024414;96.0551986694336;417.0508460998535;120.56180953979492;2.3669866593660784;188;304;False;0;1;2;Lines;True;NaN
1129;19219.6185022;94.86168670654297;95.78343963623047;417.59522247314453;120.46514511108398;2.3669866593660784;188;304;False;0;1;2;Lines;True;NaN
1130;19219.6234244;94.60303497314453;95.51139831542969;417.4260482788086;120.24743270874023;2.3669866593660784;188;304;False;0;1;2;Lines;True;NaN
1131;19219.6296644;95.1185531616211;95.38470458984375;417.48011016845703;119.36333084106445;2.3669866593660784;188;304;False;0;1;2;Lines;True;NaN
1132;19219.633434;94.80176544189453;95.61373901367188;417.1691093444824;120.43134689331055;2.3669866593660784;188;304;False;0;1;2;Lines;True;NaN
1133;19219.6386725;94.78563690185547;95.7824935913086;417.5336151123047;120.34781646728516;2.3669866593660784;188;304;False;0;1;2;Lines;True;NaN
1134;19219.6439039;94.85049438476562;95.78612518310547;417.562068939209;120.41296005249023;2.3669866593660784;188;304;False;0;1;2;Lines;True;NaN
1135;19219.6492285;94.32609558105469;95.43745422363281;417.5468521118164;120.4543685913086;2.1133171667255723;188;302;False;0;1;2;Lines;True;NaN
1136;19219.6545419;94.55400848388672;96.13837432861328;416.9347114562988;120.27515411376953;2.3669866593660784;188;304;False;0;1;2;Lines;True;NaN
1137;19219.6588673;94.77733612060547;95.27381896972656;417.4822883605957;119.37068939208984;2.3669866593660784;188;304;False;0;1;2;Lines;True;NaN
1138;19219.6639827;93.73998260498047;96.0211181640625;417.13968658447266;119.54178237915039;2.3669866593660784;188;304;False;0;1;2;Lines;True;NaN
1139;19219.6689584;94.53925323486328;96.00413513183594;417.51972579956055;119.35882949829102;2.3669866593660784;188;304;False;0;1;2;Lines;True;NaN
1140;19219.6740355;94.79896545410156;95.67800903320312;417.5124931335449;120.28401565551758;2.3669866593660784;188;304;False;0;1;2;Lines;True;NaN
1141;19219.6791709;94.7841567993164;96.14250946044922;417.52812576293945;119.48313903808594;2.3669866593660784;188;304;False;0;1;2;Lines;True;NaN
1142;19219.6843331;94.98951721191406;96.44068145751953;416.5376853942871;119.73920822143555;2.3669866593660784;188;304;False;0;1;2;Lines;True;NaN
1143;19219.689404;94.18390655517578;96.05244445800781;417.5107841491699;119.26314926147461;2.3669866593660784;188;304;False;0;1;2;Lines;True;NaN
1144;19219.6945148;94.37556457519531;96.63336181640625;417.54602813720703;119.73089599609375;2.3669866593660784;188;304;False;0;1;2;Lines;True;NaN
1145;19219.6995775;94.58769989013672;96.64651489257812;417.43811798095703;119.6385383605957;2.3669866593660784;188;304;False;0;1;2;Lines;True;NaN
1146;19219.7047011;94.48443603515625;96.32632446289062;417.16309356689453;119.53911972045898;1.9864507086157592;188;301;False;0;1;2;Lines;True;NaN
1147;19219.7102953;94.49000549316406;96.42926788330078;417.59827041625977;119.56682968139648;2.3669866593660784;188;304;False;0;1;2;Lines;True;NaN
1148;19219.7150606;94.69447326660156;95.80277252197266;417.5010871887207;119.47525787353516;2.3669866593660784;188;304;False;0;1;2;Lines;True;NaN
1149;19219.72023;94.813232421875;95.9714126586914;417.32028579711914;120.34392547607422;2.3669866593660784;188;304;False;0;1;2;Lines;True;NaN
1150;19219.7258625;94.09425354003906;95.51631927490234;417.0317153930664;120.39960861206055;2.3669866593660784;188;304;False;0;1;2;Lines;True;NaN
1151;19219.7311273;95.84698486328125;95.44129180908203;417.5537528991699;119.31713104248047;2.3669866593660784;188;304;False;0;1;2;Lines;True;NaN
1152;19219.7351637;95.05868530273438;95.34565734863281;417.46028900146484;119.34069061279297;2.3669866593660784;188;304;False;0;1;2;Lines;True;NaN
1153;19219.7402293;95.15819549560547;95.19835662841797;418.0497703552246;119.31924057006836;2.3669866593660784;188;304;False;0;1;2;Lines;True;NaN
1154;19219.745175;95.0404052734375;95.88603973388672;417.65386962890625;120.43993377685547;1.9864507086157592;188;301;False;0;1;2;Lines;True;NaN
1155;19219.7502707;95.10224914550781;95.75553894042969;416.74987030029297;119.580322265625;2.240162896311483;188;303;False;0;1;2;Lines;True;NaN
1156;19219.7553432;94.48311614990234;96.1815185546875;417.0803108215332;119.45500183105469;2.240162896311483;188;303;False;0;1;2;Lines;True;NaN
1157;19219.7609012;94.3660888671875;96.50630187988281;416.4325942993164;119.51101684570312;2.240162896311483;188;303;False;0;1;2;Lines;True;NaN
1158;19219.7655666;94.41903686523438;96.2469253540039;417.36618423461914;119.55149459838867;2.240162896311483;188;303;False;0;1;2;Lines;True;NaN
1159;19219.7706997;94.3469009399414;96.20588684082031;416.3511848449707;119.44803237915039;2.240162896311483;188;303;False;0;1;2;Lines;True;NaN
1160;19219.7758323;95.34965515136719;95.33030700683594;416.60760498046875;119.3254165649414;1.9864507086157592;188;301;False;0;1;2;Lines;True;NaN
1161;19219.7809142;94.31858825683594;95.97055053710938;417.4191207885742;120.19769287109375;2.493787219171683;188;305;False;0;1;2;Lines;True;NaN
1162;19219.7859773;95.42716217041016;96.05638122558594;417.9948482513428;120.65140914916992;2.493787219171683;188;305;False;0;1;2;Lines;True;NaN
1163;19219.7908861;94.76297760009766;95.97920227050781;418.3958549499512;121.41643142700195;2.620563340372244;188;306;False;0;1;2;Lines;True;NaN
1164;19219.7960128;93.49320983886719;96.30392456054688;418.3849678039551;121.52408599853516;2.3669866593660784;188;304;False;0;1;2;Lines;True;NaN
1165;19219.8011391;94.34180450439453;95.99662017822266;418.5222625732422;121.32283401489258;2.8740373327720428;188;308;False;0;1;2;Lines;True;NaN
1166;19219.8069262;94.24888610839844;96.48523712158203;419.36888885498047;121.85957717895508;2.8740373327720428;188;308;False;0;1;2;Lines;True;NaN
1167;19219.8114004;94.87870788574219;96.62298583984375;419.3751564025879;121.35133361816406;2.747313789045018;188;307;False;0;1;2;Lines;True;NaN
1168;19219.8171527;94.54789733886719;95.97583770751953;418.36705017089844;121.49721908569336;2.747313789045018;188;307;False;0;1;2;Lines;True;NaN
1169;19219.8232335;94.28668212890625;95.79075622558594;418.1326026916504;120.60112762451172;2.620563340372244;188;306;False;0;1;2;Lines;True;NaN
1170;19219.8272119;94.74478149414062;95.97149658203125;417.91992378234863;120.45872497558594;2.493787219171683;188;305;False;0;1;2;Lines;True;NaN
1171;19219.8317534;94.91841125488281;96.64664459228516;417.38123321533203;119.57842254638672;2.3669866593660784;188;304;False;0;1;2;Lines;True;NaN
1172;19219.8374493;94.49700164794922;95.7974853515625;417.46695709228516;119.28371047973633;1.4788023921856344;188;297;False;0;1;2;Lines;True;NaN
1173;19219.8419183;94.44217681884766;95.47199249267578;417.2123336791992;119.421875;2.1133171667255723;188;302;False;0;1;2;Lines;True;NaN
1174;19219.8482079;95.07217407226562;95.61611938476562;416.4813652038574;119.22235488891602;1.351850901653578;188;296;False;0;1;2;Lines;True;NaN
1175;19219.8521293;94.43729400634766;97.06137084960938;415.64867401123047;118.88424301147461;1.6057393610483632;188;298;False;0;1;2;Lines;True;NaN
1176;19219.8570729;94.82532501220703;96.69921875;416.273494720459;118.53668212890625;1.6057393610483632;188;298;False;0;1;2;Lines;True;NaN
1177;19219.8620531;94.69026184082031;96.40911865234375;415.6559944152832;118.66736221313477;1.8595647612071242;188;300;False;0;1;2;Lines;True;NaN
1178;19219.8670667;94.92869567871094;95.9955825805664;415.68862533569336;118.52627944946289;1.9864507086157592;188;301;False;0;1;2;Lines;True;NaN
1179;19219.8722622;94.35551452636719;95.75650024414062;416.654354095459;119.47018814086914;1.351850901653578;188;296;False;0;1;2;Lines;True;NaN
1180;19219.877409;95.03288269042969;95.66521453857422;416.2943649291992;119.51264190673828;2.1133171667255723;188;302;False;0;1;2;Lines;True;NaN
1181;19219.8825383;94.23212432861328;96.29519653320312;416.21439361572266;119.4245834350586;2.240162896311483;188;303;False;0;1;2;Lines;True;NaN
1182;19219.8875689;93.90927124023438;95.45323944091797;417.55242919921875;119.36293411254883;2.3669866593660784;188;304;False;0;1;2;Lines;True;NaN
1183;19219.8927262;94.3079833984375;96.15135192871094;417.1696434020996;120.3459243774414;2.493787219171683;188;305;False;0;1;2;Lines;True;NaN
1184;19219.8977468;94.0764389038086;95.54403686523438;417.24110412597656;120.35380935668945;2.493787219171683;188;305;False;0;1;2;Lines;True;NaN
1185;19219.9028599;94.04558563232422;95.58035278320312;418.45813751220703;121.17413711547852;2.3669866593660784;188;304;False;0;1;2;Lines;True;NaN
1186;19219.9078773;94.60907745361328;96.3464126586914;418.3646354675293;121.62429809570312;2.747313789045018;188;307;False;0;1;2;Lines;True;NaN
1187;19219.9134151;94.83357238769531;96.20406341552734;418.9689693450928;121.5543098449707;2.747313789045018;188;307;False;0;1;2;Lines;True;NaN
1188;19219.9195688;95.14463806152344;96.34661865234375;419.0297203063965;121.32898712158203;2.747313789045018;188;307;False;0;1;2;Lines;True;NaN
1189;19219.9231202;94.71997833251953;96.55033111572266;418.3215751647949;121.55801391601562;2.747313789045018;188;307;False;0;1;2;Lines;True;NaN
1190;19219.9281257;94.4703369140625;96.2330322265625;418.31179428100586;121.48247528076172;2.747313789045018;188;307;False;0;1;2;Lines;True;NaN
1191;19219.9337608;95.37943267822266;96.30194091796875;418.52055740356445;120.56219863891602;2.620563340372244;188;306;False;0;1;2;Lines;True;NaN
1192;19219.938355;95.29059600830078;96.22817993164062;417.65624618530273;120.47830200195312;2.620563340372244;188;306;False;0;1;2;Lines;True;NaN
1193;19219.9434482;94.42554473876953;96.2569351196289;418.1819648742676;120.40701293945312;2.493787219171683;188;305;False;0;1;2;Lines;True;NaN
1194;19219.9491671;94.8472671508789;96.17150115966797;417.4950256347656;120.44094848632812;2.3669866593660784;188;304;False;0;1;2;Lines;True;NaN
1195;19219.9535799;94.32876586914062;95.97932434082031;417.0764808654785;119.42129898071289;2.240162896311483;188;303;False;0;1;2;Lines;True;NaN
1196;19219.9586606;94.57048034667969;95.7286148071289;417.60657501220703;119.17315292358398;2.240162896311483;188;303;False;0;1;2;Lines;True;NaN
1197;19219.9637061;94.80287170410156;95.36174774169922;416.3511657714844;119.52572250366211;2.1133171667255723;188;302;False;0;1;2;Lines;True;NaN
1198;19219.9687036;95.12753295898438;95.80401611328125;416.3472557067871;118.57883834838867;1.9864507086157592;188;301;False;0;1;2;Lines;True;NaN
1199;19219.9738326;95.17285919189453;95.59876251220703;416.42139434814453;118.41158676147461;2.1133171667255723;188;302;False;0;1;2;Lines;True;NaN
1200;19219.978908;94.63323211669922;95.63678741455078;416.63823318481445;119.11163711547852;1.9864507086157592;188;301;False;0;1;2;Lines;True;NaN
1201;19219.9839897;95.14468383789062;95.49739074707031;416.39183807373047;119.47623825073242;2.1133171667255723;188;302;False;0;1;2;Lines;True;NaN
1202;19219.9890089;94.1365966796875;95.51923370361328;416.39173889160156;119.5596694946289;2.1133171667255723;188;302;False;0;1;2;Lines;True;NaN
1203;19219.9942659;94.9642562866211;95.41667938232422;416.2818412780762;119.04590225219727;2.240162896311483;188;303;False;0;1;2;Lines;True;NaN
1204;19219.9992454;94.59781646728516;96.43255615234375;416.24758529663086;119.41860580444336;2.240162896311483;188;303;False;0;1;2;Lines;True;NaN
1205;19220.0050631;94.73373413085938;96.4085464477539;417.57787322998047;120.41277313232422;2.3669866593660784;188;304;False;0;1;2;Lines;True;NaN
1206;19220.0098574;94.47367095947266;95.63621520996094;417.3319664001465;120.2198600769043;2.3669866593660784;188;304;False;0;1;2;Lines;True;NaN
1207;19220.0165817;95.50962829589844;96.11690521240234;418.1293716430664;120.27910232543945;2.493787219171683;188;305;False;0;1;2;Lines;True;NaN
1208;19220.0197108;94.87738037109375;95.2710189819336;417.9852752685547;120.26201248168945;2.620563340372244;188;306;False;0;1;2;Lines;True;NaN
1209;19220.0246792;94.74237060546875;96.00053405761719;418.40795135498047;120.71819305419922;2.620563340372244;188;306;False;0;1;2;Lines;True;NaN
1210;19220.0297366;94.07677459716797;95.95515441894531;418.1143989562988;120.3121452331543;2.620563340372244;188;306;False;0;1;2;Lines;True;NaN
1211;19220.0349608;94.67826843261719;95.69122314453125;418.55680084228516;121.17586135864258;2.620563340372244;188;306;False;0;1;2;Lines;True;NaN
1212;19220.0398789;95.30384826660156;95.86102294921875;418.20518493652344;120.31028366088867;2.493787219171683;188;305;False;0;1;2;Lines;True;NaN
1213;19220.045131;94.28046417236328;96.06127166748047;418.49372482299805;120.30118942260742;2.620563340372244;188;306;False;0;1;2;Lines;True;NaN
1214;19220.0502118;95.4066162109375;95.57229614257812;417.56847763061523;121.2039566040039;1.8595647612071242;188;300;False;0;1;2;Lines;True;NaN
1215;19220.0552364;95.43406677246094;96.64410400390625;417.75873947143555;120.50700378417969;2.493787219171683;188;305;False;0;1;2;Lines;True;NaN
1216;19220.0604071;94.94763946533203;96.24169921875;417.44675064086914;120.4814338684082;2.493787219171683;188;305;False;0;1;2;Lines;True;NaN
1217;19220.0654319;94.7510757446289;95.96692657470703;417.3161201477051;120.39131164550781;1.351850901653578;188;296;False;0;1;2;Lines;True;NaN
1218;19220.0706693;95.15079498291016;96.34235382080078;418.0408935546875;119.41273880004883;2.3669866593660784;188;304;False;0;1;2;Lines;True;NaN
1219;19220.075807;94.8769760131836;96.10304260253906;417.4932403564453;119.4973258972168;2.240162896311483;188;303;False;0;1;2;Lines;True;NaN
1220;19220.0808034;94.8613510131836;95.7149658203125;417.2837219238281;119.3755874633789;1.9864507086157592;188;301;False;0;1;2;Lines;True;NaN
1221;19220.0858508;94.14010620117188;95.81317901611328;416.2778015136719;119.22727966308594;1.6057393610483632;188;298;False;0;1;2;Lines;True;NaN
1222;19220.0911535;95.13285827636719;95.52884674072266;416.260799407959;119.28772735595703;2.1133171667255723;188;302;False;0;1;2;Lines;True;NaN
1223;19220.0960741;94.72201538085938;95.50325012207031;416.3767318725586;119.44882202148438;2.1133171667255723;188;302;False;0;1;2;Lines;True;NaN
1224;19220.1012388;94.01591491699219;95.13514709472656;416.192813873291;118.93661499023438;2.1133171667255723;188;302;False;0;1;2;Lines;True;NaN
1225;19220.1065388;94.80341339111328;95.1596450805664;416.3444366455078;118.91886901855469;2.240162896311483;188;303;False;0;1;2;Lines;True;NaN
1226;19220.1121523;94.45452880859375;96.00746154785156;416.30760955810547;119.58792495727539;2.240162896311483;188;303;False;0;1;2;Lines;True;NaN
1227;19220.1162718;95.21859741210938;95.68348693847656;416.3629379272461;119.3358039855957;2.240162896311483;188;303;False;0;1;2;Lines;True;NaN
1228;19220.1213431;94.53137969970703;96.20897674560547;417.17383193969727;119.47636032104492;1.6057393610483632;188;298;False;0;1;2;Lines;True;NaN
1229;19220.1263983;94.27590942382812;96.14312744140625;416.7175178527832;119.49038696289062;2.240162896311483;188;303;False;0;1;2;Lines;True;NaN
1230;19220.1315122;93.9500503540039;96.38990783691406;416.6617965698242;119.24237060546875;2.3669866593660784;188;304;False;0;1;2;Lines;True;NaN
1231;19220.1369063;94.73760223388672;96.14563751220703;416.50335693359375;120.35509872436523;2.3669866593660784;188;304;False;0;1;2;Lines;True;NaN
1232;19220.1416589;94.30320739746094;95.9520034790039;417.35709381103516;120.34072494506836;2.3669866593660784;188;304;False;0;1;2;Lines;True;NaN
1233;19220.1466779;94.7217025756836;96.1380615234375;417.2228469848633;120.39807891845703;2.493787219171683;188;305;False;0;1;2;Lines;True;NaN
1234;19220.151822;95.23905944824219;96.25865936279297;418.10388565063477;120.56786727905273;2.493787219171683;188;305;False;0;1;2;Lines;True;NaN
1235;19220.1568724;94.65422058105469;95.95842742919922;417.27806091308594;120.33208084106445;2.493787219171683;188;305;False;0;1;2;Lines;True;NaN
1236;19220.1619264;94.43768310546875;95.86793518066406;418.0715103149414;120.2527084350586;2.493787219171683;188;305;False;0;1;2;Lines;True;NaN
1237;19220.1669998;94.5694808959961;95.5893325805664;418.17552947998047;120.33841705322266;2.493787219171683;188;305;False;0;1;2;Lines;True;NaN
1238;19220.1720315;94.38348388671875;95.40796661376953;417.4808921813965;120.34806823730469;2.493787219171683;188;305;False;0;1;2;Lines;True;NaN
1239;19220.1770992;93.7408447265625;96.36410522460938;418.3678283691406;120.17098236083984;2.493787219171683;188;305;False;0;1;2;Lines;True;NaN
1240;19220.1824799;94.25122833251953;95.90235137939453;418.12114334106445;120.45573043823242;2.493787219171683;188;305;False;0;1;2;Lines;True;NaN
1241;19220.1873545;94.32943725585938;95.99885559082031;417.6227607727051;120.30908203125;2.493787219171683;188;305;False;0;1;2;Lines;True;NaN
1242;19220.1927319;94.69707489013672;96.02344512939453;417.36475372314453;120.33500289916992;2.493787219171683;188;305;False;0;1;2;Lines;True;NaN
1243;19220.1981871;95.40198516845703;96.00221252441406;417.68774795532227;120.30660247802734;2.493787219171683;188;305;False;0;1;2;Lines;True;NaN
1244;19220.2031593;94.63870239257812;96.4574203491211;417.5317192077637;120.27969360351562;2.493787219171683;188;305;False;0;1;2;Lines;True;NaN
1245;19220.2077003;94.49520874023438;95.92724609375;417.31111907958984;120.43428039550781;2.3669866593660784;188;304;False;0;1;2;Lines;True;NaN
1246;19220.2127231;95.02783203125;95.94876098632812;417.5162010192871;120.39557647705078;2.3669866593660784;188;304;False;0;1;2;Lines;True;NaN
1247;19220.217891;93.98339080810547;96.14675903320312;417.63087463378906;119.78332901000977;1.351850901653578;188;296;False;0;1;2;Lines;True;NaN
1248;19220.2227725;94.11566925048828;96.32235717773438;416.6898651123047;119.50057983398438;2.240162896311483;188;303;False;0;1;2;Lines;True;NaN
1249;19220.2282201;93.64716339111328;96.2708740234375;416.7040786743164;119.50935363769531;2.240162896311483;188;303;False;0;1;2;Lines;True;NaN
1250;19220.234253;94.5322265625;95.89004516601562;417.1709403991699;119.25540924072266;2.240162896311483;188;303;False;0;1;2;Lines;True;NaN
1251;19220.238174;94.20039367675781;96.09056854248047;417.2210578918457;119.57478713989258;2.240162896311483;188;303;False;0;1;2;Lines;True;NaN
1252;19220.2433017;94.31182098388672;96.15302276611328;416.2578430175781;119.44286346435547;2.240162896311483;188;303;False;0;1;2;Lines;True;NaN
1253;19220.24833;94.94793701171875;95.61908721923828;416.57629013061523;119.29211044311523;2.240162896311483;188;303;False;0;1;2;Lines;True;NaN
1254;19220.2534376;94.24012756347656;95.5355224609375;417.17685317993164;119.38960647583008;2.240162896311483;188;303;False;0;1;2;Lines;True;NaN
1255;19220.2585453;94.08331298828125;96.29502868652344;416.29034423828125;119.41949844360352;2.240162896311483;188;303;False;0;1;2;Lines;True;NaN
1256;19220.2635931;94.32319641113281;96.0978775024414;417.01476669311523;119.49441909790039;2.240162896311483;188;303;False;0;1;2;Lines;True;NaN
1257;19220.2687096;94.77985382080078;96.02105712890625;416.5121879577637;119.65206527709961;2.240162896311483;188;303;False;0;1;2;Lines;True;NaN
1258;19220.2737373;94.54656219482422;96.33499145507812;417.49564361572266;119.45334243774414;2.240162896311483;188;303;False;0;1;2;Lines;True;NaN
1259;19220.2788903;94.61035919189453;95.45487976074219;417.5021743774414;120.17139434814453;2.3669866593660784;188;304;False;0;1;2;Lines;True;NaN
1260;19220.2838806;94.39441680908203;96.2209243774414;417.0635108947754;120.49394607543945;2.3669866593660784;188;304;False;0;1;2;Lines;True;NaN
1261;19220.2899729;94.97824096679688;96.1468276977539;417.2738723754883;120.41172409057617;2.3669866593660784;188;304;False;0;1;2;Lines;True;NaN
1262;19220.2952099;94.93718719482422;96.09041595458984;417.4056854248047;120.16009521484375;2.493787219171683;188;305;False;0;1;2;Lines;True;NaN
1263;19220.2998007;94.11151885986328;95.84125518798828;417.44819259643555;120.30054473876953;2.493787219171683;188;305;False;0;1;2;Lines;True;NaN
1264;19220.3045942;94.32976531982422;95.8346176147461;417.415470123291;120.25493621826172;2.493787219171683;188;305;False;0;1;2;Lines;True;NaN
1265;19220.3091836;94.5165786743164;96.41618347167969;417.5298957824707;120.59175491333008;2.1133171667255723;188;302;False;0;1;2;Lines;True;NaN
1266;19220.3143176;94.82884216308594;95.2847671508789;418.24803161621094;120.25589752197266;2.493787219171683;188;305;False;0;1;2;Lines;True;NaN
1267;19220.3193417;94.39208221435547;95.93657684326172;418.14319229125977;120.54433822631836;2.620563340372244;188;306;False;0;1;2;Lines;True;NaN
1268;19220.3247038;94.57131958007812;95.93306732177734;418.09868240356445;120.48689651489258;2.620563340372244;188;306;False;0;1;2;Lines;True;NaN
1269;19220.3295807;94.68074035644531;96.43390655517578;417.51110458374023;120.6114616394043;2.493787219171683;188;305;False;0;1;2;Lines;True;NaN
1270;19220.3348396;94.27505493164062;95.77279663085938;417.339599609375;120.30065155029297;2.620563340372244;188;306;False;0;1;2;Lines;True;NaN
1271;19220.3399287;94.99005126953125;96.2569351196289;417.2283515930176;120.40701293945312;2.240162896311483;188;303;False;0;1;2;Lines;True;NaN
1272;19220.3449791;94.08738708496094;96.22019958496094;417.24121475219727;120.3806266784668;2.493787219171683;188;305;False;0;1;2;Lines;True;NaN
1273;19220.3500593;94.93842315673828;95.49626922607422;417.3490447998047;120.31861877441406;2.3669866593660784;188;304;False;0;1;2;Lines;True;NaN
1274;19220.3550888;93.97615814208984;95.56744384765625;417.1295509338379;120.36355972290039;2.3669866593660784;188;304;False;0;1;2;Lines;True;NaN
1275;19220.3601151;94.63733673095703;96.47911071777344;417.51181411743164;119.76220703125;2.3669866593660784;188;304;False;0;1;2;Lines;True;NaN
1276;19220.3652051;95.00363159179688;96.2773666381836;416.57238388061523;119.5198974609375;1.9864507086157592;188;301;False;0;1;2;Lines;True;NaN
1277;19220.3705551;95.06324768066406;95.6633071899414;416.60887145996094;119.4742546081543;1.4788023921856344;188;297;False;0;1;2;Lines;True;NaN
1278;19220.3754115;94.70694732666016;95.70355987548828;417.1367721557617;119.34270477294922;2.240162896311483;188;303;False;0;1;2;Lines;True;NaN
1279;19220.3818266;94.41431427001953;95.57804870605469;416.50013732910156;119.29911041259766;2.240162896311483;188;303;False;0;1;2;Lines;True;NaN
1280;19220.3857253;94.6105728149414;95.64373016357422;416.24553298950195;119.22534942626953;2.240162896311483;188;303;False;0;1;2;Lines;True;NaN
1281;19220.3909388;94.01712799072266;95.63663482666016;416.3707847595215;119.36850357055664;2.240162896311483;188;303;False;0;1;2;Lines;True;NaN
1282;19220.3956204;94.70584106445312;96.35155487060547;416.6916084289551;119.45934677124023;2.240162896311483;188;303;False;0;1;2;Lines;True;NaN
1283;19220.4006982;94.86986541748047;96.36653137207031;416.6657066345215;119.49300003051758;2.240162896311483;188;303;False;0;1;2;Lines;True;NaN
1284;19220.4056905;94.4764633178711;96.25873565673828;417.4888496398926;119.48506927490234;2.240162896311483;188;303;False;0;1;2;Lines;True;NaN
1285;19220.4109073;94.44192504882812;96.36107635498047;417.49350357055664;119.72795867919922;2.3669866593660784;188;304;False;0;1;2;Lines;True;NaN
1286;19220.4161139;94.37196350097656;96.1290054321289;417.4463806152344;120.32452011108398;2.3669866593660784;188;304;False;0;1;2;Lines;True;NaN
1287;19220.4212754;94.97572326660156;95.32943725585938;417.30384826660156;120.3526496887207;1.6057393610483632;188;298;False;0;1;2;Lines;True;NaN
1288;19220.4262669;94.54737091064453;95.90654754638672;417.36441802978516;120.29683685302734;2.3669866593660784;188;304;False;0;1;2;Lines;True;NaN
1289;19220.4312796;94.75299072265625;96.23994445800781;417.2703971862793;120.35690689086914;2.493787219171683;188;305;False;0;1;2;Lines;True;NaN
1290;19220.4364921;95.23783111572266;95.97752380371094;417.445987701416;120.3727035522461;2.493787219171683;188;305;False;0;1;2;Lines;True;NaN
1291;19220.4416437;94.35497283935547;95.87415313720703;417.3819122314453;120.28706741333008;2.493787219171683;188;305;False;0;1;2;Lines;True;NaN
1292;19220.4466512;94.44767761230469;95.93414306640625;417.3191375732422;120.29191970825195;2.493787219171683;188;305;False;0;1;2;Lines;True;NaN
1293;19220.4517241;94.56586456298828;95.93572235107422;417.9147644042969;120.3150405883789;2.493787219171683;188;305;False;0;1;2;Lines;True;NaN
1294;19220.4569619;94.80998229980469;96.02597045898438;417.9722499847412;120.38035202026367;2.493787219171683;188;305;False;0;1;2;Lines;True;NaN
1295;19220.4617511;94.9338150024414;95.66266632080078;417.37938690185547;120.2852897644043;2.493787219171683;188;305;False;0;1;2;Lines;True;NaN
1296;19220.4672377;94.28845977783203;96.20001220703125;417.31221771240234;120.39683532714844;2.493787219171683;188;305;False;0;1;2;Lines;True;NaN
1297;19220.4718219;95.01493835449219;96.25582122802734;417.92577362060547;120.293701171875;2.493787219171683;188;305;False;0;1;2;Lines;True;NaN
1298;19220.4772653;94.5805892944336;95.5810317993164;418.1897392272949;120.33622360229492;2.493787219171683;188;305;False;0;1;2;Lines;True;NaN
1299;19220.4820982;94.36481475830078;95.8584213256836;417.3747787475586;120.44176483154297;2.3669866593660784;188;304;False;0;1;2;Lines;True;NaN
1300;19220.4871242;94.10385131835938;95.9950180053711;417.41524505615234;120.40394973754883;2.3669866593660784;188;304;False;0;1;2;Lines;True;NaN
1301;19220.4921971;95.19291687011719;96.12922668457031;417.0680465698242;120.4253921508789;1.6057393610483632;188;298;False;0;1;2;Lines;True;NaN
1302;19220.4972357;94.69427490234375;95.8671875;417.49821853637695;119.27749633789062;2.3669866593660784;188;304;False;0;1;2;Lines;True;NaN
1303;19220.5023709;94.28131103515625;96.15631103515625;417.46564865112305;119.48967361450195;2.3669866593660784;188;304;False;0;1;2;Lines;True;NaN
1304;19220.5074273;94.05217742919922;96.34671783447266;417.6083183288574;119.94518280029297;1.8595647612071242;188;300;False;0;1;2;Lines;True;NaN
1305;19220.5133599;94.8736801147461;96.11277770996094;417.5008430480957;119.55057144165039;2.3669866593660784;188;304;False;0;1;2;Lines;True;NaN
1306;19220.5175964;94.66769409179688;96.44258117675781;417.4413261413574;119.68868255615234;2.3669866593660784;188;304;False;0;1;2;Lines;True;NaN
1307;19220.5228945;94.93632507324219;95.93643188476562;416.51269912719727;119.48180770874023;2.3669866593660784;188;304;False;0;1;2;Lines;True;NaN
1308;19220.5279167;94.64080047607422;96.42056274414062;416.5596618652344;119.7122688293457;2.240162896311483;188;303;False;0;1;2;Lines;True;NaN
1309;19220.5330756;94.1348648071289;96.50548553466797;417.44400787353516;119.48713684082031;2.240162896311483;188;303;False;0;1;2;Lines;True;NaN
1310;19220.5380181;95.11186218261719;96.50109100341797;417.4633483886719;119.50130462646484;2.240162896311483;188;303;False;0;1;2;Lines;True;NaN
1311;19220.5430963;94.56364440917969;96.14823913574219;417.50804138183594;119.46361541748047;2.3669866593660784;188;304;False;0;1;2;Lines;True;NaN
1312;19220.548197;94.95148468017578;95.64179992675781;417.5293312072754;119.4762191772461;1.2248861336786305;188;295;False;0;1;2;Lines;True;NaN
1313;19220.5531979;94.70867156982422;95.48009490966797;417.56189346313477;120.29445266723633;2.3669866593660784;188;304;False;0;1;2;Lines;True;NaN
1314;19220.5583257;94.78948974609375;95.9161148071289;417.5108757019043;120.29656600952148;2.3669866593660784;188;304;False;0;1;2;Lines;True;NaN
1315;19220.5636367;94.60362243652344;95.94852447509766;416.69947814941406;120.39165496826172;2.3669866593660784;188;304;False;0;1;2;Lines;True;NaN
1316;19220.5691173;94.90776062011719;96.23939514160156;417.2913589477539;120.57080841064453;2.3669866593660784;188;304;False;0;1;2;Lines;True;NaN
1317;19220.5742571;95.1308364868164;95.93000793457031;417.98719787597656;120.54827499389648;2.3669866593660784;188;304;False;0;1;2;Lines;True;NaN
1318;19220.5788681;94.5294189453125;95.92176055908203;417.35049057006836;120.44958877563477;1.6057393610483632;188;298;False;0;1;2;Lines;True;NaN
1319;19220.583736;94.70714569091797;96.17554473876953;417.3516082763672;120.32451629638672;2.493787219171683;188;305;False;0;1;2;Lines;True;NaN
1320;19220.5889088;94.50936126708984;96.07689666748047;417.40835189819336;120.35606002807617;2.1133171667255723;188;302;False;0;1;2;Lines;True;NaN
1321;19220.5938776;94.4131851196289;96.18976593017578;417.32077407836914;120.52898406982422;2.493787219171683;188;305;False;0;1;2;Lines;True;NaN
1322;19220.5989796;94.96454620361328;96.14271545410156;417.2986831665039;120.46487426757812;2.493787219171683;188;305;False;0;1;2;Lines;True;NaN
1323;19220.6040137;94.79561614990234;96.27593231201172;417.4289894104004;120.64819717407227;2.493787219171683;188;305;False;0;1;2;Lines;True;NaN
1324;19220.6091166;94.57707977294922;96.2747573852539;417.50204849243164;120.48234558105469;2.493787219171683;188;305;False;0;1;2;Lines;True;NaN
1325;19220.6140834;94.51347351074219;95.85697174072266;417.31959533691406;120.40383911132812;1.4788023921856344;188;297;False;0;1;2;Lines;True;NaN
1326;19220.6192911;95.19828796386719;96.32392883300781;418.08864974975586;120.22813415527344;2.493787219171683;188;305;False;0;1;2;Lines;True;NaN
1327;19220.624521;95.20057678222656;95.98236846923828;418.0678367614746;120.44223403930664;2.3669866593660784;188;304;False;0;1;2;Lines;True;NaN
1328;19220.629632;95.04930114746094;95.51998138427734;417.3747978210449;120.32718658447266;1.9864507086157592;188;301;False;0;1;2;Lines;True;NaN
1329;19220.6347111;95.06195831298828;95.21856689453125;417.49816131591797;119.3445930480957;2.3669866593660784;188;304;False;0;1;2;Lines;True;NaN
1330;19220.6398219;94.7154769897461;95.12425994873047;417.5241279602051;119.35123062133789;2.3669866593660784;188;304;False;0;1;2;Lines;True;NaN
1331;19220.6447506;94.87339782714844;96.49730682373047;417.18597412109375;119.90449905395508;2.3669866593660784;188;304;False;0;1;2;Lines;True;NaN
1332;19220.6497678;95.05606079101562;96.5686264038086;417.51463317871094;119.71493148803711;2.3669866593660784;188;304;False;0;1;2;Lines;True;NaN
1333;19220.6551206;95.16374969482422;96.24559020996094;417.5065612792969;119.45018005371094;1.8595647612071242;188;300;False;0;1;2;Lines;True;NaN
1334;19220.6600012;95.15862274169922;96.34526824951172;417.48550033569336;119.48388671875;2.3669866593660784;188;304;False;0;1;2;Lines;True;NaN
1335;19220.6651151;94.69746398925781;96.25628662109375;417.4565238952637;119.5195541381836;1.8595647612071242;188;300;False;0;1;2;Lines;True;NaN
1336;19220.670888;94.88597106933594;96.17448425292969;417.5495376586914;119.52950286865234;2.240162896311483;188;303;False;0;1;2;Lines;True;NaN
1337;19220.6757715;94.74860382080078;96.34002685546875;417.5354995727539;119.51047897338867;1.0979093332690764;188;294;False;0;1;2;Lines;True;NaN
1338;19220.6803342;94.84344482421875;96.46853637695312;416.60514068603516;119.49542617797852;2.3669866593660784;188;304;False;0;1;2;Lines;True;NaN
1339;19220.6852813;94.55909729003906;96.20858001708984;417.5435676574707;119.37339401245117;2.3669866593660784;188;304;False;0;1;2;Lines;True;NaN
1340;19220.6903774;95.01173400878906;95.23454284667969;417.5186576843262;120.18069076538086;2.3669866593660784;188;304;False;0;1;2;Lines;True;NaN
1341;19220.6954251;94.48856353759766;95.86743927001953;417.49102783203125;120.41189956665039;2.3669866593660784;188;304;False;0;1;2;Lines;True;NaN
1342;19220.7007609;94.29535675048828;95.23255157470703;417.5913543701172;120.26396179199219;2.3669866593660784;188;304;False;0;1;2;Lines;True;NaN
1343;19220.7057518;95.41145324707031;95.56668853759766;417.51012802124023;120.28231811523438;2.3669866593660784;188;304;False;0;1;2;Lines;True;NaN
1344;19220.7108004;95.07672882080078;96.02484130859375;417.3707733154297;120.30414581298828;2.3669866593660784;188;304;False;0;1;2;Lines;True;NaN
1345;19220.7157135;94.98094177246094;96.43264770507812;417.34084701538086;120.46002578735352;2.493787219171683;188;305;False;0;1;2;Lines;True;NaN
1346;19220.7209139;94.70541381835938;96.05763244628906;417.4046745300293;120.18416595458984;2.3669866593660784;188;304;False;0;1;2;Lines;True;NaN
1347;19220.7259843;94.85792541503906;96.17549896240234;417.4106101989746;120.2709846496582;2.3669866593660784;188;304;False;0;1;2;Lines;True;NaN
1348;19220.7310005;94.84144592285156;96.14423370361328;417.51984786987305;120.24919128417969;2.493787219171683;188;305;False;0;1;2;Lines;True;NaN
1349;19220.7360798;94.26025390625;96.0331039428711;417.33545303344727;120.29699325561523;2.493787219171683;188;305;False;0;1;2;Lines;True;NaN
1350;19220.7411959;94.76659393310547;96.3029556274414;417.3403129577637;120.29202651977539;2.3669866593660784;188;304;False;0;1;2;Lines;True;NaN
1351;19220.7464134;94.62397766113281;96.14423370361328;417.31571197509766;120.24919128417969;2.493787219171683;188;305;False;0;1;2;Lines;True;NaN
1352;19220.7515079;94.98795318603516;95.93991088867188;417.3616600036621;120.24627304077148;2.493787219171683;188;305;False;0;1;2;Lines;True;NaN
1353;19220.7566501;94.37041473388672;96.06703186035156;417.29554748535156;120.40379333496094;2.493787219171683;188;305;False;0;1;2;Lines;True;NaN
1354;19220.7618082;94.36178588867188;95.59285736083984;417.3114013671875;120.32429122924805;2.3669866593660784;188;304;False;0;1;2;Lines;True;NaN
1355;19220.7684123;94.60508728027344;96.29656219482422;417.4085578918457;120.60190963745117;2.3669866593660784;188;304;False;0;1;2;Lines;True;NaN
1356;19220.7723306;94.63455200195312;96.11113739013672;417.3565483093262;120.51311874389648;2.3669866593660784;188;304;False;0;1;2;Lines;True;NaN
1357;19220.7767056;94.53073120117188;95.5429458618164;417.3697280883789;120.23471069335938;2.3669866593660784;188;304;False;0;1;2;Lines;True;NaN
1358;19220.7818635;94.15403747558594;95.47123718261719;417.61799240112305;120.20195007324219;2.3669866593660784;188;304;False;0;1;2;Lines;True;NaN
1359;19220.7869236;94.66729736328125;96.02075958251953;417.45703887939453;119.35040664672852;1.9864507086157592;188;301;False;0;1;2;Lines;True;NaN
1360;19220.7919787;94.90596008300781;96.74053955078125;417.4720573425293;119.76262664794922;2.3669866593660784;188;304;False;0;1;2;Lines;True;NaN
1361;19220.7982842;94.71124267578125;96.43148040771484;417.42638778686523;119.6323471069336;2.3669866593660784;188;304;False;0;1;2;Lines;True;NaN
1362;19220.8023873;94.48999786376953;96.15068817138672;417.60779190063477;119.51698303222656;2.3669866593660784;188;304;False;0;1;2;Lines;True;NaN
1363;19220.8073731;94.94291687011719;96.829833984375;417.48368072509766;119.75758743286133;2.240162896311483;188;303;False;0;1;2;Lines;True;NaN
1364;19220.8124404;94.7743148803711;96.4086685180664;417.50417709350586;119.49702072143555;2.493787219171683;188;305;False;0;1;2;Lines;True;NaN
1365;19220.8174771;95.12911224365234;96.06400299072266;417.1792640686035;119.44707107543945;1.6057393610483632;188;298;False;0;1;2;Lines;True;NaN
1366;19220.8224067;94.79121398925781;96.53038787841797;417.5155258178711;119.68537521362305;2.3669866593660784;188;304;False;0;1;2;Lines;True;NaN
1367;19220.8276093;94.76866912841797;96.39533996582031;417.1687812805176;119.69174575805664;2.3669866593660784;188;304;False;0;1;2;Lines;True;NaN
1368;19220.8327366;94.25006103515625;95.46708679199219;417.0194396972656;120.34032821655273;2.3669866593660784;188;304;False;0;1;2;Lines;True;NaN
1369;19220.8378443;94.81095123291016;95.86921691894531;417.4797592163086;119.39040756225586;2.3669866593660784;188;304;False;0;1;2;Lines;True;NaN
1370;19220.843749;94.9483642578125;95.75521087646484;417.42043685913086;120.39639663696289;2.3669866593660784;188;304;False;0;1;2;Lines;True;NaN
1371;19220.8480613;94.34880065917969;95.60606384277344;417.4617118835449;120.30712127685547;2.3669866593660784;188;304;False;0;1;2;Lines;True;NaN
1372;19220.854011;94.65272521972656;96.2339096069336;417.4682922363281;120.48114395141602;2.3669866593660784;188;304;False;0;1;2;Lines;True;NaN
1373;19220.8585532;94.24000549316406;95.49485778808594;417.30156326293945;120.3481216430664;2.3669866593660784;188;304;False;0;1;2;Lines;True;NaN
1374;19220.8633899;94.8683853149414;95.91655731201172;418.0858840942383;120.46420669555664;2.3669866593660784;188;304;False;0;1;2;Lines;True;NaN
1375;19220.8692697;94.96370697021484;96.0994873046875;417.3774604797363;120.34582901000977;1.8595647612071242;188;300;False;0;1;2;Lines;True;NaN
1376;19220.8732634;94.4737548828125;96.2949447631836;417.25174713134766;120.2923355102539;2.493787219171683;188;305;False;0;1;2;Lines;True;NaN
1377;19220.8784596;94.22283935546875;96.48001861572266;417.4149398803711;120.40901947021484;2.493787219171683;188;305;False;0;1;2;Lines;True;NaN
1378;19220.883456;94.31843566894531;96.25582122802734;417.2943420410156;120.293701171875;2.493787219171683;188;305;False;0;1;2;Lines;True;NaN
1379;19220.8885373;95.2909927368164;96.22999572753906;417.4319648742676;120.30210494995117;2.493787219171683;188;305;False;0;1;2;Lines;True;NaN
1380;19220.8937257;94.90196990966797;96.34636688232422;417.4663543701172;120.30929183959961;2.493787219171683;188;305;False;0;1;2;Lines;True;NaN
1381;19220.8987282;94.29594421386719;96.29199981689453;417.362548828125;120.38961410522461;2.493787219171683;188;305;False;0;1;2;Lines;True;NaN
1382;19220.9038732;95.0433578491211;96.07056427001953;417.2734184265137;120.33266830444336;2.493787219171683;188;305;False;0;1;2;Lines;True;NaN
1383;19220.9090437;94.61813354492188;96.09323120117188;417.50941467285156;120.38880157470703;2.3669866593660784;188;304;False;0;1;2;Lines;True;NaN
1384;19220.9140417;94.41349029541016;95.58319091796875;417.4873390197754;120.33889389038086;2.3669866593660784;188;304;False;0;1;2;Lines;True;NaN
1385;19220.9192039;94.1910400390625;96.05064392089844;417.4856719970703;120.41940689086914;2.3669866593660784;188;304;False;0;1;2;Lines;True;NaN
1386;19220.9242055;94.47089385986328;96.07318115234375;417.4200859069824;120.41610717773438;2.3669866593660784;188;304;False;0;1;2;Lines;True;NaN
1387;19220.9292717;94.2002182006836;95.79254150390625;417.07726669311523;120.37958908081055;2.3669866593660784;188;304;False;0;1;2;Lines;True;NaN
1388;19220.9343641;94.73316192626953;96.53644561767578;417.4626770019531;119.73192977905273;1.6057393610483632;188;298;False;0;1;2;Lines;True;NaN
1389;19220.9395769;94.72511291503906;96.34231567382812;417.4682083129883;119.52333450317383;2.3669866593660784;188;304;False;0;1;2;Lines;True;NaN
1390;19220.9449127;94.78215789794922;95.98876953125;417.5266761779785;119.48819351196289;2.3669866593660784;188;304;False;0;1;2;Lines;True;NaN
1391;19220.9505514;94.64715576171875;96.31433868408203;417.5308647155762;119.48830795288086;2.3669866593660784;188;304;False;0;1;2;Lines;True;NaN
1392;19220.9561129;94.88920593261719;96.22110748291016;417.5291175842285;119.73796463012695;2.3669866593660784;188;304;False;0;1;2;Lines;True;NaN
1393;19220.9603115;94.65641021728516;96.8785400390625;417.01548767089844;119.63733673095703;2.3669866593660784;188;304;False;0;1;2;Lines;True;NaN
1394;19220.9654085;94.73207092285156;96.09844207763672;416.63989639282227;119.46943664550781;2.3669866593660784;188;304;False;0;1;2;Lines;True;NaN
1395;19220.970742;94.7111587524414;95.59452819824219;417.0177459716797;120.26057434082031;2.1133171667255723;188;302;False;0;1;2;Lines;True;NaN
1396;19220.9749685;94.8243408203125;95.9029312133789;417.5046691894531;120.1217155456543;2.3669866593660784;188;304;False;0;1;2;Lines;True;NaN
1397;19220.9800089;94.6591567993164;96.09580993652344;417.33027267456055;120.35767364501953;2.3669866593660784;188;304;False;0;1;2;Lines;True;NaN
1398;19220.9850715;94.2829360961914;95.90487670898438;417.47710037231445;120.45217514038086;1.6057393610483632;188;298;False;0;1;2;Lines;True;NaN
1399;19220.9901117;94.35572052001953;96.33629608154297;417.0288887023926;120.4145278930664;2.3669866593660784;188;304;False;0;1;2;Lines;True;NaN
1400;19220.9951785;94.1093978881836;95.4797592163086;417.3740234375;120.36006546020508;2.3669866593660784;188;304;False;0;1;2;Lines;True;NaN
1401;19221.0003425;94.2629165649414;95.33018493652344;417.44651794433594;120.25559997558594;2.3669866593660784;188;304;False;0;1;2;Lines;True;NaN
1402;19221.0055561;94.58576202392578;95.90210723876953;417.4295425415039;120.47211074829102;2.3669866593660784;188;304;False;0;1;2;Lines;True;NaN
1403;19221.0105183;95.02938842773438;96.1432876586914;417.4277572631836;120.49627685546875;2.3669866593660784;188;304;False;0;1;2;Lines;True;NaN
1404;19221.0155997;94.30731201171875;95.8482894897461;417.36059188842773;120.41355895996094;2.493787219171683;188;305;False;0;1;2;Lines;True;NaN
1405;19221.0207433;94.5955581665039;96.10726165771484;417.2932929992676;120.3298225402832;2.3669866593660784;188;304;False;0;1;2;Lines;True;NaN
1406;19221.0258797;95.05121612548828;95.91980743408203;417.4292526245117;120.3419418334961;2.493787219171683;188;305;False;0;1;2;Lines;True;NaN
1407;19221.0319209;94.71897888183594;96.3760757446289;417.4347610473633;120.59983444213867;2.3669866593660784;188;304;False;0;1;2;Lines;True;NaN
1408;19221.0361378;94.50431060791016;96.08419036865234;417.4174385070801;120.31354904174805;2.493787219171683;188;305;False;0;1;2;Lines;True;NaN
1409;19221.0423879;94.85639953613281;96.36695098876953;417.3359794616699;120.49189758300781;2.493787219171683;188;305;False;0;1;2;Lines;True;NaN
1410;19221.0462352;94.12987518310547;96.14511108398438;417.3594779968262;120.61585998535156;2.3669866593660784;188;304;False;0;1;2;Lines;True;NaN
1411;19221.0521038;94.4177474975586;95.88906860351562;417.4756507873535;120.471923828125;1.7326605648701625;188;299;False;0;1;2;Lines;True;NaN
1412;19221.0563666;94.66815948486328;95.85147094726562;417.3738021850586;120.11133193969727;2.3669866593660784;188;304;False;0;1;2;Lines;True;NaN
1413;19221.0613135;94.93905639648438;95.72782135009766;417.4741668701172;120.26433563232422;2.3669866593660784;188;304;False;0;1;2;Lines;True;NaN
1414;19221.0664007;94.19071197509766;95.95343780517578;417.5259552001953;120.46683502197266;2.3669866593660784;188;304;False;0;1;2;Lines;True;NaN
1415;19221.0714949;94.3221435546875;95.89832305908203;417.4320602416992;120.3518180847168;2.3669866593660784;188;304;False;0;1;2;Lines;True;NaN
1416;19221.0765442;94.6903076171875;95.58535766601562;417.37213134765625;120.10925674438477;2.3669866593660784;188;304;False;0;1;2;Lines;True;NaN
1417;19221.0816957;94.44035339355469;95.9771499633789;417.06889724731445;119.62051773071289;2.3669866593660784;188;304;False;0;1;2;Lines;True;NaN
1418;19221.0868673;94.3646011352539;95.55988311767578;417.4953842163086;120.1553840637207;2.3669866593660784;188;304;False;0;1;2;Lines;True;NaN
1419;19221.0919294;94.78966522216797;95.67164611816406;417.47270584106445;120.23499298095703;2.3669866593660784;188;304;False;0;1;2;Lines;True;NaN
1420;19221.0971643;94.57574462890625;95.77078247070312;417.0436897277832;120.29923248291016;1.8595647612071242;188;300;False;0;1;2;Lines;True;NaN
1421;19221.1020653;94.3170166015625;96.2114486694336;417.48766326904297;119.47212600708008;2.3669866593660784;188;304;False;0;1;2;Lines;True;NaN
1422;19221.107118;94.80677795410156;96.41537475585938;417.1678886413574;119.37527084350586;2.3669866593660784;188;304;False;0;1;2;Lines;True;NaN
1423;19221.1122263;94.5768814086914;96.2950668334961;417.46131896972656;119.32612609863281;1.351850901653578;188;296;False;0;1;2;Lines;True;NaN
1424;19221.117306;94.56986999511719;95.7327880859375;417.47481536865234;120.15440368652344;2.240162896311483;188;303;False;0;1;2;Lines;True;NaN
1425;19221.1223833;93.94266510009766;95.87207794189453;417.08086013793945;120.41342544555664;2.3669866593660784;188;304;False;0;1;2;Lines;True;NaN
1426;19221.127616;95.09918212890625;95.8887710571289;417.4896774291992;120.46462631225586;2.3669866593660784;188;304;False;0;1;2;Lines;True;NaN
1427;19221.1329922;93.82766723632812;95.52478790283203;417.4277992248535;120.24427795410156;2.3669866593660784;188;304;False;0;1;2;Lines;True;NaN
1428;19221.137595;94.40058898925781;96.0567626953125;417.3897895812988;120.37756729125977;2.3669866593660784;188;304;False;0;1;2;Lines;True;NaN
1429;19221.1459551;94.59727478027344;96.02671813964844;417.3949737548828;120.42668914794922;2.3669866593660784;188;304;False;0;1;2;Lines;True;NaN
1430;19221.1499439;94.4414291381836;96.19328308105469;417.36269760131836;120.41236877441406;2.3669866593660784;188;304;False;0;1;2;Lines;True;NaN
1431;19221.1527849;94.950439453125;96.10511016845703;417.39862060546875;120.27725982666016;2.3669866593660784;188;304;False;0;1;2;Lines;True;NaN
1432;19221.1595912;94.62273406982422;96.12586212158203;417.3761177062988;120.3147201538086;2.493787219171683;188;305;False;0;1;2;Lines;True;NaN
1433;19221.1640412;95.19324493408203;95.94615173339844;417.3805961608887;120.56000137329102;2.493787219171683;188;305;False;0;1;2;Lines;True;NaN
1434;19221.1689192;94.7901611328125;96.16305541992188;417.43499755859375;120.3753776550293;2.3669866593660784;188;304;False;0;1;2;Lines;True;NaN
1435;19221.174068;94.38489532470703;95.56250762939453;417.3216209411621;120.33781433105469;2.1133171667255723;188;302;False;0;1;2;Lines;True;NaN
1436;19221.1784177;94.85982513427734;96.09263610839844;417.51673126220703;120.69356155395508;2.493787219171683;188;305;False;0;1;2;Lines;True;NaN
1437;19221.1833565;94.24014282226562;96.4176025390625;417.3241767883301;120.39052963256836;2.493787219171683;188;305;False;0;1;2;Lines;True;NaN
1438;19221.1883898;94.8984603881836;95.91322326660156;417.38562393188477;120.47159194946289;2.3669866593660784;188;304;False;0;1;2;Lines;True;NaN
1439;19221.1934862;94.82745361328125;96.16869354248047;417.5204277038574;120.51498413085938;2.3669866593660784;188;304;False;0;1;2;Lines;True;NaN
1440;19221.1985682;94.59935760498047;96.05442810058594;417.603572845459;120.41562271118164;2.3669866593660784;188;304;False;0;1;2;Lines;True;NaN
1441;19221.2036105;94.37162780761719;95.58817291259766;417.3935546875;120.21013259887695;2.3669866593660784;188;304;False;0;1;2;Lines;True;NaN
1442;19221.2087368;94.90489959716797;96.1943588256836;417.65129470825195;119.50149154663086;2.3669866593660784;188;304;False;0;1;2;Lines;True;NaN
1443;19221.2137622;95.15245056152344;96.97421264648438;417.5188865661621;119.63803482055664;2.3669866593660784;188;304;False;0;1;2;Lines;True;NaN
1444;19221.2189389;94.5243148803711;96.10244750976562;417.5225257873535;120.46830749511719;2.3669866593660784;188;304;False;0;1;2;Lines;True;NaN
1445;19221.2240436;94.8661880493164;96.13206481933594;417.48123931884766;119.47631454467773;2.3669866593660784;188;304;False;0;1;2;Lines;True;NaN
1446;19221.2290091;94.4669418334961;97.13320922851562;417.5159225463867;120.1670913696289;2.3669866593660784;188;304;False;0;1;2;Lines;True;NaN
1447;19221.2341778;94.92748260498047;95.97669982910156;417.49950408935547;119.70941925048828;2.3669866593660784;188;304;False;0;1;2;Lines;True;NaN
1448;19221.2403527;94.98504638671875;96.60645294189453;417.4560012817383;119.75100708007812;2.3669866593660784;188;304;False;0;1;2;Lines;True;NaN
1449;19221.244377;94.3449478149414;95.90708923339844;417.5223731994629;120.340576171875;2.3669866593660784;188;304;False;0;1;2;Lines;True;NaN
1450;19221.2500508;95.32759857177734;95.84554290771484;417.510498046875;119.50840377807617;2.3669866593660784;188;304;False;0;1;2;Lines;True;NaN
1451;19221.2547402;94.00262451171875;95.74105834960938;417.05252838134766;120.41371536254883;2.3669866593660784;188;304;False;0;1;2;Lines;True;NaN
1452;19221.2612607;94.80835723876953;95.87617492675781;417.58238983154297;120.50440979003906;1.2248861336786305;188;295;False;0;1;2;Lines;True;NaN
1453;19221.2647836;94.61795043945312;96.0626449584961;417.12675857543945;120.29623413085938;1.351850901653578;188;296;False;0;1;2;Lines;True;NaN
1454;19221.2697705;94.7515869140625;95.92862701416016;417.4258041381836;120.44873046875;2.3669866593660784;188;304;False;0;1;2;Lines;True;NaN
1455;19221.2748086;94.65734100341797;95.55591583251953;417.408935546875;120.35134887695312;2.3669866593660784;188;304;False;0;1;2;Lines;True;NaN
1456;19221.2798641;95.0304946899414;95.87451171875;417.4136428833008;120.43844223022461;2.3669866593660784;188;304;False;0;1;2;Lines;True;NaN
1457;19221.2849277;94.63727569580078;95.70899200439453;417.31218338012695;120.41205215454102;1.4788023921856344;188;297;False;0;1;2;Lines;True;NaN
1458;19221.2901234;94.87629699707031;95.7613296508789;417.4416809082031;120.42048645019531;2.3669866593660784;188;304;False;0;1;2;Lines;True;NaN
1459;19221.2951421;95.21047973632812;96.05706787109375;417.4211959838867;120.42633056640625;2.493787219171683;188;305;False;0;1;2;Lines;True;NaN
1460;19221.3001626;94.79817962646484;96.07726287841797;417.3895072937012;120.46121215820312;1.351850901653578;188;296;False;0;1;2;Lines;True;NaN
1461;19221.3052084;94.75637817382812;96.22869110107422;417.4545555114746;120.56314086914062;2.3669866593660784;188;304;False;0;1;2;Lines;True;NaN
1462;19221.3103157;94.6722183227539;95.95744323730469;417.45468521118164;120.43465423583984;2.493787219171683;188;305;False;0;1;2;Lines;True;NaN
1463;19221.3157685;94.77101135253906;95.97794342041016;417.4365234375;120.55003356933594;2.3669866593660784;188;304;False;0;1;2;Lines;True;NaN
1464;19221.3205645;95.03974151611328;96.07135009765625;417.3421096801758;120.39070510864258;1.9864507086157592;188;301;False;0;1;2;Lines;True;NaN
1465;19221.3264355;94.67388916015625;95.71837615966797;417.4893493652344;119.55465316772461;1.9864507086157592;188;301;False;0;1;2;Lines;True;NaN
1466;19221.3307686;94.58468627929688;96.02098846435547;417.4894828796387;120.5135383605957;1.7326605648701625;188;299;False;0;1;2;Lines;True;NaN
1467;19221.3357218;95.13407135009766;95.6888198852539;417.5615768432617;119.57603073120117;2.3669866593660784;188;304;False;0;1;2;Lines;True;NaN
1468;19221.3409193;93.96826934814453;95.59141540527344;417.2983589172363;120.24705505371094;2.3669866593660784;188;304;False;0;1;2;Lines;True;NaN
1469;19221.3460077;95.05892944335938;95.1791000366211;417.5348663330078;119.37459182739258;2.3669866593660784;188;304;False;0;1;2;Lines;True;NaN
1470;19221.3510935;94.6745834350586;96.02143096923828;417.08702850341797;119.34654235839844;2.3669866593660784;188;304;False;0;1;2;Lines;True;NaN
1471;19221.3560398;94.5926513671875;95.9125747680664;417.035831451416;119.50032424926758;2.3669866593660784;188;304;False;0;1;2;Lines;True;NaN
1472;19221.3614108;94.49027252197266;96.35888671875;417.47211837768555;119.69210815429688;2.3669866593660784;188;304;False;0;1;2;Lines;True;NaN
1473;19221.3662211;94.50537872314453;95.98895263671875;416.9111747741699;119.28175735473633;2.3669866593660784;188;304;False;0;1;2;Lines;True;NaN
1474;19221.3713663;94.91999053955078;95.79200744628906;417.1082191467285;120.4952621459961;2.3669866593660784;188;304;False;0;1;2;Lines;True;NaN
1475;19221.3766325;95.24381256103516;95.63760375976562;417.56793212890625;119.43588256835938;2.3669866593660784;188;304;False;0;1;2;Lines;True;NaN
1476;19221.3816455;94.65238189697266;95.69713592529297;417.000919342041;120.18817138671875;2.3669866593660784;188;304;False;0;1;2;Lines;True;NaN
1477;19221.3866918;94.56604766845703;95.98957824707031;417.49013900756836;119.6723403930664;2.3669866593660784;188;304;False;0;1;2;Lines;True;NaN
1478;19221.3917762;94.35580444335938;96.28619384765625;417.4441947937012;119.86664962768555;2.3669866593660784;188;304;False;0;1;2;Lines;True;NaN
1479;19221.3969175;94.79859924316406;96.23248291015625;417.64738845825195;119.53544235229492;2.3669866593660784;188;304;False;0;1;2;Lines;True;NaN
1480;19221.4019912;95.22415161132812;95.82916259765625;417.49856185913086;120.4740982055664;2.3669866593660784;188;304;False;0;1;2;Lines;True;NaN
1481;19221.4069865;94.93678283691406;95.89176940917969;417.51996994018555;120.46135711669922;1.7326605648701625;188;299;False;0;1;2;Lines;True;NaN
1482;19221.412822;94.9708480834961;96.15020751953125;417.4667549133301;120.38635635375977;1.6057393610483632;188;298;False;0;1;2;Lines;True;NaN
1483;19221.4170151;94.7874526977539;95.79608917236328;416.9832992553711;120.47964096069336;2.3669866593660784;188;304;False;0;1;2;Lines;True;NaN
1484;19221.422198;94.9788818359375;95.48389434814453;417.4993591308594;120.33635711669922;2.3669866593660784;188;304;False;0;1;2;Lines;True;NaN
1485;19221.4281572;94.62911224365234;95.92961120605469;417.50762939453125;120.37760925292969;1.6057393610483632;188;298;False;0;1;2;Lines;True;NaN
1486;19221.4334643;94.69536590576172;95.8864974975586;417.44002532958984;120.47248458862305;2.3669866593660784;188;304;False;0;1;2;Lines;True;NaN
1487;19221.4376881;94.90211486816406;95.50948333740234;417.5227584838867;120.2893180847168;2.3669866593660784;188;304;False;0;1;2;Lines;True;NaN
1488;19221.4424416;94.27024841308594;95.43706512451172;416.9653015136719;120.35298538208008;2.3669866593660784;188;304;False;0;1;2;Lines;True;NaN
1489;19221.4474423;94.79715728759766;95.93931579589844;417.45714569091797;120.40569305419922;2.3669866593660784;188;304;False;0;1;2;Lines;True;NaN
1490;19221.4526777;94.49624633789062;95.89033508300781;417.47687911987305;120.42621994018555;2.3669866593660784;188;304;False;0;1;2;Lines;True;NaN
1491;19221.4579783;94.4364013671875;95.64828491210938;417.4150390625;119.61363983154297;1.6057393610483632;188;298;False;0;1;2;Lines;True;NaN
1492;19221.4627479;94.36357879638672;95.7505111694336;416.9450454711914;120.26678085327148;2.3669866593660784;188;304;False;0;1;2;Lines;True;NaN
1493;19221.4679056;94.63090515136719;96.09040832519531;417.5391616821289;120.37546920776367;2.3669866593660784;188;304;False;0;1;2;Lines;True;NaN
1494;19221.4729072;94.75808715820312;95.4359130859375;417.5550842285156;120.2940673828125;2.3669866593660784;188;304;False;0;1;2;Lines;True;NaN
1495;19221.478161;93.84310913085938;95.48469543457031;417.04227447509766;120.31905364990234;2.3669866593660784;188;304;False;0;1;2;Lines;True;NaN
1496;19221.4831861;94.34519958496094;95.99006652832031;417.7495880126953;120.34766387939453;2.3669866593660784;188;304;False;0;1;2;Lines;True;NaN
1497;19221.4883193;95.1008071899414;95.88665771484375;417.5032539367676;119.46951293945312;2.3669866593660784;188;304;False;0;1;2;Lines;True;NaN
1498;19221.4934048;94.9734878540039;95.1852798461914;416.98889541625977;119.33779525756836;2.3669866593660784;188;304;False;0;1;2;Lines;True;NaN
1499;19221.49849;94.51838684082031;95.44670104980469;417.4568405151367;120.4177017211914;2.3669866593660784;188;304;False;0;1;2;Lines;True;NaN
1500;19221.5035614;94.8372573852539;96.0746841430664;417.4379348754883;120.31787872314453;2.3669866593660784;188;304;False;0;1;2;Lines;True;NaN
1501;19221.5096641;95.09272003173828;95.36026763916016;417.55982971191406;120.27661514282227;2.3669866593660784;188;304;False;0;1;2;Lines;True;NaN
1502;19221.5135271;94.59809112548828;96.29190826416016;417.10318756103516;119.5205307006836;2.3669866593660784;188;304;False;0;1;2;Lines;True;NaN
1503;19221.5188964;94.91050720214844;96.13219451904297;417.4413871765137;119.54324722290039;1.6057393610483632;188;298;False;0;1;2;Lines;True;NaN
1504;19221.5242002;94.3471450805664;96.28024291992188;417.5114288330078;119.47757720947266;2.3669866593660784;188;304;False;0;1;2;Lines;True;NaN
1505;19221.5288463;94.04781341552734;95.44685363769531;417.4281997680664;120.1748161315918;2.3669866593660784;188;304;False;0;1;2;Lines;True;NaN
1506;19221.5342332;94.97467803955078;96.70429229736328;417.4512596130371;119.59891128540039;2.3669866593660784;188;304;False;0;1;2;Lines;True;NaN
1507;19221.5391384;95.25697326660156;95.33255767822266;417.4935188293457;119.39806365966797;2.3669866593660784;188;304;False;0;1;2;Lines;True;NaN
1508;19221.5440682;94.70420837402344;95.19868469238281;417.4072074890137;119.3127212524414;1.7326605648701625;188;299;False;0;1;2;Lines;True;NaN
1509;19221.5491533;94.22676086425781;96.12393188476562;417.56092834472656;120.35056686401367;2.3669866593660784;188;304;False;0;1;2;Lines;True;NaN
1510;19221.5549872;94.23471069335938;96.1441650390625;417.03930282592773;120.41349792480469;2.3669866593660784;188;304;False;0;1;2;Lines;True;NaN
1511;19221.5593985;94.71299743652344;95.97785949707031;417.5272216796875;120.48420333862305;2.3669866593660784;188;304;False;0;1;2;Lines;True;NaN
1512;19221.5644247;95.00155639648438;96.22071838378906;417.50624084472656;120.66711807250977;2.3669866593660784;188;304;False;0;1;2;Lines;True;NaN
1513;19221.5695747;94.56023406982422;95.99745178222656;417.44407653808594;120.54673767089844;0.8439246186498166;188;292;False;0;1;2;Lines;True;NaN
1514;19221.5745965;95.09487915039062;95.9030532836914;417.4654083251953;120.40586471557617;2.3669866593660784;188;304;False;0;1;2;Lines;True;NaN
1515;19221.5797015;94.72303009033203;95.96843719482422;417.5165710449219;120.5185317993164;2.3669866593660784;188;304;False;0;1;2;Lines;True;NaN
1516;19221.5850755;94.64481353759766;96.2881088256836;417.36377334594727;120.32550048828125;1.351850901653578;188;296;False;0;1;2;Lines;True;NaN
1517;19221.590105;95.00812530517578;95.32927703857422;417.47108459472656;120.3405647277832;2.3669866593660784;188;304;False;0;1;2;Lines;True;NaN
1518;19221.5950006;93.88982391357422;95.63501739501953;416.9808235168457;120.28115463256836;2.3669866593660784;188;304;False;0;1;2;Lines;True;NaN
1519;19221.6002675;94.47783660888672;95.85798645019531;417.0239067077637;119.59990310668945;2.3669866593660784;188;304;False;0;1;2;Lines;True;NaN
1520;19221.6052136;94.38703155517578;95.41154479980469;417.4597854614258;119.3641471862793;1.9864507086157592;188;301;False;0;1;2;Lines;True;NaN
1521;19221.6106884;94.49903869628906;95.90106201171875;417.59728622436523;120.38768005371094;2.3669866593660784;188;304;False;0;1;2;Lines;True;NaN
1522;19221.6160219;94.16899108886719;96.36136627197266;417.4307403564453;119.54599380493164;2.3669866593660784;188;304;False;0;1;2;Lines;True;NaN
1523;19221.6212354;94.87945556640625;95.62175750732422;417.50835037231445;120.1658821105957;2.3669866593660784;188;304;False;0;1;2;Lines;True;NaN
1524;19221.6260115;94.1092529296875;95.68849182128906;417.4592514038086;119.5616683959961;2.3669866593660784;188;304;False;0;1;2;Lines;True;NaN
1525;19221.6305269;94.71580505371094;96.23460388183594;417.5460510253906;119.61028289794922;2.3669866593660784;188;304;False;0;1;2;Lines;True;NaN
1526;19221.6355919;95.48921966552734;96.68306732177734;416.65824127197266;119.79385375976562;1.9864507086157592;188;301;False;0;1;2;Lines;True;NaN
1527;19221.6407605;94.56781768798828;96.11390686035156;417.42493057250977;119.5183219909668;2.1133171667255723;188;302;False;0;1;2;Lines;True;NaN
1528;19221.6458181;95.4827651977539;96.57138061523438;417.24047470092773;119.44835662841797;2.1133171667255723;188;302;False;0;1;2;Lines;True;NaN
1529;19221.650838;94.68522644042969;96.69237518310547;417.49625396728516;119.88378524780273;2.3669866593660784;188;304;False;0;1;2;Lines;True;NaN
1530;19221.6560028;94.69551849365234;96.17040252685547;417.43274688720703;119.58046340942383;2.3669866593660784;188;304;False;0;1;2;Lines;True;NaN
1531;19221.6612367;93.9848403930664;95.71031951904297;417.1288185119629;120.4150619506836;2.3669866593660784;188;304;False;0;1;2;Lines;True;NaN
1532;19221.6662799;94.55267333984375;96.43128204345703;417.6553192138672;119.80342483520508;1.9864507086157592;188;301;False;0;1;2;Lines;True;NaN
1533;19221.6711707;94.78657531738281;96.28543853759766;417.4457321166992;120.31567764282227;2.3669866593660784;188;304;False;0;1;2;Lines;True;NaN
1534;19221.6763806;94.52867889404297;95.43221282958984;417.41848373413086;120.29788208007812;2.3669866593660784;188;304;False;0;1;2;Lines;True;NaN
1535;19221.6813257;94.50270080566406;96.54621124267578;417.5869026184082;120.63820266723633;1.9864507086157592;188;301;False;0;1;2;Lines;True;NaN
1536;19221.6865411;94.59375;95.50466918945312;417.4591598510742;120.27169036865234;2.3669866593660784;188;304;False;0;1;2;Lines;True;NaN
1537;19221.692498;93.99224853515625;96.16732025146484;417.5438232421875;120.61205673217773;2.3669866593660784;188;304;False;0;1;2;Lines;True;NaN
1538;19221.6972116;94.78498840332031;96.08126068115234;417.5404624938965;120.58049774169922;2.493787219171683;188;305;False;0;1;2;Lines;True;NaN
1539;19221.7035272;94.71864318847656;95.8154067993164;417.3019599914551;120.35441207885742;2.3669866593660784;188;304;False;0;1;2;Lines;True;NaN
1540;19221.7068746;94.18539428710938;96.2021255493164;417.4153251647949;120.53195571899414;2.3669866593660784;188;304;False;0;1;2;Lines;True;NaN
1541;19221.712657;94.40766143798828;95.89328002929688;417.61602783203125;120.43890762329102;2.3669866593660784;188;304;False;0;1;2;Lines;True;NaN
1542;19221.7170727;94.16100311279297;95.43558502197266;417.49048233032227;120.34728240966797;2.3669866593660784;188;304;False;0;1;2;Lines;True;NaN
1543;19221.7219602;94.44622039794922;96.0799560546875;417.4661293029785;120.43655776977539;1.8595647612071242;188;300;False;0;1;2;Lines;True;NaN
1544;19221.7270106;94.92137908935547;96.03126525878906;417.6248588562012;120.47234344482422;2.3669866593660784;188;304;False;0;1;2;Lines;True;NaN
1545;19221.7320938;94.72164154052734;95.44017028808594;417.4930839538574;120.27161407470703;2.3669866593660784;188;304;False;0;1;2;Lines;True;NaN
1546;19221.7381422;94.55304718017578;95.19322204589844;417.4107360839844;119.35954284667969;2.3669866593660784;188;304;False;0;1;2;Lines;True;NaN
1547;19221.742285;95.06492614746094;95.76891326904297;417.3754425048828;120.37236022949219;1.9864507086157592;188;301;False;0;1;2;Lines;True;NaN
1548;19221.7474268;95.02587127685547;95.65660095214844;417.4197463989258;120.27527236938477;2.3669866593660784;188;304;False;0;1;2;Lines;True;NaN
1549;19221.7525492;94.23738861083984;95.45925903320312;417.41835021972656;120.31423568725586;2.3669866593660784;188;304;False;0;1;2;Lines;True;NaN
1550;19221.7576783;93.99005889892578;96.39008331298828;417.09286880493164;120.43978881835938;2.3669866593660784;188;304;False;0;1;2;Lines;True;NaN
1551;19221.7627123;94.27754974365234;96.19031524658203;417.0644340515137;119.52033233642578;1.6057393610483632;188;298;False;0;1;2;Lines;True;NaN
1552;19221.7677533;95.34934997558594;96.0055923461914;417.5346221923828;119.56745147705078;2.3669866593660784;188;304;False;0;1;2;Lines;True;NaN
1553;19221.7729279;94.52816009521484;96.26976776123047;416.9697914123535;119.64392852783203;2.3669866593660784;188;304;False;0;1;2;Lines;True;NaN
1554;19221.7780047;95.055908203125;95.58123016357422;417.5141410827637;120.24518966674805;2.3669866593660784;188;304;False;0;1;2;Lines;True;NaN
1555;19221.7834887;94.52755737304688;95.91726684570312;417.0164108276367;120.41022872924805;2.3669866593660784;188;304;False;0;1;2;Lines;True;NaN
1556;19221.7879676;94.66389465332031;95.38031768798828;417.5125617980957;119.3282585144043;2.3669866593660784;188;304;False;0;1;2;Lines;True;NaN
1557;19221.7942523;95.49212646484375;96.03254699707031;417.4998550415039;120.43059539794922;2.3669866593660784;188;304;False;0;1;2;Lines;True;NaN
1558;19221.7984384;94.48920440673828;95.98768615722656;417.5343704223633;120.34375762939453;2.3669866593660784;188;304;False;0;1;2;Lines;True;NaN
1559;19221.8035399;94.79318237304688;96.03256225585938;417.03322982788086;120.42283248901367;2.3669866593660784;188;304;False;0;1;2;Lines;True;NaN
1560;19221.8090411;94.54924774169922;95.42662811279297;417.40252685546875;120.2563705444336;2.3669866593660784;188;304;False;0;1;2;Lines;True;NaN
1561;19221.8134602;95.43254852294922;95.83428955078125;417.5231742858887;119.47607421875;2.3669866593660784;188;304;False;0;1;2;Lines;True;NaN
1562;19221.8185101;95.12665557861328;96.44654846191406;417.5277900695801;120.50459289550781;2.3669866593660784;188;304;False;0;1;2;Lines;True;NaN
1563;19221.8235699;94.8837890625;96.28558349609375;417.61086654663086;119.58174133300781;2.3669866593660784;188;304;False;0;1;2;Lines;True;NaN
1564;19221.8292405;95.26892852783203;95.63367462158203;417.51273345947266;120.46551513671875;2.3669866593660784;188;304;False;0;1;2;Lines;True;NaN
1565;19221.8337741;94.49278259277344;95.72759246826172;417.48445892333984;119.59288787841797;2.3669866593660784;188;304;False;0;1;2;Lines;True;NaN
1566;19221.8388269;94.36762237548828;95.5520248413086;417.47232818603516;120.27405166625977;2.3669866593660784;188;304;False;0;1;2;Lines;True;NaN
1567;19221.8440654;95.25702667236328;95.63501739501953;417.5273094177246;120.28115463256836;2.3669866593660784;188;304;False;0;1;2;Lines;True;NaN
1568;19221.8489579;94.49628448486328;96.14258575439453;417.47474670410156;120.38724517822266;2.3669866593660784;188;304;False;0;1;2;Lines;True;NaN
1569;19221.854129;94.240966796875;95.46463012695312;417.40400314331055;120.2767219543457;1.7326605648701625;188;299;False;0;1;2;Lines;True;NaN
1570;19221.8592062;95.03858184814453;95.62508392333984;417.4708709716797;120.33700561523438;2.3669866593660784;188;304;False;0;1;2;Lines;True;NaN
1571;19221.8641868;94.15845489501953;95.9429931640625;417.61219787597656;120.36782836914062;2.3669866593660784;188;304;False;0;1;2;Lines;True;NaN
1572;19221.8693599;94.34536743164062;95.94527435302734;417.4972114562988;120.35797500610352;1.2221772995787847;187;295;False;0;1;2;Lines;True;NaN
1573;19221.8744439;94.7758560180664;95.41537475585938;417.9016742706299;120.27522659301758;2.3669866593660784;188;304;False;0;1;2;Lines;True;NaN
1574;19221.8796057;94.66525268554688;95.49747467041016;417.3987350463867;120.2457504272461;2.3669866593660784;188;304;False;0;1;2;Lines;True;NaN
1575;19221.8847107;94.74620819091797;96.09932708740234;417.3809928894043;120.3597412109375;2.3669866593660784;188;304;False;0;1;2;Lines;True;NaN
1576;19221.8899035;94.71125793457031;95.95014953613281;417.50061416625977;120.45294952392578;2.3669866593660784;188;304;False;0;1;2;Lines;True;NaN
1577;19221.8947705;94.56123352050781;96.0507583618164;417.50469970703125;120.4754524230957;2.3669866593660784;188;304;False;0;1;2;Lines;True;NaN
1578;19221.9000364;94.7479019165039;95.7973861694336;417.6150932312012;120.1272087097168;2.3669866593660784;188;304;False;0;1;2;Lines;True;NaN
1579;19221.90487;93.9135971069336;95.95565032958984;417.04273986816406;120.40596771240234;2.3669866593660784;188;304;False;0;1;2;Lines;True;NaN
1580;19221.9099759;94.85147857666016;96.13414764404297;417.39173126220703;120.32120132446289;2.3669866593660784;188;304;False;0;1;2;Lines;True;NaN
1581;19221.9150698;95.17023468017578;95.55558776855469;417.48340606689453;120.28301620483398;2.3669866593660784;188;304;False;0;1;2;Lines;True;NaN
1582;19221.9201386;94.62066650390625;95.28543090820312;417.688419342041;119.31457138061523;1.6057393610483632;188;298;False;0;1;2;Lines;True;NaN
1583;19221.9259546;94.55140686035156;95.57025146484375;417.3724250793457;120.431884765625;2.3669866593660784;188;304;False;0;1;2;Lines;True;NaN
1584;19221.9302633;94.71099090576172;95.18940734863281;416.57994079589844;119.34689712524414;2.3669866593660784;188;304;False;0;1;2;Lines;True;NaN
1585;19221.9356044;94.4312973022461;95.49446868896484;417.50152587890625;120.21953964233398;2.3669866593660784;188;304;False;0;1;2;Lines;True;NaN
1586;19221.9405724;94.62960815429688;96.28206634521484;417.5080451965332;120.39535522460938;2.3669866593660784;188;304;False;0;1;2;Lines;True;NaN
1587;19221.9456665;94.32330322265625;95.61358642578125;417.44922256469727;120.35970687866211;1.8595647612071242;188;300;False;0;1;2;Lines;True;NaN
1588;19221.9507946;94.51181030273438;96.21585845947266;417.38096618652344;120.41592025756836;2.3669866593660784;188;304;False;0;1;2;Lines;True;NaN
1589;19221.9558379;94.19139862060547;95.41796112060547;417.3126029968262;120.28922653198242;2.3669866593660784;188;304;False;0;1;2;Lines;True;NaN
1590;19221.9609163;94.69144439697266;96.04737091064453;417.36884689331055;120.44721221923828;2.3669866593660784;188;304;False;0;1;2;Lines;True;NaN
1591;19221.9659565;94.65052795410156;96.23861694335938;417.4204521179199;120.44343185424805;2.3669866593660784;188;304;False;0;1;2;Lines;True;NaN
1592;19221.9716043;95.23856353759766;95.62842559814453;417.4423065185547;119.54308700561523;2.3669866593660784;188;304;False;0;1;2;Lines;True;NaN
1593;19221.9761187;94.14033508300781;95.99897766113281;417.6006202697754;120.3810806274414;2.1133171667255723;188;302;False;0;1;2;Lines;True;NaN
1594;19221.9830994;95.07174682617188;95.67750549316406;417.4336929321289;119.50538635253906;2.1133171667255723;188;302;False;0;1;2;Lines;True;NaN
1595;19221.9863258;94.67243957519531;96.10466766357422;417.0988655090332;120.3782730102539;2.3669866593660784;188;304;False;0;1;2;Lines;True;NaN
1596;19221.9920769;95.06021881103516;95.64352416992188;417.68123626708984;120.3316421508789;2.3669866593660784;188;304;False;0;1;2;Lines;True;NaN
1597;19221.9970602;94.84197235107422;95.94392395019531;417.4262390136719;120.44316864013672;2.3669866593660784;188;304;False;0;1;2;Lines;True;NaN
1598;19222.0015652;94.44546508789062;95.98568725585938;417.14190673828125;120.4037857055664;2.3669866593660784;188;304;False;0;1;2;Lines;True;NaN
1599;19222.0066231;94.66178131103516;96.06792449951172;417.1040153503418;120.44952774047852;2.3669866593660784;188;304;False;0;1;2;Lines;True;NaN
1600;19222.0116348;94.4034194946289;96.48712158203125;417.33118438720703;119.66202545166016;2.3669866593660784;188;304;False;0;1;2;Lines;True;NaN
1601;19222.0167943;94.8352279663086;95.63363647460938;417.5359802246094;119.52581787109375;2.3669866593660784;188;304;False;0;1;2;Lines;True;NaN
1602;19222.0218066;94.96131896972656;95.64143371582031;417.6125793457031;120.19305801391602;2.3669866593660784;188;304;False;0;1;2;Lines;True;NaN
1603;19222.0269907;94.6313705444336;96.04835510253906;417.6128692626953;119.5423469543457;1.9864507086157592;188;301;False;0;1;2;Lines;True;NaN
1604;19222.0320443;94.70075988769531;95.9629898071289;416.9868698120117;120.36817169189453;2.3669866593660784;188;304;False;0;1;2;Lines;True;NaN
1605;19222.0373758;94.87909698486328;96.0863037109375;417.0726318359375;119.57587051391602;2.3669866593660784;188;304;False;0;1;2;Lines;True;NaN
1606;19222.0423225;94.74036407470703;96.21326446533203;417.0128402709961;119.81109619140625;2.3669866593660784;188;304;False;0;1;2;Lines;True;NaN
1607;19222.0472812;95.03881072998047;95.35790252685547;417.4191780090332;119.52160263061523;2.3669866593660784;188;304;False;0;1;2;Lines;True;NaN
1608;19222.0524576;94.59140014648438;96.12281036376953;417.5726776123047;120.37384033203125;2.3669866593660784;188;304;False;0;1;2;Lines;True;NaN
1609;19222.0574538;94.51773071289062;95.64032745361328;417.46856689453125;119.46513366699219;2.3669866593660784;188;304;False;0;1;2;Lines;True;NaN
1610;19222.0625818;95.09747314453125;95.54784393310547;417.52995681762695;120.21012496948242;2.3669866593660784;188;304;False;0;1;2;Lines;True;NaN
1611;19222.0676904;94.91507720947266;95.32334899902344;417.5474662780762;120.20409774780273;2.3669866593660784;188;304;False;0;1;2;Lines;True;NaN
1612;19222.0726422;94.56603240966797;95.4015884399414;417.57869720458984;120.33079528808594;1.351850901653578;188;296;False;0;1;2;Lines;True;NaN
1613;19222.0792166;94.53271484375;95.63353729248047;417.470272064209;120.43559646606445;2.493787219171683;188;305;False;0;1;2;Lines;True;NaN
1614;19222.0842234;94.63603973388672;95.90042114257812;417.47174072265625;120.44244384765625;2.493787219171683;188;305;False;0;1;2;Lines;True;NaN
1615;19222.0880051;94.74015045166016;96.1039810180664;417.5103302001953;120.59344863891602;2.3669866593660784;188;304;False;0;1;2;Lines;True;NaN
1616;19222.0929596;94.71051025390625;96.00938415527344;417.5035858154297;120.40777206420898;2.3669866593660784;188;304;False;0;1;2;Lines;True;NaN
1617;19222.0980057;94.0703125;95.31385803222656;417.4485206604004;120.30856323242188;2.3669866593660784;188;304;False;0;1;2;Lines;True;NaN
1618;19222.103061;94.43490600585938;95.99439239501953;417.66820526123047;120.38944244384766;2.3669866593660784;188;304;False;0;1;2;Lines;True;NaN
1619;19222.1080774;94.8071517944336;95.8229751586914;417.5339813232422;120.4478645324707;2.3669866593660784;188;304;False;0;1;2;Lines;True;NaN
1620;19222.1133827;94.47209930419922;95.94782257080078;417.01993560791016;120.18790435791016;2.3669866593660784;188;304;False;0;1;2;Lines;True;NaN
1621;19222.1184595;94.47965240478516;96.10259246826172;417.5267753601074;120.43082427978516;2.3669866593660784;188;304;False;0;1;2;Lines;True;NaN
1622;19222.1234606;94.3561019897461;95.80754852294922;417.36841583251953;120.35951232910156;2.3669866593660784;188;304;False;0;1;2;Lines;True;NaN
1623;19222.1284557;94.19868469238281;95.41512298583984;417.56444549560547;120.20361328125;2.3669866593660784;188;304;False;0;1;2;Lines;True;NaN
1624;19222.1335358;94.4636001586914;95.21385955810547;416.98107528686523;120.22909545898438;2.3669866593660784;188;304;False;0;1;2;Lines;True;NaN
1625;19222.1388208;94.6381607055664;95.54254913330078;417.4325637817383;120.25753402709961;1.9864507086157592;188;301;False;0;1;2;Lines;True;NaN
1626;19222.143746;94.70512390136719;95.76428985595703;417.38958740234375;119.46503829956055;2.3669866593660784;188;304;False;0;1;2;Lines;True;NaN
1627;19222.1487664;95.04817199707031;95.2975845336914;417.3230857849121;119.41572952270508;2.3669866593660784;188;304;False;0;1;2;Lines;True;NaN
1628;19222.15394;94.49232482910156;95.89923095703125;417.50000381469727;120.46492385864258;1.6057393610483632;188;298;False;0;1;2;Lines;True;NaN
1629;19222.1597279;94.47735595703125;95.97821807861328;417.5812759399414;120.38433837890625;2.3669866593660784;188;304;False;0;1;2;Lines;True;NaN
1630;19222.164046;94.28862762451172;95.71444702148438;417.4051284790039;119.58649063110352;2.3669866593660784;188;304;False;0;1;2;Lines;True;NaN
1631;19222.1709529;94.75897979736328;95.92313385009766;417.51771545410156;120.38693618774414;2.3669866593660784;188;304;False;0;1;2;Lines;True;NaN
1632;19222.174354;94.51217651367188;95.79227447509766;417.4253044128418;119.61691284179688;2.3669866593660784;188;304;False;0;1;2;Lines;True;NaN
1633;19222.1801367;94.49211883544922;95.69144439697266;417.3895492553711;119.49656677246094;2.620563340372244;188;306;False;0;1;2;Lines;True;NaN
1634;19222.18525;94.68804931640625;95.4609603881836;417.5190887451172;120.276611328125;2.3669866593660784;188;304;False;0;1;2;Lines;True;NaN
1635;19222.1894976;94.4498062133789;95.6810302734375;417.4557228088379;119.46384048461914;2.3669866593660784;188;304;False;0;1;2;Lines;True;NaN
1636;19222.1945505;94.1982650756836;95.4215316772461;417.5397071838379;120.23562622070312;2.3669866593660784;188;304;False;0;1;2;Lines;True;NaN
1637;19222.1996875;95.11666870117188;95.45194244384766;417.4373970031738;120.32748031616211;1.4788023921856344;188;297;False;0;1;2;Lines;True;NaN
1638;19222.2054651;94.3152084350586;95.7664794921875;417.5035095214844;120.4189682006836;2.3669866593660784;188;304;False;0;1;2;Lines;True;NaN
1639;19222.2097916;94.90107727050781;95.78842163085938;416.96936416625977;120.51856994628906;2.3669866593660784;188;304;False;0;1;2;Lines;True;NaN
1640;19222.2148495;94.6422119140625;95.89868927001953;417.0697708129883;119.58065795898438;2.3669866593660784;188;304;False;0;1;2;Lines;True;NaN
1641;19222.2200359;94.61030578613281;95.38882446289062;417.0258483886719;119.35874557495117;2.3669866593660784;188;304;False;0;1;2;Lines;True;NaN
1642;19222.2251235;94.116943359375;95.6666030883789;417.0918426513672;119.46341323852539;2.3669866593660784;188;304;False;0;1;2;Lines;True;NaN
1643;19222.2302568;95.51701354980469;95.86272430419922;417.5063667297363;120.35615921020508;2.3669866593660784;188;304;False;0;1;2;Lines;True;NaN
1644;19222.2351721;94.73670196533203;96.08387756347656;417.4633598327637;120.33236312866211;2.3669866593660784;188;304;False;0;1;2;Lines;True;NaN
1645;19222.2402698;94.47843170166016;95.26275634765625;417.4546356201172;119.3851318359375;2.3669866593660784;188;304;False;0;1;2;Lines;True;NaN
1646;19222.2454001;94.5622329711914;95.33949279785156;416.9216079711914;119.34403991699219;1.9864507086157592;188;301;False;0;1;2;Lines;True;NaN
1647;19222.2514911;94.06843566894531;95.12565612792969;417.0860710144043;119.30940628051758;2.3669866593660784;188;304;False;0;1;2;Lines;True;NaN
1648;19222.2559228;94.16461181640625;95.94786071777344;417.4461975097656;120.40293502807617;2.3669866593660784;188;304;False;0;1;2;Lines;True;NaN
1649;19222.2606048;94.25519561767578;96.26881408691406;417.38801193237305;120.45468521118164;2.3669866593660784;188;304;False;0;1;2;Lines;True;NaN
1650;19222.2678296;94.61591339111328;96.17919158935547;417.4358940124512;120.40837860107422;2.3669866593660784;188;304;False;0;1;2;Lines;True;NaN
1651;19222.271151;94.55143737792969;95.458984375;417.42828369140625;120.25143051147461;2.3669866593660784;188;304;False;0;1;2;Lines;True;NaN
1652;19222.2767744;94.1828842163086;96.14595031738281;417.41273498535156;120.40567016601562;2.3669866593660784;188;304;False;0;1;2;Lines;True;NaN
1653;19222.281875;94.24726104736328;96.30322265625;417.4383430480957;119.8281135559082;2.3669866593660784;188;304;False;0;1;2;Lines;True;NaN
1654;19222.2879257;94.39469146728516;95.89885711669922;417.4275817871094;120.44139099121094;2.1133171667255723;188;302;False;0;1;2;Lines;True;NaN
1655;19222.291183;94.60594940185547;96.14662170410156;417.0498275756836;120.51126480102539;0.9709217461419472;188;293;False;0;1;2;Lines;True;NaN
1656;19222.2961471;94.31140899658203;96.03266906738281;417.4085922241211;120.49686813354492;2.3669866593660784;188;304;False;0;1;2;Lines;True;NaN
1657;19222.3012813;94.75679779052734;95.8235855102539;417.6011543273926;120.41276550292969;2.3669866593660784;188;304;False;0;1;2;Lines;True;NaN
1658;19222.3063405;94.45259094238281;95.9358901977539;417.1678581237793;120.42242813110352;2.3669866593660784;188;304;False;0;1;2;Lines;True;NaN
1659;19222.3114018;94.61248016357422;95.8053970336914;417.3686332702637;120.36670684814453;2.3669866593660784;188;304;False;0;1;2;Lines;True;NaN
1660;19222.3167514;94.92591094970703;95.63397979736328;417.37316131591797;120.33280563354492;2.3669866593660784;188;304;False;0;1;2;Lines;True;NaN
1661;19222.3216228;95.02420806884766;95.53487396240234;417.34375;120.27713394165039;2.3669866593660784;188;304;False;0;1;2;Lines;True;NaN
1662;19222.3268383;94.71450805664062;95.5234375;417.540225982666;120.26194381713867;1.6057393610483632;188;298;False;0;1;2;Lines;True;NaN
1663;19222.3319072;94.3863296508789;95.65911865234375;417.3860054016113;120.29509735107422;2.3669866593660784;188;304;False;0;1;2;Lines;True;NaN
1664;19222.3370335;94.46187591552734;96.12228393554688;417.52810287475586;120.41839981079102;2.3669866593660784;188;304;False;0;1;2;Lines;True;NaN
1665;19222.342044;94.84323120117188;95.1877212524414;417.0112953186035;119.358642578125;2.3669866593660784;188;304;False;0;1;2;Lines;True;NaN
1666;19222.3485874;94.70431518554688;95.56436920166016;417.40429306030273;120.26015853881836;2.3669866593660784;188;304;False;0;1;2;Lines;True;NaN
1667;19222.3522441;94.38845825195312;95.92598724365234;417.4071617126465;120.31976699829102;1.7326605648701625;188;299;False;0;1;2;Lines;True;NaN
1668;19222.3580586;94.12294006347656;96.202880859375;417.3948287963867;120.36824798583984;1.4788023921856344;188;297;False;0;1;2;Lines;True;NaN
1669;19222.3630717;94.06233215332031;96.31498718261719;416.96141052246094;120.46547317504883;2.3669866593660784;188;304;False;0;1;2;Lines;True;NaN
1670;19222.3682906;94.99596405029297;95.82907104492188;417.3442573547363;120.48711013793945;1.6057393610483632;188;298;False;0;1;2;Lines;True;NaN
1671;19222.372563;95.00691223144531;96.105224609375;417.4343681335449;120.4145278930664;2.3669866593660784;188;304;False;0;1;2;Lines;True;NaN
1672;19222.3776017;94.67315673828125;95.83341979980469;417.3651428222656;120.39735794067383;1.2248861336786305;188;295;False;0;1;2;Lines;True;NaN
1673;19222.3826107;94.91154479980469;95.95657348632812;417.3730049133301;120.53582763671875;1.9864507086157592;188;301;False;0;1;2;Lines;True;NaN
1674;19222.3877269;95.00123596191406;95.53205108642578;417.2877311706543;120.32750701904297;2.3669866593660784;188;304;False;0;1;2;Lines;True;NaN
1675;19222.392846;94.6854248046875;96.16615295410156;417.3032455444336;120.52191162109375;2.3669866593660784;188;304;False;0;1;2;Lines;True;NaN
1676;19222.3978665;94.55712890625;95.65129852294922;417.3303413391113;119.36119079589844;2.3669866593660784;188;304;False;0;1;2;Lines;True;NaN
1677;19222.4030162;94.67289733886719;95.25347137451172;417.35120391845703;120.24346923828125;2.3669866593660784;188;304;False;0;1;2;Lines;True;NaN
1678;19222.4081501;95.25404357910156;96.18910217285156;417.5753364562988;120.44302368164062;2.3669866593660784;188;304;False;0;1;2;Lines;True;NaN
1679;19222.4131777;94.36555480957031;96.2078628540039;417.47901153564453;120.44880676269531;2.3669866593660784;188;304;False;0;1;2;Lines;True;NaN
1680;19222.4182369;94.77864074707031;95.42967224121094;417.4929962158203;120.25579833984375;1.9864507086157592;188;301;False;0;1;2;Lines;True;NaN
1681;19222.4232257;94.89971160888672;95.63957977294922;417.4538383483887;120.27642822265625;2.3669866593660784;188;304;False;0;1;2;Lines;True;NaN
1682;19222.4284469;94.6838607788086;95.5174789428711;417.47320556640625;119.28349685668945;2.3669866593660784;188;304;False;0;1;2;Lines;True;NaN
1683;19222.4334138;94.81349182128906;95.97432708740234;417.00642013549805;120.33805847167969;1.6057393610483632;188;298;False;0;1;2;Lines;True;NaN
1684;19222.4385402;94.65373229980469;96.10074615478516;417.3994369506836;120.37898635864258;2.3669866593660784;188;304;False;0;1;2;Lines;True;NaN
1685;19222.4439109;95.10261535644531;95.2424087524414;417.50453186035156;119.27444839477539;2.3669866593660784;188;304;False;0;1;2;Lines;True;NaN
1686;19222.4487389;94.64990997314453;95.79783630371094;417.61561584472656;119.41938018798828;2.3669866593660784;188;304;False;0;1;2;Lines;True;NaN
1687;19222.4537821;94.73882293701172;95.293701171875;417.4774627685547;119.31834411621094;2.3669866593660784;188;304;False;0;1;2;Lines;True;NaN
1688;19222.4595426;94.78954315185547;96.23741149902344;417.60455322265625;120.23993682861328;2.3669866593660784;188;304;False;0;1;2;Lines;True;NaN
1689;19222.4653595;94.68415832519531;96.10128021240234;417.3628234863281;120.36172103881836;1.9864507086157592;188;301;False;0;1;2;Lines;True;NaN
1690;19222.469152;95.02118682861328;95.88008880615234;417.4315948486328;120.36421585083008;2.3669866593660784;188;304;False;0;1;2;Lines;True;NaN
1691;19222.474059;94.56986236572266;95.89502716064453;417.3786430358887;120.42211532592773;2.3669866593660784;188;304;False;0;1;2;Lines;True;NaN
1692;19222.4791537;94.59282684326172;95.55469512939453;417.4114570617676;120.3543701171875;2.3669866593660784;188;304;False;0;1;2;Lines;True;NaN
1693;19222.4841498;94.51042938232422;95.01243591308594;417.452449798584;120.19057846069336;2.3669866593660784;188;304;False;0;1;2;Lines;True;NaN
1694;19222.4892837;94.76702117919922;95.3833236694336;417.30563735961914;120.27585983276367;1.4788023921856344;188;297;False;0;1;2;Lines;True;NaN
1695;19222.4944058;94.602294921875;96.0365982055664;417.4126281738281;120.53454208374023;2.3669866593660784;188;304;False;0;1;2;Lines;True;NaN
1696;19222.4995611;94.20280456542969;95.45421600341797;417.3515434265137;119.3749885559082;2.3669866593660784;188;304;False;0;1;2;Lines;True;NaN
1697;19222.5045915;94.72673797607422;95.82831573486328;417.3990669250488;120.3486328125;2.3669866593660784;188;304;False;0;1;2;Lines;True;NaN
1698;19222.5098336;93.83305358886719;95.48515319824219;417.01613998413086;120.29924011230469;2.3669866593660784;188;304;False;0;1;2;Lines;True;NaN
1699;19222.5148236;94.25553894042969;96.16883087158203;417.5380859375;120.61466979980469;2.3669866593660784;188;304;False;0;1;2;Lines;True;NaN
1700;19222.5198471;94.31476593017578;95.73834228515625;417.4327278137207;120.12504959106445;2.3669866593660784;188;304;False;0;1;2;Lines;True;NaN
1701;19222.5249354;95.2956314086914;96.35884094238281;417.4666938781738;120.53582000732422;2.3669866593660784;188;304;False;0;1;2;Lines;True;NaN
1702;19222.5300348;94.5512924194336;95.36851501464844;417.4915657043457;120.26309204101562;2.3669866593660784;188;304;False;0;1;2;Lines;True;NaN
1703;19222.5350901;93.7365493774414;95.30130767822266;417.10460662841797;120.21565628051758;2.3669866593660784;188;304;False;0;1;2;Lines;True;NaN
1704;19222.5402827;94.46045684814453;96.031005859375;417.5261344909668;120.47607803344727;2.3669866593660784;188;304;False;0;1;2;Lines;True;NaN
1705;19222.54524;94.41271209716797;95.8456039428711;417.58481216430664;120.39855575561523;2.3669866593660784;188;304;False;0;1;2;Lines;True;NaN
1706;19222.5519364;94.67768859863281;95.39212036132812;417.32123947143555;120.2446517944336;2.3669866593660784;188;304;False;0;1;2;Lines;True;NaN
1707;19222.5557886;94.96300506591797;95.88275909423828;417.43576431274414;120.3933219909668;2.3669866593660784;188;304;False;0;1;2;Lines;True;NaN
1708;19222.56125;94.09601593017578;96.14325714111328;417.276668548584;120.45989227294922;2.3669866593660784;188;304;False;0;1;2;Lines;True;NaN
1709;19222.5659942;94.51740264892578;95.55591583251953;417.42992401123047;120.35134887695312;1.8595647612071242;188;300;False;0;1;2;Lines;True;NaN
1710;19222.5707911;94.92313385009766;96.1334228515625;417.3958549499512;120.59578323364258;2.3669866593660784;188;304;False;0;1;2;Lines;True;NaN
1711;19222.5756128;94.65948486328125;95.3410415649414;417.45534896850586;120.36071395874023;2.3669866593660784;188;304;False;0;1;2;Lines;True;NaN
1712;19222.580844;94.49768829345703;95.37357330322266;417.3866767883301;120.3323860168457;2.3669866593660784;188;304;False;0;1;2;Lines;True;NaN
1713;19222.5860419;94.659423828125;95.39578247070312;417.4625549316406;120.2360954284668;2.3669866593660784;188;304;False;0;1;2;Lines;True;NaN
1714;19222.5909868;94.70249938964844;96.02317810058594;417.3578224182129;120.54096221923828;2.3669866593660784;188;304;False;0;1;2;Lines;True;NaN
1715;19222.5961798;94.13623046875;96.20364379882812;417.26677322387695;120.45668029785156;2.3669866593660784;188;304;False;0;1;2;Lines;True;NaN
1716;19222.601347;95.26350402832031;95.8980941772461;417.527156829834;120.44010543823242;2.3669866593660784;188;304;False;0;1;2;Lines;True;NaN
1717;19222.6063549;94.36968231201172;95.73513793945312;417.43212509155273;120.42373275756836;2.3669866593660784;188;304;False;0;1;2;Lines;True;NaN
1718;19222.611353;94.51918029785156;96.19915771484375;417.3724021911621;119.69925308227539;2.3669866593660784;188;304;False;0;1;2;Lines;True;NaN
1719;19222.6164291;95.03614044189453;96.24256896972656;417.50597763061523;120.43479537963867;1.8595647612071242;188;300;False;0;1;2;Lines;True;NaN
1720;19222.6215977;94.33540344238281;96.02658081054688;417.5365753173828;120.40256118774414;2.3669866593660784;188;304;False;0;1;2;Lines;True;NaN
1721;19222.6266623;94.22183227539062;96.06033325195312;416.9314155578613;120.43449783325195;1.2248861336786305;188;295;False;0;1;2;Lines;True;NaN
1722;19222.6317695;95.12775421142578;96.04075622558594;417.47243881225586;120.37444305419922;2.3669866593660784;188;304;False;0;1;2;Lines;True;NaN
1723;19222.6372348;94.70326232910156;96.15695190429688;417.4091796875;120.60047149658203;2.3669866593660784;188;304;False;0;1;2;Lines;True;NaN
1724;19222.6418237;94.58470153808594;95.49703979492188;417.4171905517578;120.22293472290039;2.3669866593660784;188;304;False;0;1;2;Lines;True;NaN
1725;19222.6492273;94.65176391601562;95.2386474609375;417.54133224487305;119.35828399658203;1.6057393610483632;188;298;False;0;1;2;Lines;True;NaN
1726;19222.6522638;94.60206604003906;96.0672836303711;417.4447708129883;119.56924438476562;2.3669866593660784;188;304;False;0;1;2;Lines;True;NaN
1727;19222.6596584;94.79862213134766;95.68836975097656;417.47433853149414;120.4467887878418;2.3669866593660784;188;304;False;0;1;2;Lines;True;NaN
1728;19222.6625471;94.80760955810547;95.44729614257812;417.5585136413574;120.29178619384766;2.3669866593660784;188;304;False;0;1;2;Lines;True;NaN
1729;19222.6671859;95.10420227050781;95.86163330078125;417.5699996948242;120.4890022277832;2.3669866593660784;188;304;False;0;1;2;Lines;True;NaN
1730;19222.6723582;94.85760498046875;95.6375503540039;417.51387786865234;119.52411270141602;2.3669866593660784;188;304;False;0;1;2;Lines;True;NaN
1731;19222.6774031;94.60467529296875;95.84002685546875;417.31319427490234;120.32477188110352;1.7326605648701625;188;299;False;0;1;2;Lines;True;NaN
1732;19222.6831561;94.78050231933594;95.90669250488281;417.4954948425293;120.41682052612305;2.3669866593660784;188;304;False;0;1;2;Lines;True;NaN
1733;19222.6876201;95.0492935180664;95.91058349609375;417.5007553100586;120.4256477355957;2.3669866593660784;188;304;False;0;1;2;Lines;True;NaN
1734;19222.6926207;94.39710998535156;96.06900787353516;417.54135513305664;120.41042709350586;2.3669866593660784;188;304;False;0;1;2;Lines;True;NaN
1735;19222.6977461;94.59609985351562;96.2789535522461;417.42380142211914;120.58570861816406;2.3669866593660784;188;304;False;0;1;2;Lines;True;NaN
1736;19222.7030125;94.6705322265625;96.10765838623047;418.1471176147461;120.57426834106445;2.3669866593660784;188;304;False;0;1;2;Lines;True;NaN
1737;19222.7080861;94.52864074707031;96.3982162475586;417.3378219604492;120.47253036499023;2.3669866593660784;188;304;False;0;1;2;Lines;True;NaN
1738;19222.7128453;94.48289489746094;96.0994873046875;417.3020782470703;120.34582901000977;2.493787219171683;188;305;False;0;1;2;Lines;True;NaN
1739;19222.7180637;94.69281005859375;96.08179473876953;416.9056930541992;120.36713790893555;2.3669866593660784;188;304;False;0;1;2;Lines;True;NaN
1740;19222.7232809;94.98934173583984;96.15740203857422;417.5890655517578;120.34812545776367;1.6057393610483632;188;298;False;0;1;2;Lines;True;NaN
1741;19222.7283645;94.49645233154297;96.01826477050781;417.52709579467773;120.37878799438477;1.7326605648701625;188;299;False;0;1;2;Lines;True;NaN
1742;19222.7337652;94.69268035888672;96.25379943847656;417.44029235839844;120.59273529052734;2.3669866593660784;188;304;False;0;1;2;Lines;True;NaN
1743;19222.7383791;94.67794799804688;96.05448150634766;417.3828811645508;120.53817367553711;1.8595647612071242;188;300;False;0;1;2;Lines;True;NaN
1744;19222.7436671;94.89097595214844;96.26409149169922;417.58370208740234;120.374267578125;1.7326605648701625;188;299;False;0;1;2;Lines;True;NaN
1745;19222.7507648;94.49772644042969;95.59983825683594;417.59311294555664;120.29927062988281;1.7326605648701625;188;299;False;0;1;2;Lines;True;NaN
1746;19222.7540299;94.2464370727539;95.63709259033203;417.4166069030762;119.52215576171875;2.3669866593660784;188;304;False;0;1;2;Lines;True;NaN
1747;19222.7591093;94.8117904663086;96.10074615478516;417.43169021606445;120.51200103759766;1.2248861336786305;188;295;False;0;1;2;Lines;True;NaN
1748;19222.7637025;95.32398986816406;95.5597152709961;417.5575370788574;120.29758834838867;2.3669866593660784;188;304;False;0;1;2;Lines;True;NaN
1749;19222.7687905;94.11298370361328;95.87550354003906;417.4443054199219;119.56500625610352;2.3669866593660784;188;304;False;0;1;2;Lines;True;NaN
1750;19222.7738061;94.8774185180664;96.2432861328125;417.5033645629883;120.3225212097168;1.7326605648701625;188;299;False;0;1;2;Lines;True;NaN
1751;19222.7791001;94.35414123535156;95.76154327392578;417.55359649658203;119.4891471862793;2.3669866593660784;188;304;False;0;1;2;Lines;True;NaN
1752;19222.7841409;95.03054809570312;95.67008209228516;417.40382385253906;120.42881774902344;2.3669866593660784;188;304;False;0;1;2;Lines;True;NaN
1753;19222.7890212;94.08451080322266;95.69209289550781;417.18382263183594;119.49723052978516;2.3669866593660784;188;304;False;0;1;2;Lines;True;NaN
1754;19222.7943163;95.0760726928711;95.77110290527344;417.5857467651367;120.47692108154297;2.493787219171683;188;305;False;0;1;2;Lines;True;NaN
1755;19222.799466;94.44336700439453;95.96379852294922;417.5386199951172;120.4222412109375;2.3669866593660784;188;304;False;0;1;2;Lines;True;NaN
1756;19222.804514;94.82904052734375;95.95857238769531;417.4692192077637;120.41398239135742;1.4788023921856344;188;297;False;0;1;2;Lines;True;NaN
1757;19222.8096703;94.9798355102539;95.63118743896484;417.4747619628906;120.51498031616211;2.3669866593660784;188;304;False;0;1;2;Lines;True;NaN
1758;19222.8147457;94.39753723144531;95.89057922363281;417.0675354003906;120.407470703125;1.351850901653578;188;296;False;0;1;2;Lines;True;NaN
1759;19222.8197925;95.060302734375;95.68084716796875;417.1213035583496;119.61452865600586;2.3669866593660784;188;304;False;0;1;2;Lines;True;NaN
1760;19222.8246953;94.7760009765625;95.64783477783203;417.55334854125977;120.45304489135742;2.3669866593660784;188;304;False;0;1;2;Lines;True;NaN
1761;19222.8298403;94.52558135986328;95.77924346923828;417.0621528625488;120.44343185424805;1.2248861336786305;188;295;False;0;1;2;Lines;True;NaN
1762;19222.8362968;94.24099731445312;96.49249267578125;416.9242248535156;120.47679138183594;2.3669866593660784;188;304;False;0;1;2;Lines;True;NaN
1763;19222.8411955;94.12714385986328;96.1163558959961;417.0690040588379;120.46585083007812;1.6057393610483632;188;298;False;0;1;2;Lines;True;NaN
1764;19222.845646;94.33006286621094;95.71601104736328;417.45132064819336;120.48432159423828;2.3669866593660784;188;304;False;0;1;2;Lines;True;NaN
1765;19222.8503503;94.98651885986328;95.33515167236328;417.4187431335449;119.35112762451172;1.2248861336786305;188;295;False;0;1;2;Lines;True;NaN
1766;19222.8552071;94.67776489257812;95.69529724121094;417.4222221374512;119.558349609375;2.3669866593660784;188;304;False;0;1;2;Lines;True;NaN
1767;19222.860284;94.66629791259766;95.88046264648438;417.6022071838379;120.4888916015625;0.9709217461419472;188;293;False;0;1;2;Lines;True;NaN
1768;19222.8655862;94.91014862060547;95.7314453125;417.4566078186035;119.6436767578125;2.3669866593660784;188;304;False;0;1;2;Lines;True;NaN
1769;19222.8706101;94.7816162109375;96.41156768798828;417.4132614135742;119.53010559082031;1.7326605648701625;188;299;False;0;1;2;Lines;True;NaN
1770;19222.8768505;94.65081787109375;95.91030883789062;417.0298843383789;119.78145980834961;1.9864507086157592;188;301;False;0;1;2;Lines;True;NaN
1771;19222.8808985;94.8525619506836;95.72832489013672;417.4898910522461;119.57002258300781;1.351850901653578;188;296;False;0;1;2;Lines;True;NaN
1772;19222.8859183;94.52513122558594;95.92964935302734;417.3588676452637;120.40797805786133;2.3669866593660784;188;304;False;0;1;2;Lines;True;NaN
1773;19222.8910337;94.39995574951172;96.14582824707031;417.4932746887207;120.43025970458984;1.2248861336786305;188;295;False;0;1;2;Lines;True;NaN
1774;19222.8959485;94.95577239990234;95.95711517333984;417.55734634399414;120.54931259155273;1.0979093332690764;188;294;False;0;1;2;Lines;True;NaN
1775;19222.9011731;94.52166748046875;95.99305725097656;417.4615936279297;119.70032119750977;2.3669866593660784;188;304;False;0;1;2;Lines;True;NaN
1776;19222.9061672;94.42371368408203;96.15267181396484;417.41193771362305;120.6065444946289;0.7169191977075019;188;291;False;0;1;2;Lines;True;NaN
1777;19222.9112205;94.3399887084961;95.91981506347656;417.4327087402344;120.50251388549805;2.240162896311483;188;303;False;0;1;2;Lines;True;NaN
1778;19222.9163949;94.38015747070312;95.91742706298828;417.4761962890625;119.66527938842773;1.351850901653578;188;296;False;0;1;2;Lines;True;NaN
1779;19222.9214299;94.67990112304688;95.96530151367188;417.42774200439453;120.45962142944336;0.9709217461419472;188;293;False;0;1;2;Lines;True;NaN
1780;19222.9264922;95.29293060302734;96.2789535522461;417.3967399597168;120.58570861816406;2.3669866593660784;188;304;False;0;1;2;Lines;True;NaN
1781;19222.9317113;94.74005126953125;96.29425048828125;417.5274887084961;120.60755157470703;2.3669866593660784;188;304;False;0;1;2;Lines;True;NaN
1782;19222.9377708;94.09909057617188;95.82102966308594;417.1088562011719;119.68864059448242;2.3669866593660784;188;304;False;0;1;2;Lines;True;NaN
1783;19222.9415335;94.66793060302734;96.01860046386719;417.4901237487793;120.46480178833008;0.9687743115595575;187;293;False;0;1;2;Lines;True;NaN
1784;19222.947316;94.52510070800781;95.97169494628906;417.44277572631836;120.6355094909668;2.3669866593660784;188;304;False;0;1;2;Lines;True;NaN
1785;19222.9519011;93.89094543457031;95.13331604003906;416.9942970275879;119.40514755249023;1.0979093332690764;188;294;False;0;1;2;Lines;True;NaN
1786;19222.956884;94.8044204711914;95.73474884033203;417.55387115478516;119.60010147094727;2.3669866593660784;188;304;False;0;1;2;Lines;True;NaN
1787;19222.9618482;94.75638580322266;95.98785400390625;417.45104598999023;120.38936996459961;1.351850901653578;188;296;False;0;1;2;Lines;True;NaN
1788;19222.9668808;94.62539672851562;96.16834259033203;417.56948471069336;119.64971923828125;2.3669866593660784;188;304;False;0;1;2;Lines;True;NaN
1789;19222.9731959;95.082763671875;95.39971923828125;417.38969802856445;120.31794738769531;1.9864507086157592;188;301;False;0;1;2;Lines;True;NaN
1790;19222.9772909;94.58674621582031;95.64982604980469;417.48690032958984;119.50057601928711;2.3669866593660784;188;304;False;0;1;2;Lines;True;NaN
1791;19222.9822946;94.75774383544922;96.06309509277344;417.4076461791992;120.48653411865234;1.0979093332690764;188;294;False;0;1;2;Lines;True;NaN
1792;19222.9875327;94.52742004394531;95.48258972167969;417.436336517334;120.34453582763672;2.3669866593660784;188;304;False;0;1;2;Lines;True;NaN
1793;19222.9925364;94.83904266357422;96.20720672607422;417.4955177307129;120.58005905151367;1.2248861336786305;188;295;False;0;1;2;Lines;True;NaN
1794;19222.9976369;94.7001724243164;96.1012191772461;417.44281005859375;120.33962631225586;2.3669866593660784;188;304;False;0;1;2;Lines;True;NaN
1795;19223.002696;93.90301513671875;95.94781494140625;417.3985595703125;120.40560913085938;2.3669866593660784;188;304;False;0;1;2;Lines;True;NaN
1796;19223.0078719;94.06468200683594;95.85602569580078;417.04675674438477;120.54298782348633;2.3669866593660784;188;304;False;0;1;2;Lines;True;NaN
1797;19223.0129795;94.09909057617188;95.58522033691406;417.0461769104004;120.2866096496582;1.0954811632314967;187;294;False;0;1;2;Lines;True;NaN
1798;19223.0194504;95.11878967285156;95.28821563720703;417.4356384277344;119.357666015625;1.4788023921856344;188;297;False;0;1;2;Lines;True;NaN
1799;19223.0228835;95.07438659667969;95.5986099243164;417.5192680358887;120.43481063842773;2.3669866593660784;188;304;False;0;1;2;Lines;True;NaN
1800;19223.0287249;95.28889465332031;95.63509368896484;417.48389053344727;119.4527473449707;2.3669866593660784;188;304;False;0;1;2;Lines;True;NaN
1801;19223.032964;94.59186553955078;96.0308609008789;416.92552947998047;120.46042251586914;2.3669866593660784;188;304;False;0;1;2;Lines;True;NaN
1802;19223.0401082;94.51359558105469;95.9855728149414;417.0735092163086;120.4195442199707;2.3669866593660784;188;304;False;0;1;2;Lines;True;NaN
1803;19223.0436783;94.95989990234375;95.63224029541016;417.44227600097656;120.42101287841797;2.3669866593660784;188;304;False;0;1;2;Lines;True;NaN
1804;19223.0486377;94.64126586914062;96.7172622680664;417.5494384765625;120.4029655456543;2.3669866593660784;188;304;False;0;1;2;Lines;True;NaN
1805;19223.0532907;94.67477416992188;95.23929595947266;417.5680160522461;119.38307571411133;1.351850901653578;188;296;False;0;1;2;Lines;True;NaN
1806;19223.0583354;93.98560333251953;95.73226928710938;416.90847396850586;119.51126861572266;1.7326605648701625;188;299;False;0;1;2;Lines;True;NaN
1807;19223.0636377;94.63771057128906;95.66098022460938;417.36492919921875;120.31563186645508;2.3669866593660784;188;304;False;0;1;2;Lines;True;NaN
1808;19223.0686411;94.64432525634766;95.96530151367188;417.4188346862793;120.45962142944336;2.3669866593660784;188;304;False;0;1;2;Lines;True;NaN
1809;19223.073712;94.32725524902344;96.01117706298828;417.4589042663574;120.61714553833008;1.351850901653578;188;296;False;0;1;2;Lines;True;NaN
1810;19223.0788749;94.78035736083984;96.13573455810547;417.40273666381836;120.46854019165039;1.7326605648701625;188;299;False;0;1;2;Lines;True;NaN
1811;19223.0841356;94.67237854003906;96.08924102783203;417.3731231689453;120.48559188842773;2.3669866593660784;188;304;False;0;1;2;Lines;True;NaN
1812;19223.088981;94.70967864990234;95.85013580322266;417.48313903808594;120.43635177612305;1.9864507086157592;188;301;False;0;1;2;Lines;True;NaN
1813;19223.0939984;93.8334732055664;95.75568389892578;417.4803657531738;119.62186431884766;2.3669866593660784;188;304;False;0;1;2;Lines;True;NaN
1814;19223.0990929;94.11068725585938;95.9158935546875;417.3884925842285;120.3990707397461;2.1133171667255723;188;302;False;0;1;2;Lines;True;NaN
1815;19223.1041427;94.93705749511719;95.88201141357422;417.4647407531738;120.45789337158203;2.3669866593660784;188;304;False;0;1;2;Lines;True;NaN
1816;19223.1093438;94.7326889038086;95.5602798461914;417.62887954711914;120.32719802856445;2.3669866593660784;188;304;False;0;1;2;Lines;True;NaN
1817;19223.1151311;95.1697769165039;95.6524887084961;417.4937286376953;120.44109725952148;2.3669866593660784;188;304;False;0;1;2;Lines;True;NaN
1818;19223.1195227;94.33220672607422;95.37650299072266;417.52844619750977;120.26237487792969;2.3669866593660784;188;304;False;0;1;2;Lines;True;NaN
1819;19223.1249312;94.62300872802734;96.10233306884766;417.38664627075195;120.46710586547852;1.351850901653578;188;296;False;0;1;2;Lines;True;NaN
1820;19223.1306232;94.620361328125;95.94747161865234;417.446834564209;120.37226104736328;1.9864507086157592;188;301;False;0;1;2;Lines;True;NaN
1821;19223.1348645;94.2718505859375;95.86772918701172;417.55088806152344;120.46087646484375;2.3669866593660784;188;304;False;0;1;2;Lines;True;NaN
1822;19223.1398946;94.5516586303711;96.21142578125;417.3727684020996;120.53912734985352;2.493787219171683;188;305;False;0;1;2;Lines;True;NaN
1823;19223.1447721;94.7695541381836;95.95696258544922;417.5183982849121;120.37811660766602;2.3669866593660784;188;304;False;0;1;2;Lines;True;NaN
1824;19223.1502292;94.63990020751953;96.10633087158203;417.41808319091797;119.71983337402344;2.3669866593660784;188;304;False;0;1;2;Lines;True;NaN
1825;19223.1551933;95.04326629638672;95.92578125;417.3688087463379;120.43703079223633;2.1133171667255723;188;302;False;0;1;2;Lines;True;NaN
1826;19223.160266;94.82870483398438;95.58500671386719;417.4185104370117;120.34066009521484;2.3669866593660784;188;304;False;0;1;2;Lines;True;NaN
1827;19223.1653507;94.62210845947266;96.5138168334961;417.4797172546387;120.72701644897461;2.3669866593660784;188;304;False;0;1;2;Lines;True;NaN
1828;19223.1705066;94.86152648925781;95.83226776123047;417.5696334838867;120.42445755004883;2.3669866593660784;188;304;False;0;1;2;Lines;True;NaN
1829;19223.1754368;94.77947235107422;95.95488739013672;417.5387992858887;120.51065444946289;1.9864507086157592;188;301;False;0;1;2;Lines;True;NaN
1830;19223.1804801;94.351806640625;95.89361572265625;417.03177642822266;120.51450729370117;2.3669866593660784;188;304;False;0;1;2;Lines;True;NaN
1831;19223.1855443;94.73711395263672;95.25540924072266;417.45180892944336;119.36585235595703;2.3669866593660784;188;304;False;0;1;2;Lines;True;NaN
1832;19223.1906064;95.01180267333984;95.44158935546875;417.518798828125;120.23529052734375;2.3669866593660784;188;304;False;0;1;2;Lines;True;NaN
1833;19223.1963241;94.59532928466797;95.72350311279297;417.5184516906738;119.65316009521484;1.351850901653578;188;296;False;0;1;2;Lines;True;NaN
1834;19223.2009135;94.00870513916016;95.58671569824219;417.3077087402344;120.27996826171875;2.3669866593660784;188;304;False;0;1;2;Lines;True;NaN
1835;19223.2072243;94.56153106689453;95.40071868896484;417.37178802490234;119.3876953125;1.7326605648701625;188;299;False;0;1;2;Lines;True;NaN
1836;19223.2126571;94.6344223022461;95.94284057617188;417.5140037536621;120.42364120483398;2.3669866593660784;188;304;False;0;1;2;Lines;True;NaN
1837;19223.2161222;94.89401245117188;96.15022277832031;417.608211517334;120.35432434082031;2.3669866593660784;188;304;False;0;1;2;Lines;True;NaN
1838;19223.2210832;95.28749084472656;96.08037567138672;416.67040634155273;120.3626823425293;2.3669866593660784;188;304;False;0;1;2;Lines;True;NaN
1839;19223.2263222;94.51153564453125;95.53438568115234;417.0379524230957;120.25858688354492;2.3669866593660784;188;304;False;0;1;2;Lines;True;NaN
1840;19223.231216;95.18267059326172;95.24654388427734;417.5778999328613;120.29339218139648;1.6057393610483632;188;298;False;0;1;2;Lines;True;NaN
1841;19223.2362889;94.79932403564453;95.71694946289062;417.4290466308594;120.20687484741211;2.3669866593660784;188;304;False;0;1;2;Lines;True;NaN
1842;19223.2414736;94.84839630126953;95.51139831542969;417.5578155517578;120.24743270874023;2.3669866593660784;188;304;False;0;1;2;Lines;True;NaN
1843;19223.2467751;94.79444122314453;95.81110382080078;417.4558525085449;120.4640007019043;2.3669866593660784;188;304;False;0;1;2;Lines;True;NaN
1844;19223.2516162;94.6337890625;95.511962890625;416.9774932861328;120.15666198730469;2.3669866593660784;188;304;False;0;1;2;Lines;True;NaN
1845;19223.2566374;94.62126159667969;96.28059387207031;417.3880729675293;120.3043327331543;2.3669866593660784;188;304;False;0;1;2;Lines;True;NaN
1846;19223.2619156;94.75213623046875;95.55020141601562;417.57614517211914;120.18336868286133;2.3669866593660784;188;304;False;0;1;2;Lines;True;NaN
1847;19223.2668717;94.80780792236328;95.56910705566406;417.57775497436523;120.25527572631836;2.3669866593660784;188;304;False;0;1;2;Lines;True;NaN
1848;19223.272157;95.06201934814453;95.85405731201172;417.4000053405762;120.49509048461914;2.3669866593660784;188;304;False;0;1;2;Lines;True;NaN
1849;19223.2771846;94.27720642089844;95.64161682128906;416.94265365600586;120.51294708251953;2.3669866593660784;188;304;False;0;1;2;Lines;True;NaN
1850;19223.2823116;94.64083862304688;96.01034545898438;417.3511047363281;120.4795036315918;2.3669866593660784;188;304;False;0;1;2;Lines;True;NaN
1851;19223.2873189;94.55162048339844;96.25615692138672;417.52466583251953;120.49762344360352;2.3669866593660784;188;304;False;0;1;2;Lines;True;NaN
1852;19223.2931953;94.57749938964844;96.20686340332031;417.37552642822266;120.32294845581055;2.493787219171683;188;305;False;0;1;2;Lines;True;NaN
1853;19223.2977454;94.54737854003906;96.220703125;417.33556747436523;120.26506423950195;2.3669866593660784;188;304;False;0;1;2;Lines;True;NaN
1854;19223.3023961;94.72440338134766;96.409912109375;417.3750114440918;120.31891632080078;1.6057393610483632;188;298;False;0;1;2;Lines;True;NaN
1855;19223.3082974;95.32940673828125;95.9101333618164;417.43982696533203;120.31156921386719;2.493787219171683;188;305;False;0;1;2;Lines;True;NaN
1856;19223.313018;94.89076232910156;95.97782135009766;417.4009666442871;120.33129119873047;2.3669866593660784;188;304;False;0;1;2;Lines;True;NaN
1857;19223.3190136;94.53628540039062;95.33223724365234;417.44041442871094;120.2716178894043;2.3669866593660784;188;304;False;0;1;2;Lines;True;NaN
1858;19223.3230739;94.42644500732422;95.42410278320312;417.0790367126465;120.30933380126953;2.3669866593660784;188;304;False;0;1;2;Lines;True;NaN
1859;19223.3290258;94.80728149414062;96.2912826538086;416.9601135253906;120.48546981811523;1.7326605648701625;188;299;False;0;1;2;Lines;True;NaN
1860;19223.332896;94.73873138427734;95.56513214111328;417.4428901672363;120.44330596923828;2.3669866593660784;188;304;False;0;1;2;Lines;True;NaN
1861;19223.3379238;94.93346405029297;95.653076171875;416.6408386230469;119.47513198852539;1.2248861336786305;188;295;False;0;1;2;Lines;True;NaN
1862;19223.3429827;94.77324676513672;95.80152130126953;417.47605895996094;119.51953887939453;1.6057393610483632;188;298;False;0;1;2;Lines;True;NaN
1863;19223.3481246;94.72108459472656;95.24412536621094;417.50025939941406;119.37611389160156;2.3669866593660784;188;304;False;0;1;2;Lines;True;NaN
1864;19223.3532443;94.35794067382812;95.76049041748047;417.6063232421875;120.41484069824219;1.2248861336786305;188;295;False;0;1;2;Lines;True;NaN
1865;19223.3583219;94.99021911621094;96.07512664794922;417.39262771606445;119.64997863769531;1.4788023921856344;188;297;False;0;1;2;Lines;True;NaN
1866;19223.3633698;94.465576171875;95.28752899169922;417.53321838378906;119.43402481079102;2.3669866593660784;188;304;False;0;1;2;Lines;True;NaN
1867;19223.3684389;94.28191375732422;96.09551239013672;417.3617858886719;120.36444473266602;1.9864507086157592;188;301;False;0;1;2;Lines;True;NaN
1868;19223.3735566;94.47048950195312;95.52122497558594;417.4193801879883;120.29534149169922;2.3669866593660784;188;304;False;0;1;2;Lines;True;NaN
1869;19223.3785441;94.71234130859375;95.86544036865234;417.45890045166016;120.34346008300781;1.9864507086157592;188;301;False;0;1;2;Lines;True;NaN
1870;19223.3836899;94.83544158935547;95.70311737060547;417.4432716369629;119.58414077758789;2.3669866593660784;188;304;False;0;1;2;Lines;True;NaN
1871;19223.3889236;94.64189147949219;96.01820373535156;417.47809982299805;120.46712875366211;2.3669866593660784;188;304;False;0;1;2;Lines;True;NaN
1872;19223.3938298;94.76371765136719;95.87801361083984;417.54760360717773;120.39696884155273;1.7326605648701625;188;299;False;0;1;2;Lines;True;NaN
1873;19223.4006735;94.93207550048828;95.95991516113281;417.5272216796875;120.47073364257812;2.3669866593660784;188;304;False;0;1;2;Lines;True;NaN
1874;19223.4039495;94.13551330566406;95.96464538574219;417.45465087890625;120.53327941894531;2.1133171667255723;188;302;False;0;1;2;Lines;True;NaN
1875;19223.4096688;95.16024780273438;95.88909149169922;417.44437408447266;120.55502319335938;2.3669866593660784;188;304;False;0;1;2;Lines;True;NaN
1876;19223.4143585;94.57191467285156;95.91207122802734;417.5938529968262;120.40334701538086;2.3669866593660784;188;304;False;0;1;2;Lines;True;NaN
1877;19223.4191876;94.75226593017578;95.47673034667969;417.4666519165039;120.30647277832031;1.2248861336786305;188;295;False;0;1;2;Lines;True;NaN
1878;19223.4243751;94.43338012695312;95.63849639892578;417.0801658630371;119.48802947998047;1.0979093332690764;188;294;False;0;1;2;Lines;True;NaN
1879;19223.4304551;94.90777587890625;95.51997375488281;417.4521675109863;120.23436737060547;2.3669866593660784;188;304;False;0;1;2;Lines;True;NaN
1880;19223.4345961;94.7374038696289;95.26099395751953;417.57096099853516;120.31099700927734;2.493787219171683;188;305;False;0;1;2;Lines;True;NaN
1881;19223.4395907;94.95091247558594;95.9974365234375;417.49365234375;120.35990142822266;2.493787219171683;188;305;False;0;1;2;Lines;True;NaN
1882;19223.4447594;95.01973724365234;96.5772705078125;417.4282569885254;119.5365219116211;2.3669866593660784;188;304;False;0;1;2;Lines;True;NaN
1883;19223.4496778;94.5602798461914;96.1281967163086;417.3875846862793;120.34407806396484;2.3669866593660784;188;304;False;0;1;2;Lines;True;NaN
1884;19223.4549145;94.4980697631836;96.1456527709961;417.69524002075195;120.38207244873047;2.3669866593660784;188;304;False;0;1;2;Lines;True;NaN
1885;19223.4599758;94.5296630859375;95.56586456298828;417.53760528564453;120.3067626953125;2.493787219171683;188;305;False;0;1;2;Lines;True;NaN
1886;19223.4649517;94.44894409179688;96.11194610595703;417.34557723999023;120.35107421875;2.3669866593660784;188;304;False;0;1;2;Lines;True;NaN
1887;19223.4702216;94.86186981201172;95.85973358154297;417.419376373291;120.33737182617188;1.6057393610483632;188;298;False;0;1;2;Lines;True;NaN
1888;19223.4763249;94.37841033935547;95.95049285888672;417.3907661437988;120.60760879516602;2.3669866593660784;188;304;False;0;1;2;Lines;True;NaN
1889;19223.4807242;94.2608871459961;96.04681396484375;417.2831268310547;120.4327507019043;2.3669866593660784;188;304;False;0;1;2;Lines;True;NaN
1890;19223.4862591;94.00236511230469;96.3548812866211;417.36446380615234;120.39734268188477;2.3669866593660784;188;304;False;0;1;2;Lines;True;NaN
1891;19223.4912547;94.89805603027344;96.03539276123047;417.4019432067871;120.41679763793945;2.3669866593660784;188;304;False;0;1;2;Lines;True;NaN
1892;19223.4966488;94.93991088867188;96.10939025878906;417.47034454345703;120.6330680847168;2.3669866593660784;188;304;False;0;1;2;Lines;True;NaN
1893;19223.5007909;93.7990951538086;95.97907257080078;416.9104652404785;120.41749572753906;2.3669866593660784;188;304;False;0;1;2;Lines;True;NaN
1894;19223.5065502;94.19611358642578;95.86333465576172;417.49703216552734;120.33751678466797;2.3669866593660784;188;304;False;0;1;2;Lines;True;NaN
1895;19223.5106678;94.74644470214844;96.35882568359375;417.44564056396484;120.53099060058594;2.3669866593660784;188;304;False;0;1;2;Lines;True;NaN
1896;19223.5158044;94.9041748046875;95.6636734008789;417.4593696594238;120.29170989990234;2.3669866593660784;188;304;False;0;1;2;Lines;True;NaN
1897;19223.5208677;94.87625122070312;95.9195785522461;417.51525497436523;120.38893127441406;1.8595647612071242;188;300;False;0;1;2;Lines;True;NaN
1898;19223.5260355;94.7966537475586;95.94490814208984;417.4480895996094;120.38931655883789;1.4788023921856344;188;297;False;0;1;2;Lines;True;NaN
1899;19223.5318928;95.0128173828125;96.11683654785156;417.49225997924805;120.35831069946289;2.3669866593660784;188;304;False;0;1;2;Lines;True;NaN
1900;19223.5360892;94.60273742675781;95.93506622314453;417.5207977294922;120.34078598022461;2.3669866593660784;188;304;False;0;1;2;Lines;True;NaN
1901;19223.5412518;94.86871337890625;95.98250579833984;417.38512420654297;120.48268508911133;1.7326605648701625;188;299;False;0;1;2;Lines;True;NaN
1902;19223.5462374;94.74662780761719;96.13433837890625;417.43676376342773;120.39385223388672;1.351850901653578;188;296;False;0;1;2;Lines;True;NaN
1903;19223.5512888;94.21224212646484;96.1550521850586;417.49999618530273;120.47131729125977;2.3669866593660784;188;304;False;0;1;2;Lines;True;NaN
1904;19223.5564851;94.81057739257812;95.59184265136719;417.3674201965332;120.25957489013672;2.3669866593660784;188;304;False;0;1;2;Lines;True;NaN
1905;19223.5616336;94.57682800292969;96.14044189453125;417.25911712646484;120.41704177856445;1.6057393610483632;188;298;False;0;1;2;Lines;True;NaN
1906;19223.5666741;94.2526626586914;96.02730560302734;417.3032875061035;120.55791473388672;1.7326605648701625;188;299;False;0;1;2;Lines;True;NaN
1907;19223.5717042;94.5595474243164;95.90660095214844;417.3511657714844;120.18330001831055;2.3669866593660784;188;304;False;0;1;2;Lines;True;NaN
1908;19223.5777861;94.9415283203125;95.88521575927734;417.2964973449707;120.53747177124023;2.3669866593660784;188;304;False;0;1;2;Lines;True;NaN
1909;19223.5818566;93.98697662353516;96.0145492553711;416.9942855834961;120.39492797851562;1.9864507086157592;188;301;False;0;1;2;Lines;True;NaN
1910;19223.5878217;94.59790802001953;95.80272674560547;417.44313049316406;120.45316314697266;2.3669866593660784;188;304;False;0;1;2;Lines;True;NaN
1911;19223.5922689;94.24945068359375;96.54080963134766;417.3078842163086;120.70943832397461;2.493787219171683;188;305;False;0;1;2;Lines;True;NaN
1912;19223.5984895;93.78540802001953;96.39299011230469;417.5239791870117;120.7140121459961;2.3669866593660784;188;304;False;0;1;2;Lines;True;NaN
1913;19223.6024426;94.63916015625;95.88606262207031;416.9593696594238;120.46021270751953;2.3669866593660784;188;304;False;0;1;2;Lines;True;NaN
1914;19223.6072265;94.58733367919922;96.56430053710938;417.49020767211914;120.5874252319336;1.7326605648701625;188;299;False;0;1;2;Lines;True;NaN
1915;19223.612487;94.91471862792969;95.61825561523438;417.3758659362793;120.31853866577148;1.9864507086157592;188;301;False;0;1;2;Lines;True;NaN
1916;19223.6174546;94.38127136230469;96.339111328125;417.5001411437988;120.45947265625;2.3669866593660784;188;304;False;0;1;2;Lines;True;NaN
1917;19223.6227565;95.25782775878906;96.01205444335938;417.5730209350586;120.40937042236328;2.1133171667255723;188;302;False;0;1;2;Lines;True;NaN
1918;19223.627653;94.38774871826172;95.93560791015625;417.4593162536621;120.34727096557617;2.3669866593660784;188;304;False;0;1;2;Lines;True;NaN
1919;19223.6327728;94.34709167480469;95.44969940185547;417.45056915283203;120.25292205810547;2.3669866593660784;188;304;False;0;1;2;Lines;True;NaN
1920;19223.6378731;94.55101013183594;95.8072509765625;417.1184883117676;120.4389533996582;2.3669866593660784;188;304;False;0;1;2;Lines;True;NaN
1921;19223.6428326;94.98680114746094;95.25830078125;417.4140281677246;119.37257766723633;2.3669866593660784;188;304;False;0;1;2;Lines;True;NaN
1922;19223.6479346;95.20687866210938;95.47947692871094;417.39090728759766;120.31521987915039;1.351850901653578;188;296;False;0;1;2;Lines;True;NaN
1923;19223.6529796;95.08269500732422;96.58589172363281;417.4972915649414;119.41816711425781;2.3669866593660784;188;304;False;0;1;2;Lines;True;NaN
1924;19223.6581688;95.22541046142578;95.86084747314453;417.6146125793457;120.42947769165039;2.3669866593660784;188;304;False;0;1;2;Lines;True;NaN
1925;19223.6632187;95.08226013183594;95.3478012084961;417.5540313720703;119.36611938476562;2.3669866593660784;188;304;False;0;1;2;Lines;True;NaN
1926;19223.6695096;93.99252319335938;95.89897155761719;417.0641441345215;120.41427612304688;2.1133171667255723;188;302;False;0;1;2;Lines;True;NaN
1927;19223.6733103;94.39305877685547;96.36676788330078;417.4690589904785;119.59835433959961;2.3669866593660784;188;304;False;0;1;2;Lines;True;NaN
1928;19223.6783716;94.54570770263672;96.62480926513672;416.99645233154297;119.7050552368164;2.3669866593660784;188;304;False;0;1;2;Lines;True;NaN
1929;19223.6839233;94.79037475585938;95.86573791503906;417.4858703613281;120.34622955322266;2.3669866593660784;188;304;False;0;1;2;Lines;True;NaN
1930;19223.6897793;94.78118896484375;95.50749206542969;417.2914619445801;120.30460357666016;2.3669866593660784;188;304;False;0;1;2;Lines;True;NaN
1931;19223.6942571;94.8825454711914;95.88990020751953;417.46734619140625;120.4987678527832;2.3669866593660784;188;304;False;0;1;2;Lines;True;NaN
1932;19223.6987276;94.8211898803711;95.38807678222656;417.53882598876953;120.31120681762695;2.3669866593660784;188;304;False;0;1;2;Lines;True;NaN
1933;19223.7038081;93.97630310058594;96.27313995361328;417.3363952636719;120.43280029296875;2.3669866593660784;188;304;False;0;1;2;Lines;True;NaN
1934;19223.7087967;94.3429183959961;96.09918975830078;417.34156036376953;120.07960510253906;2.1133171667255723;188;302;False;0;1;2;Lines;True;NaN
1935;19223.7139952;94.45191192626953;96.39042663574219;417.4091377258301;120.3104248046875;2.3669866593660784;188;304;False;0;1;2;Lines;True;NaN
1936;19223.7196311;94.13859558105469;95.52671813964844;417.4374122619629;120.32318878173828;2.240162896311483;188;303;False;0;1;2;Lines;True;NaN
1937;19223.7241079;94.45046997070312;96.0881576538086;417.386173248291;120.36660766601562;2.3669866593660784;188;304;False;0;1;2;Lines;True;NaN
1938;19223.7293176;94.60884857177734;95.9094009399414;417.43375396728516;120.5080795288086;2.3669866593660784;188;304;False;0;1;2;Lines;True;NaN
1939;19223.7343494;94.07318115234375;95.73162841796875;417.3230400085449;120.46147537231445;2.3669866593660784;188;304;False;0;1;2;Lines;True;NaN
1940;19223.7394463;94.36555480957031;95.55406188964844;417.47901153564453;120.29359436035156;2.493787219171683;188;305;False;0;1;2;Lines;True;NaN
1941;19223.744779;94.68061065673828;96.01355743408203;416.8965530395508;120.41559982299805;1.7326605648701625;188;299;False;0;1;2;Lines;True;NaN
1942;19223.749765;94.76803588867188;95.92520904541016;417.4354362487793;120.52351760864258;2.3669866593660784;188;304;False;0;1;2;Lines;True;NaN
1943;19223.7548543;94.46757507324219;95.50688934326172;417.4769401550293;120.28799057006836;1.9864507086157592;188;301;False;0;1;2;Lines;True;NaN
1944;19223.7598239;94.54082489013672;96.26014709472656;417.4951171875;120.37775039672852;2.3669866593660784;188;304;False;0;1;2;Lines;True;NaN
1945;19223.7654536;94.01969909667969;96.11160278320312;417.33849334716797;120.26476669311523;2.3669866593660784;188;304;False;0;1;2;Lines;True;NaN
1946;19223.769996;94.39442443847656;96.1270980834961;417.43582916259766;120.33362197875977;2.3669866593660784;188;304;False;0;1;2;Lines;True;NaN
1947;19223.7750787;94.29741668701172;96.00666046142578;417.2771224975586;120.3438606262207;2.3669866593660784;188;304;False;0;1;2;Lines;True;NaN
1948;19223.7802931;94.34069061279297;95.68864440917969;417.4396629333496;119.50090026855469;2.3669866593660784;188;304;False;0;1;2;Lines;True;NaN
1949;19223.7861455;95.16480255126953;95.21390533447266;417.4216766357422;119.3612174987793;2.3669866593660784;188;304;False;0;1;2;Lines;True;NaN
1950;19223.7906736;94.20902252197266;95.44631958007812;417.4203681945801;120.33626937866211;2.3669866593660784;188;304;False;0;1;2;Lines;True;NaN
1951;19223.7953122;94.83514404296875;95.9244155883789;417.4796714782715;119.44270324707031;1.7326605648701625;188;299;False;0;1;2;Lines;True;NaN
1952;19223.8003408;94.925048828125;96.18646240234375;417.3613510131836;119.52987289428711;1.9864507086157592;188;301;False;0;1;2;Lines;True;NaN
1953;19223.8054125;95.19129180908203;96.17179107666016;417.42588806152344;120.52583694458008;2.3669866593660784;188;304;False;0;1;2;Lines;True;NaN
1954;19223.8104938;94.59759521484375;95.6966552734375;417.39067459106445;120.52334976196289;2.3669866593660784;188;304;False;0;1;2;Lines;True;NaN
1955;19223.8155269;94.48307800292969;95.97541809082031;417.60721588134766;120.41514205932617;2.3669866593660784;188;304;False;0;1;2;Lines;True;NaN
1956;19223.8206643;94.74208068847656;95.47449493408203;416.99527740478516;120.25773239135742;2.3669866593660784;188;304;False;0;1;2;Lines;True;NaN
1957;19223.8257391;95.0489730834961;95.2758560180664;417.416805267334;119.36773300170898;2.3669866593660784;188;304;False;0;1;2;Lines;True;NaN
1958;19223.8310451;93.85037994384766;95.78434753417969;417.0610466003418;120.12987899780273;1.6057393610483632;188;298;False;0;1;2;Lines;True;NaN
1959;19223.8361781;94.53984069824219;95.69596099853516;417.49763107299805;120.45685577392578;2.3669866593660784;188;304;False;0;1;2;Lines;True;NaN
1960;19223.8411614;95.24214935302734;95.60218811035156;417.53743743896484;119.52421951293945;2.3669866593660784;188;304;False;0;1;2;Lines;True;NaN
1961;19223.8462297;94.83423614501953;95.91107940673828;417.54659271240234;120.39266586303711;2.3669866593660784;188;304;False;0;1;2;Lines;True;NaN
1962;19223.8512594;94.90316772460938;95.79679107666016;417.5341987609863;119.40313720703125;2.3669866593660784;188;304;False;0;1;2;Lines;True;NaN
1963;19223.8564384;94.37501525878906;95.3566665649414;417.55496978759766;120.28512191772461;2.3669866593660784;188;304;False;0;1;2;Lines;True;NaN
1964;19223.8615141;94.3396987915039;95.24524688720703;417.00765228271484;119.3397102355957;2.3669866593660784;188;304;False;0;1;2;Lines;True;NaN
1965;19223.866577;94.14566040039062;96.05252838134766;417.57511138916016;120.35950469970703;1.351850901653578;188;296;False;0;1;2;Lines;True;NaN
1966;19223.8717413;94.53102111816406;95.86915588378906;417.4145202636719;120.39253234863281;2.3669866593660784;188;304;False;0;1;2;Lines;True;NaN
1967;19223.8786124;94.66307067871094;96.11125183105469;417.4021110534668;120.43017959594727;2.3669866593660784;188;304;False;0;1;2;Lines;True;NaN
1968;19223.882253;94.64668273925781;96.09822082519531;417.4116020202637;120.40644073486328;2.3669866593660784;188;304;False;0;1;2;Lines;True;NaN
1969;19223.886767;94.98644256591797;96.17345428466797;417.399658203125;120.47157669067383;2.3669866593660784;188;304;False;0;1;2;Lines;True;NaN
1970;19223.8917613;94.52960205078125;96.23362731933594;417.40392684936523;120.63750076293945;2.3669866593660784;188;304;False;0;1;2;Lines;True;NaN
1971;19223.8969771;94.95219421386719;96.09686279296875;417.38782119750977;120.34844589233398;1.6057393610483632;188;298;False;0;1;2;Lines;True;NaN
1972;19223.9020385;94.70167541503906;96.02794647216797;417.34553146362305;120.440673828125;2.493787219171683;188;305;False;0;1;2;Lines;True;NaN
1973;19223.9073078;94.80440521240234;96.28265380859375;417.4744186401367;120.57205200195312;2.3669866593660784;188;304;False;0;1;2;Lines;True;NaN
1974;19223.9123496;94.41108703613281;96.07726287841797;417.33702850341797;120.46121215820312;2.3669866593660784;188;304;False;0;1;2;Lines;True;NaN
1975;19223.9172449;94.21421813964844;96.00144958496094;417.40759658813477;120.4068832397461;1.4788023921856344;188;297;False;0;1;2;Lines;True;NaN
1976;19223.922264;94.50804138183594;95.96424102783203;417.0744972229004;120.41016006469727;2.3669866593660784;188;304;False;0;1;2;Lines;True;NaN
1977;19223.9274762;94.75079345703125;96.02923583984375;417.1169013977051;120.53351974487305;2.3669866593660784;188;304;False;0;1;2;Lines;True;NaN
1978;19223.9326855;95.16523742675781;95.10407257080078;417.5104675292969;119.36780166625977;2.3669866593660784;188;304;False;0;1;2;Lines;True;NaN
1979;19223.9376113;94.97413635253906;95.67316436767578;417.48705291748047;119.50652694702148;2.3669866593660784;188;304;False;0;1;2;Lines;True;NaN
1980;19223.9428143;94.58540344238281;95.3174819946289;417.6263542175293;119.38143157958984;2.3669866593660784;188;304;False;0;1;2;Lines;True;NaN
1981;19223.9478887;94.58071899414062;95.99763488769531;417.4825325012207;120.31736373901367;1.8595647612071242;188;300;False;0;1;2;Lines;True;NaN
1982;19223.9528971;94.81945037841797;96.13528442382812;416.9641532897949;120.27948760986328;2.3669866593660784;188;304;False;0;1;2;Lines;True;NaN
1983;19223.9578729;94.1470947265625;95.65300750732422;417.091365814209;120.14828109741211;2.3669866593660784;188;304;False;0;1;2;Lines;True;NaN
1984;19223.9629766;94.04078674316406;95.84333801269531;417.4037666320801;119.40285110473633;2.3669866593660784;188;304;False;0;1;2;Lines;True;NaN
1985;19223.9679997;94.28656005859375;95.476806640625;417.3712921142578;120.27255630493164;1.9864507086157592;188;301;False;0;1;2;Lines;True;NaN
1986;19223.9753397;94.62474060058594;95.83319854736328;417.29977798461914;120.2193374633789;1.6057393610483632;188;298;False;0;1;2;Lines;True;NaN
1987;19223.9782211;94.5463638305664;95.43436431884766;417.44576263427734;120.24685668945312;2.3669866593660784;188;304;False;0;1;2;Lines;True;NaN
1988;19223.9837535;94.32565307617188;95.42328643798828;417.49406814575195;120.18136215209961;2.3669866593660784;188;304;False;0;1;2;Lines;True;NaN
1989;19223.98844;94.63446044921875;95.5634536743164;417.5363006591797;119.52238464355469;1.9864507086157592;188;301;False;0;1;2;Lines;True;NaN
1990;19223.9935313;94.2413558959961;95.55770111083984;417.4003219604492;120.26282501220703;2.3669866593660784;188;304;False;0;1;2;Lines;True;NaN
1991;19223.998733;94.44227600097656;95.6006851196289;417.3091468811035;120.07283782958984;1.9864507086157592;188;301;False;0;1;2;Lines;True;NaN
1992;19224.0050893;94.80619049072266;95.58006286621094;417.41112518310547;120.30380630493164;2.3669866593660784;188;304;False;0;1;2;Lines;True;NaN
1993;19224.0089406;94.39169311523438;96.14530181884766;417.41486740112305;120.44035720825195;2.3669866593660784;188;304;False;0;1;2;Lines;True;NaN
1994;19224.0140087;94.53980255126953;95.58916473388672;417.5588073730469;120.4822998046875;2.3669866593660784;188;304;False;0;1;2;Lines;True;NaN
1995;19224.0191623;94.90074920654297;95.64933013916016;417.53698348999023;120.2978744506836;1.9864507086157592;188;301;False;0;1;2;Lines;True;NaN
1996;19224.0242129;94.64199829101562;95.59564208984375;417.5247497558594;120.25653076171875;2.3669866593660784;188;304;False;0;1;2;Lines;True;NaN
1997;19224.0293075;94.92552947998047;96.02569580078125;417.4252815246582;119.46878814697266;1.9864507086157592;188;301;False;0;1;2;Lines;True;NaN
1998;19224.0343117;94.5111083984375;96.058837890625;417.5545425415039;119.39410400390625;2.3669866593660784;188;304;False;0;1;2;Lines;True;NaN
1999;19224.0393833;94.92864227294922;95.58847045898438;417.5848960876465;120.45479965209961;2.3669866593660784;188;304;False;0;1;2;Lines;True;NaN
2000;19224.0445684;94.81393432617188;96.14995574951172;417.6534957885742;120.46078872680664;2.3669866593660784;188;304;False;0;1;2;Lines;True;NaN
2001;19224.0499333;94.7911148071289;95.9313735961914;417.53453063964844;120.40725326538086;2.3669866593660784;188;304;False;0;1;2;Lines;True;NaN
2002;19224.0546495;94.3654556274414;95.63501739501953;417.51663970947266;120.28115463256836;2.3669866593660784;188;304;False;0;1;2;Lines;True;NaN
2003;19224.0605609;94.58320617675781;95.79652404785156;417.4869384765625;120.4230728149414;2.3669866593660784;188;304;False;0;1;2;Lines;True;NaN
2004;19224.066338;94.35802459716797;95.24794006347656;417.39269638061523;120.26808547973633;2.3669866593660784;188;304;False;0;1;2;Lines;True;NaN
2005;19224.0697029;94.04766845703125;95.86446380615234;417.5172920227051;120.45159912109375;1.7326605648701625;188;299;False;0;1;2;Lines;True;NaN
2006;19224.0750378;94.27091217041016;95.63402557373047;417.48751068115234;120.27787017822266;2.240162896311483;188;303;False;0;1;2;Lines;True;NaN
2007;19224.079857;95.32659912109375;95.93212127685547;417.47175216674805;120.3863296508789;2.3669866593660784;188;304;False;0;1;2;Lines;True;NaN
2008;19224.084982;94.52741241455078;95.24893188476562;417.36193084716797;119.33028411865234;2.3669866593660784;188;304;False;0;1;2;Lines;True;NaN
2009;19224.0900953;94.84416961669922;95.55152130126953;417.6065368652344;120.26676940917969;2.3669866593660784;188;304;False;0;1;2;Lines;True;NaN
2010;19224.0952009;94.92434692382812;95.83841705322266;417.35323333740234;120.32120513916016;2.3669866593660784;188;304;False;0;1;2;Lines;True;NaN
2011;19224.1001892;93.99165344238281;96.08506774902344;416.9767875671387;120.39224243164062;2.3669866593660784;188;304;False;0;1;2;Lines;True;NaN
2012;19224.1054124;94.62104797363281;96.16436767578125;416.98033905029297;119.65608978271484;2.3669866593660784;188;304;False;0;1;2;Lines;True;NaN
2013;19224.1105131;94.97197723388672;95.95460510253906;417.483455657959;120.34564971923828;1.6057393610483632;188;298;False;0;1;2;Lines;True;NaN
2014;19224.1156151;94.4504623413086;95.73738861083984;417.634334564209;119.4651985168457;1.7326605648701625;188;299;False;0;1;2;Lines;True;NaN
2015;19224.1206747;94.72176361083984;96.12945556640625;417.45731353759766;120.43732452392578;2.3669866593660784;188;304;False;0;1;2;Lines;True;NaN
2016;19224.1257562;95.14742279052734;95.64862060546875;417.56700897216797;119.49919509887695;2.3669866593660784;188;304;False;0;1;2;Lines;True;NaN
2017;19224.1308585;95.18241882324219;95.83177185058594;417.4344787597656;119.66442489624023;1.351850901653578;188;296;False;0;1;2;Lines;True;NaN
2018;19224.1358798;94.47991180419922;95.19373321533203;417.44519424438477;119.43001937866211;2.3669866593660784;188;304;False;0;1;2;Lines;True;NaN
2019;19224.1407467;94.97941589355469;95.45352935791016;417.5611877441406;120.35163497924805;2.3669866593660784;188;304;False;0;1;2;Lines;True;NaN
2020;19224.146182;95.40999603271484;95.2127685546875;417.52523040771484;119.32546615600586;2.3669866593660784;188;304;False;0;1;2;Lines;True;NaN
2021;19224.1509559;94.29144287109375;96.2097396850586;417.36968994140625;120.35650634765625;2.3669866593660784;188;304;False;0;1;2;Lines;True;NaN
2022;19224.15652;94.85852813720703;96.54853820800781;417.4589195251465;120.56306457519531;2.3669866593660784;188;304;False;0;1;2;Lines;True;NaN
2023;19224.1627263;94.49243927001953;95.76094818115234;417.49549102783203;120.4356803894043;2.3669866593660784;188;304;False;0;1;2;Lines;True;NaN
2024;19224.166701;94.38571166992188;95.55615997314453;416.1712455749512;119.52286911010742;2.3669866593660784;188;304;False;0;1;2;Lines;True;NaN
2025;19224.1716792;94.71768951416016;96.10208892822266;417.4541893005371;120.40821838378906;1.6057393610483632;188;298;False;0;1;2;Lines;True;NaN
2026;19224.1764406;94.36601257324219;96.00031280517578;417.02538681030273;120.39850616455078;2.3669866593660784;188;304;False;0;1;2;Lines;True;NaN
2027;19224.1814612;94.5338363647461;95.59671020507812;417.4333305358887;120.28787612915039;2.3669866593660784;188;304;False;0;1;2;Lines;True;NaN
2028;19224.1867865;94.47480773925781;95.85948181152344;417.3199272155762;120.43656921386719;2.3669866593660784;188;304;False;0;1;2;Lines;True;NaN
2029;19224.1926791;94.46404266357422;96.16575622558594;417.5723114013672;120.62946319580078;1.7326605648701625;188;299;False;0;1;2;Lines;True;NaN
2030;19224.1968719;94.48590850830078;95.55311584472656;417.1132926940918;120.37136459350586;2.3669866593660784;188;304;False;0;1;2;Lines;True;NaN
2031;19224.2020055;94.55992889404297;95.40373229980469;417.0955047607422;120.28757858276367;2.3669866593660784;188;304;False;0;1;2;Lines;True;NaN
2032;19224.2071556;95.01335906982422;96.32097625732422;417.36871337890625;120.66967391967773;1.6057393610483632;188;298;False;0;1;2;Lines;True;NaN
2033;19224.2121617;94.7667236328125;95.90868377685547;417.3751907348633;120.39298629760742;1.4788023921856344;188;297;False;0;1;2;Lines;True;NaN
2034;19224.2172423;95.21617889404297;96.02761840820312;417.53527450561523;120.57503128051758;2.493787219171683;188;305;False;0;1;2;Lines;True;NaN
2035;19224.2221984;94.50633239746094;95.39579010009766;417.380428314209;120.32514953613281;2.240162896311483;188;303;False;0;1;2;Lines;True;NaN
2036;19224.2273749;94.29669189453125;96.02049255371094;417.4842109680176;120.42328643798828;2.3669866593660784;188;304;False;0;1;2;Lines;True;NaN
2037;19224.2324697;95.14562225341797;96.27068328857422;417.5177421569824;120.68296813964844;2.3669866593660784;188;304;False;0;1;2;Lines;True;NaN
2038;19224.2385738;94.3751220703125;95.9214859008789;417.6043586730957;120.51379013061523;2.3669866593660784;188;304;False;0;1;2;Lines;True;NaN
2039;19224.2425387;94.45641326904297;95.24686431884766;417.46622467041016;119.36112594604492;2.3669866593660784;188;304;False;0;1;2;Lines;True;NaN
2040;19224.2487983;94.72893524169922;96.23518371582031;417.63045501708984;120.37380981445312;1.9864507086157592;188;301;False;0;1;2;Lines;True;NaN
2041;19224.2532052;94.54952239990234;95.97229766845703;417.50572204589844;120.36665725708008;2.1133171667255723;188;302;False;0;1;2;Lines;True;NaN
2042;19224.2586643;94.55585479736328;96.43455505371094;417.359619140625;119.5709342956543;2.3669866593660784;188;304;False;0;1;2;Lines;True;NaN
2043;19224.2630767;94.32406616210938;95.24433898925781;417.49968338012695;120.2766227722168;2.3669866593660784;188;304;False;0;1;2;Lines;True;NaN
2044;19224.2681327;94.32752227783203;95.87467193603516;417.3256645202637;119.3827896118164;2.3669866593660784;188;304;False;0;1;2;Lines;True;NaN
2045;19224.2728879;94.65327453613281;96.86296844482422;417.44031524658203;119.66517639160156;2.3669866593660784;188;304;False;0;1;2;Lines;True;NaN
2046;19224.2780299;94.81356811523438;96.25410461425781;417.4849967956543;119.48705673217773;2.3669866593660784;188;304;False;0;1;2;Lines;True;NaN
2047;19224.2830441;94.84249114990234;95.85393524169922;417.4713821411133;120.2841682434082;2.3669866593660784;188;304;False;0;1;2;Lines;True;NaN
2048;19224.2882531;94.28250885009766;96.58969116210938;417.0669136047363;119.78327560424805;2.3669866593660784;188;304;False;0;1;2;Lines;True;NaN
2049;19224.2933582;95.29592895507812;96.37067413330078;417.5787162780762;119.7816047668457;2.3669866593660784;188;304;False;0;1;2;Lines;True;NaN
2050;19224.2984899;94.68498229980469;95.826171875;417.59710693359375;119.31546783447266;2.3669866593660784;188;304;False;0;1;2;Lines;True;NaN
2051;19224.3037111;94.71136474609375;95.99885559082031;417.67016983032227;119.67908096313477;2.3669866593660784;188;304;False;0;1;2;Lines;True;NaN
2052;19224.3088037;94.1230697631836;95.17178344726562;417.00294494628906;119.3908576965332;2.3669866593660784;188;304;False;0;1;2;Lines;True;NaN
2053;19224.3136863;94.69524383544922;95.95437622070312;417.39842224121094;120.39847183227539;2.3669866593660784;188;304;False;0;1;2;Lines;True;NaN
2054;19224.3188331;95.51258087158203;95.97310638427734;417.5371513366699;120.4774398803711;1.7326605648701625;188;299;False;0;1;2;Lines;True;NaN
2055;19224.3239488;93.96770477294922;96.13299560546875;417.37801361083984;120.32318496704102;2.3669866593660784;188;304;False;0;1;2;Lines;True;NaN
2056;19224.329029;95.1000747680664;96.1566162109375;417.5170364379883;120.41228103637695;2.3669866593660784;188;304;False;0;1;2;Lines;True;NaN
2057;19224.3342044;95.1042709350586;96.04949951171875;417.4110870361328;120.3514175415039;2.3669866593660784;188;304;False;0;1;2;Lines;True;NaN
2058;19224.3390513;95.06942749023438;96.19036865234375;417.2533950805664;120.31020736694336;2.1133171667255723;188;302;False;0;1;2;Lines;True;NaN
2059;19224.3451537;94.8806381225586;96.09732055664062;417.3651428222656;120.31755447387695;2.493787219171683;188;305;False;0;1;2;Lines;True;NaN
2060;19224.3492773;95.00875854492188;96.17939758300781;417.46418380737305;120.26899337768555;1.9864507086157592;188;301;False;0;1;2;Lines;True;NaN
2061;19224.3544654;94.50895690917969;96.21961212158203;417.3684616088867;120.32563781738281;1.7326605648701625;188;299;False;0;1;2;Lines;True;NaN
2062;19224.3593245;94.4344482421875;95.92086791992188;417.9672622680664;120.45212173461914;2.493787219171683;188;305;False;0;1;2;Lines;True;NaN
2063;19224.364439;94.82300567626953;96.11337280273438;417.4975776672363;120.37578201293945;1.6057393610483632;188;298;False;0;1;2;Lines;True;NaN
2064;19224.3695542;94.44306182861328;96.58800506591797;418.09433364868164;120.54022216796875;2.3669866593660784;188;304;False;0;1;2;Lines;True;NaN
2065;19224.3747089;94.78311920166016;96.07190704345703;417.31768798828125;120.69698333740234;2.493787219171683;188;305;False;0;1;2;Lines;True;NaN
2066;19224.3801166;94.9059066772461;95.6399154663086;417.2507209777832;120.28944396972656;2.3669866593660784;188;304;False;0;1;2;Lines;True;NaN
2067;19224.3848592;94.33221435546875;95.77070617675781;417.50188064575195;120.24636840820312;1.9864507086157592;188;301;False;0;1;2;Lines;True;NaN
2068;19224.3900023;94.240966796875;95.91859436035156;417.40400314331055;120.13376998901367;2.3669866593660784;188;304;False;0;1;2;Lines;True;NaN
2069;19224.3950041;94.73894500732422;96.46903991699219;417.4629249572754;119.56971740722656;2.1133171667255723;188;302;False;0;1;2;Lines;True;NaN
2070;19224.4001803;94.90624237060547;96.64399719238281;417.5865135192871;119.59288024902344;2.3669866593660784;188;304;False;0;1;2;Lines;True;NaN
2071;19224.4052478;95.06153106689453;97.07445526123047;417.47887802124023;120.31436538696289;2.3669866593660784;188;304;False;0;1;2;Lines;True;NaN
2072;19224.4102627;94.9005355834961;96.13211822509766;416.58856201171875;119.53013229370117;1.6057393610483632;188;298;False;0;1;2;Lines;True;NaN
2073;19224.4152304;94.7984848022461;96.52709197998047;416.62459564208984;119.69491195678711;1.9864507086157592;188;301;False;0;1;2;Lines;True;NaN
2074;19224.4202449;94.63939666748047;96.23361206054688;417.58008575439453;119.40199661254883;2.240162896311483;188;303;False;0;1;2;Lines;True;NaN
2075;19224.4255227;95.16390228271484;96.16696166992188;417.5910758972168;119.77955627441406;2.240162896311483;188;303;False;0;1;2;Lines;True;NaN
2076;19224.4307223;95.00459289550781;96.31372833251953;416.57828521728516;119.45772171020508;2.240162896311483;188;303;False;0;1;2;Lines;True;NaN
2077;19224.4366533;94.67633819580078;96.21839141845703;416.6211166381836;119.4827651977539;2.240162896311483;188;303;False;0;1;2;Lines;True;NaN
2078;19224.4409404;94.35133361816406;96.04584503173828;417.64928436279297;119.52357864379883;2.240162896311483;188;303;False;0;1;2;Lines;True;NaN
2079;19224.4458055;94.8330307006836;95.90397644042969;416.5682258605957;119.57659912109375;1.6057393610483632;188;298;False;0;1;2;Lines;True;NaN
2080;19224.4514576;94.23818969726562;96.72672271728516;417.1506004333496;119.75195693969727;2.3669866593660784;188;304;False;0;1;2;Lines;True;NaN
2081;19224.4561649;94.23001861572266;96.54451751708984;417.56292724609375;119.80039596557617;2.3669866593660784;188;304;False;0;1;2;Lines;True;NaN
2082;19224.4609989;94.28663635253906;96.31111907958984;417.53234481811523;120.37329483032227;2.3669866593660784;188;304;False;0;1;2;Lines;True;NaN
2083;19224.4665863;94.7747802734375;95.96285247802734;417.4027557373047;120.4416275024414;1.0979093332690764;188;294;False;0;1;2;Lines;True;NaN
2084;19224.4711788;94.59870910644531;95.97576904296875;417.4276237487793;120.56641387939453;2.1133171667255723;188;302;False;0;1;2;Lines;True;NaN
2085;19224.4761812;94.6331558227539;96.06607818603516;417.74792098999023;120.31138610839844;2.240162896311483;188;303;False;0;1;2;Lines;True;NaN
2086;19224.4813298;94.58985900878906;96.05594635009766;417.3356704711914;120.41199111938477;2.493787219171683;188;305;False;0;1;2;Lines;True;NaN
2087;19224.4864513;95.0396499633789;95.85052490234375;417.4734916687012;120.32162475585938;1.351850901653578;188;296;False;0;1;2;Lines;True;NaN
2088;19224.4924489;94.84927368164062;96.32582092285156;417.41207122802734;120.43161392211914;2.1133171667255723;188;302;False;0;1;2;Lines;True;NaN
2089;19224.496577;94.58916473388672;96.13672637939453;417.281925201416;120.62440490722656;2.493787219171683;188;305;False;0;1;2;Lines;True;NaN
2090;19224.5016889;95.33126068115234;96.23235321044922;417.6958312988281;120.41687774658203;2.493787219171683;188;305;False;0;1;2;Lines;True;NaN
2091;19224.5068584;94.81800079345703;96.1932373046875;418.0869331359863;120.44656372070312;1.7326605648701625;188;299;False;0;1;2;Lines;True;NaN
2092;19224.5119218;95.15355682373047;96.2076644897461;417.5110511779785;120.4128532409668;2.493787219171683;188;305;False;0;1;2;Lines;True;NaN
2093;19224.5168285;94.78492736816406;96.45928955078125;417.4004364013672;120.28126907348633;2.493787219171683;188;305;False;0;1;2;Lines;True;NaN
2094;19224.5232;95.07222747802734;96.17391204833984;417.4000434875488;120.37898635864258;2.3669866593660784;188;304;False;0;1;2;Lines;True;NaN
2095;19224.5270976;93.61293029785156;96.23418426513672;417.03296279907227;120.38052749633789;1.4788023921856344;188;297;False;0;1;2;Lines;True;NaN
2096;19224.5334487;94.8766860961914;96.18937683105469;416.9736633300781;120.3602523803711;2.1133171667255723;188;302;False;0;1;2;Lines;True;NaN
2097;19224.5373251;94.70049285888672;96.08606719970703;417.5016059875488;119.37107467651367;2.3669866593660784;188;304;False;0;1;2;Lines;True;NaN
2098;19224.5433993;94.99217224121094;96.66142272949219;417.56884765625;119.5949592590332;1.6057393610483632;188;298;False;0;1;2;Lines;True;NaN
2099;19224.5477676;94.29740905761719;95.86216735839844;417.4601707458496;119.56377410888672;2.3669866593660784;188;304;False;0;1;2;Lines;True;NaN
2100;19224.5524918;95.41810607910156;95.81632232666016;417.12257385253906;119.5826530456543;2.3669866593660784;188;304;False;0;1;2;Lines;True;NaN
2101;19224.5576023;94.3967056274414;96.36898040771484;417.0690040588379;119.49364471435547;1.6057393610483632;188;298;False;0;1;2;Lines;True;NaN
2102;19224.562695;94.65946197509766;95.92093658447266;417.61645889282227;119.42279052734375;2.3669866593660784;188;304;False;0;1;2;Lines;True;NaN
2103;19224.5678562;95.07875061035156;96.44265747070312;417.54420471191406;119.50178527832031;2.3669866593660784;188;304;False;0;1;2;Lines;True;NaN
2104;19224.5728667;94.0556640625;96.2213134765625;417.5628890991211;119.45038604736328;2.3669866593660784;188;304;False;0;1;2;Lines;True;NaN
2105;19224.577992;94.60469055175781;96.60601806640625;417.48546600341797;119.48756790161133;1.351850901653578;188;296;False;0;1;2;Lines;True;NaN
2106;19224.5830857;94.44544982910156;96.64286804199219;417.67171478271484;119.74899673461914;2.3669866593660784;188;304;False;0;1;2;Lines;True;NaN
2107;19224.588001;94.23983764648438;96.3266372680664;417.6033592224121;119.7625732421875;2.3669866593660784;188;304;False;0;1;2;Lines;True;NaN
2108;19224.5930495;95.15923309326172;96.02980041503906;417.0081481933594;119.54743957519531;2.3669866593660784;188;304;False;0;1;2;Lines;True;NaN
2109;19224.5983602;94.3691635131836;95.62294006347656;417.5608558654785;120.21471405029297;2.3669866593660784;188;304;False;0;1;2;Lines;True;NaN
2110;19224.603398;95.04080963134766;95.34231567382812;417.5067138671875;119.33941650390625;2.3669866593660784;188;304;False;0;1;2;Lines;True;NaN
2111;19224.6084628;94.47492218017578;96.1752700805664;417.5172653198242;120.4394645690918;2.3669866593660784;188;304;False;0;1;2;Lines;True;NaN
2112;19224.6137354;94.70732116699219;95.77457427978516;417.4961738586426;120.39323043823242;2.3669866593660784;188;304;False;0;1;2;Lines;True;NaN
2113;19224.6197182;94.65621948242188;96.22970581054688;417.5632629394531;120.33391571044922;2.493787219171683;188;305;False;0;1;2;Lines;True;NaN
2114;19224.6238091;94.8812026977539;96.11202239990234;417.5244026184082;120.61915588378906;2.3669866593660784;188;304;False;0;1;2;Lines;True;NaN
2115;19224.6289614;94.67218017578125;96.16216278076172;417.3442726135254;120.30838012695312;1.7326605648701625;188;299;False;0;1;2;Lines;True;NaN
2116;19224.6345108;94.64662170410156;96.10911560058594;417.41786193847656;120.36005020141602;2.493787219171683;188;305;False;0;1;2;Lines;True;NaN
2117;19224.6396346;94.328125;96.45630645751953;417.39424896240234;120.58111953735352;2.3669866593660784;188;304;False;0;1;2;Lines;True;NaN
2118;19224.6440946;94.50252532958984;96.55097198486328;417.3535614013672;120.50779724121094;2.493787219171683;188;305;False;0;1;2;Lines;True;NaN
2119;19224.6489982;95.13008117675781;96.09160614013672;417.44617462158203;120.62004470825195;2.493787219171683;188;305;False;0;1;2;Lines;True;NaN
2120;19224.6540942;94.70793914794922;96.25147247314453;417.4662857055664;120.72428512573242;1.2248861336786305;188;295;False;0;1;2;Lines;True;NaN
2121;19224.659286;94.75201416015625;96.29745483398438;417.5123710632324;120.45653915405273;2.3669866593660784;188;304;False;0;1;2;Lines;True;NaN
2122;19224.6642739;94.20819854736328;95.48509979248047;417.4169273376465;120.35506439208984;1.4788023921856344;188;297;False;0;1;2;Lines;True;NaN
2123;19224.6693069;95.16204071044922;96.44103240966797;417.54913330078125;120.50090026855469;2.3669866593660784;188;304;False;0;1;2;Lines;True;NaN
2124;19224.6744383;93.88589477539062;95.7394027709961;416.96281814575195;120.42108154296875;1.6057393610483632;188;298;False;0;1;2;Lines;True;NaN
2125;19224.6795197;94.72628021240234;96.47344207763672;417.51221084594727;119.72088623046875;1.7326605648701625;188;299;False;0;1;2;Lines;True;NaN
2126;19224.6846011;94.69680786132812;96.63153076171875;417.5873489379883;120.0294418334961;2.3669866593660784;188;304;False;0;1;2;Lines;True;NaN
2127;19224.6897022;95.57454681396484;96.5034408569336;417.4876365661621;119.71720123291016;1.4788023921856344;188;297;False;0;1;2;Lines;True;NaN
2128;19224.6948446;94.47195434570312;95.84176635742188;417.5999946594238;119.57010650634766;2.3669866593660784;188;304;False;0;1;2;Lines;True;NaN
2129;19224.6999681;94.88733673095703;96.55503845214844;416.5999526977539;119.75385665893555;1.9864507086157592;188;301;False;0;1;2;Lines;True;NaN
2130;19224.7049651;94.8797607421875;96.26385498046875;417.4975814819336;119.69097518920898;1.4788023921856344;188;297;False;0;1;2;Lines;True;NaN
2131;19224.7100786;94.96490478515625;96.88263702392578;417.5193748474121;119.93660736083984;1.6057393610483632;188;298;False;0;1;2;Lines;True;NaN
2132;19224.7152706;94.7794189453125;96.13394927978516;417.56193923950195;119.4546127319336;2.3669866593660784;188;304;False;0;1;2;Lines;True;NaN
2133;19224.7201244;94.6097183227539;96.915283203125;417.527774810791;120.1609878540039;1.4788023921856344;188;297;False;0;1;2;Lines;True;NaN
2134;19224.7262205;94.30242156982422;96.5693130493164;417.6020851135254;119.61918640136719;1.4788023921856344;188;297;False;0;1;2;Lines;True;NaN
2135;19224.7309824;94.75929260253906;96.72843933105469;417.3704032897949;119.71585464477539;2.3669866593660784;188;304;False;0;1;2;Lines;True;NaN
2136;19224.7356447;94.81536865234375;96.0158920288086;417.4573783874512;120.43269348144531;2.3669866593660784;188;304;False;0;1;2;Lines;True;NaN
2137;19224.7410108;94.81024932861328;95.544921875;417.4679260253906;120.33023071289062;2.3669866593660784;188;304;False;0;1;2;Lines;True;NaN
2138;19224.745591;95.13643646240234;95.46033477783203;417.48747634887695;120.31139373779297;2.3669866593660784;188;304;False;0;1;2;Lines;True;NaN
2139;19224.7506938;94.3307876586914;95.95348358154297;417.4432716369629;120.46067428588867;1.4788023921856344;188;297;False;0;1;2;Lines;True;NaN
2140;19224.7558206;94.59137725830078;96.08272552490234;417.3942680358887;120.36922454833984;2.493787219171683;188;305;False;0;1;2;Lines;True;NaN
2141;19224.7610955;94.4605712890625;96.41940307617188;417.36822509765625;120.51276397705078;2.493787219171683;188;305;False;0;1;2;Lines;True;NaN
2142;19224.7659407;94.6484146118164;95.88031768798828;417.4591636657715;120.26731872558594;2.493787219171683;188;305;False;0;1;2;Lines;True;NaN
2143;19224.7710452;94.75909423828125;96.24459838867188;417.41954040527344;120.36187744140625;2.493787219171683;188;305;False;0;1;2;Lines;True;NaN
2144;19224.776121;94.66108703613281;96.15773010253906;417.4197769165039;120.2515983581543;2.493787219171683;188;305;False;0;1;2;Lines;True;NaN
2145;19224.7812629;95.22689056396484;96.17587280273438;417.4474296569824;120.29807662963867;2.493787219171683;188;305;False;0;1;2;Lines;True;NaN
2146;19224.7863363;94.30552673339844;95.9328384399414;416.94865798950195;120.45896911621094;1.6057393610483632;188;298;False;0;1;2;Lines;True;NaN
2147;19224.7914391;94.97318267822266;95.95874786376953;417.42762756347656;120.65537643432617;2.493787219171683;188;305;False;0;1;2;Lines;True;NaN
2148;19224.796523;94.82420349121094;96.10663604736328;417.3125686645508;120.60981369018555;1.7326605648701625;188;299;False;0;1;2;Lines;True;NaN
2149;19224.80151;94.73753356933594;95.48263549804688;417.4718246459961;120.32793807983398;2.3669866593660784;188;304;False;0;1;2;Lines;True;NaN
2150;19224.8067131;93.66242218017578;95.44532012939453;417.00093841552734;120.30671691894531;2.3669866593660784;188;304;False;0;1;2;Lines;True;NaN
2151;19224.81161;95.13336181640625;95.65767669677734;417.1215133666992;119.48384094238281;2.3669866593660784;188;304;False;0;1;2;Lines;True;NaN
2152;19224.8173968;94.22686767578125;95.3601303100586;417.4989433288574;120.2919692993164;2.3669866593660784;188;304;False;0;1;2;Lines;True;NaN
2153;19224.8227127;94.60477447509766;96.56230926513672;417.4004135131836;119.81116104125977;2.3669866593660784;188;304;False;0;1;2;Lines;True;NaN
2154;19224.8276963;94.42579650878906;96.56857299804688;417.5057945251465;120.04316329956055;2.3669866593660784;188;304;False;0;1;2;Lines;True;NaN
2155;19224.8326754;95.01214599609375;96.21770477294922;417.5046043395996;119.64116668701172;2.3669866593660784;188;304;False;0;1;2;Lines;True;NaN
2156;19224.836965;94.5511703491211;95.9661636352539;417.68037033081055;119.7138786315918;1.9864507086157592;188;301;False;0;1;2;Lines;True;NaN
2157;19224.8421653;94.23172760009766;96.26217651367188;417.60192489624023;119.47459030151367;2.240162896311483;188;303;False;0;1;2;Lines;True;NaN
2158;19224.8472035;94.36730194091797;96.64901733398438;417.49291610717773;120.23018646240234;2.3669866593660784;188;304;False;0;1;2;Lines;True;NaN
2159;19224.8522338;94.90069580078125;96.88304901123047;417.5043716430664;120.25405883789062;1.7326605648701625;188;299;False;0;1;2;Lines;True;NaN
2160;19224.8573028;95.33683013916016;96.22489929199219;416.67655181884766;119.49662017822266;2.3669866593660784;188;304;False;0;1;2;Lines;True;NaN
2161;19224.8625978;94.82733154296875;95.99356842041016;417.46586990356445;119.62689971923828;2.3669866593660784;188;304;False;0;1;2;Lines;True;NaN
2162;19224.8675798;95.08711242675781;96.11300659179688;417.5953903198242;119.49808502197266;2.3669866593660784;188;304;False;0;1;2;Lines;True;NaN
2163;19224.8726612;94.87332916259766;96.18946075439453;417.5133361816406;119.52724075317383;2.3669866593660784;188;304;False;0;1;2;Lines;True;NaN
2164;19224.8777482;94.7481918334961;95.60250091552734;416.9034080505371;120.220947265625;2.3669866593660784;188;304;False;0;1;2;Lines;True;NaN
2165;19224.8829894;94.38214111328125;95.6843032836914;417.4927062988281;119.55278778076172;1.8595647612071242;188;300;False;0;1;2;Lines;True;NaN
2166;19224.8880362;94.50872039794922;95.924072265625;417.5417060852051;120.39083099365234;2.3669866593660784;188;304;False;0;1;2;Lines;True;NaN
2167;19224.8929391;94.4802474975586;96.09809875488281;417.58728790283203;120.39661407470703;2.240162896311483;188;303;False;0;1;2;Lines;True;NaN
2168;19224.8981935;94.58047485351562;96.14533233642578;416.8707389831543;120.60209655761719;2.3669866593660784;188;304;False;0;1;2;Lines;True;NaN
2169;19224.903241;94.2921371459961;96.00406646728516;417.4107666015625;120.36602401733398;1.6057393610483632;188;298;False;0;1;2;Lines;True;NaN
2170;19224.9085203;94.52500915527344;95.60517883300781;416.87843322753906;120.31824493408203;1.7326605648701625;188;299;False;0;1;2;Lines;True;NaN
2171;19224.9133861;93.82872009277344;96.07547760009766;416.93811416625977;120.41230010986328;2.3669866593660784;188;304;False;0;1;2;Lines;True;NaN
2172;19224.918389;94.9362564086914;95.60543060302734;417.45422744750977;120.16690063476562;2.1133171667255723;188;302;False;0;1;2;Lines;True;NaN
2173;19224.9236171;94.9709701538086;95.93888854980469;417.4208526611328;120.48373031616211;2.3669866593660784;188;304;False;0;1;2;Lines;True;NaN
2174;19224.9286324;94.62747955322266;95.62744903564453;417.55239486694336;120.3503303527832;2.3669866593660784;188;304;False;0;1;2;Lines;True;NaN
2175;19224.9335588;93.87605285644531;96.098876953125;416.98741912841797;120.52857971191406;1.6057393610483632;188;298;False;0;1;2;Lines;True;NaN
2176;19224.938677;94.95164489746094;96.01545715332031;417.4974670410156;119.44775772094727;2.3669866593660784;188;304;False;0;1;2;Lines;True;NaN
2177;19224.9437962;94.43846893310547;96.21136474609375;417.47580337524414;120.48915100097656;2.3669866593660784;188;304;False;0;1;2;Lines;True;NaN
2178;19224.9489157;94.75150299072266;96.0389633178711;417.53418350219727;119.61248016357422;2.3669866593660784;188;304;False;0;1;2;Lines;True;NaN
2179;19224.9541803;94.23406219482422;96.361083984375;417.3539695739746;119.53580474853516;2.3669866593660784;188;304;False;0;1;2;Lines;True;NaN
2180;19224.9591177;93.7065658569336;95.3405990600586;417.05014419555664;120.22177505493164;2.3669866593660784;188;304;False;0;1;2;Lines;True;NaN
2181;19224.9643261;94.877197265625;95.51453399658203;417.61681365966797;119.5254898071289;2.3669866593660784;188;304;False;0;1;2;Lines;True;NaN
2182;19224.9694654;94.30007934570312;96.0108871459961;417.04641342163086;120.3222541809082;2.3669866593660784;188;304;False;0;1;2;Lines;True;NaN
2183;19224.974437;94.68607330322266;96.29652404785156;417.4688529968262;119.6579475402832;1.4788023921856344;188;297;False;0;1;2;Lines;True;NaN
2184;19224.9795299;94.2928237915039;96.01011657714844;417.49885177612305;119.60541915893555;1.6057393610483632;188;298;False;0;1;2;Lines;True;NaN
2185;19224.9843555;94.24303436279297;95.80455780029297;417.45995712280273;119.46231079101562;2.3669866593660784;188;304;False;0;1;2;Lines;True;NaN
2186;19224.9895918;94.73079681396484;96.33466339111328;417.58544158935547;119.53181076049805;1.4788023921856344;188;297;False;0;1;2;Lines;True;NaN
2187;19224.994664;94.43950653076172;96.35799407958984;417.5722122192383;119.92802429199219;2.3669866593660784;188;304;False;0;1;2;Lines;True;NaN
2188;19224.9996497;94.8359375;96.26091766357422;417.052547454834;119.5046615600586;2.620563340372244;188;306;False;0;1;2;Lines;True;NaN
2189;19225.0049676;94.25540161132812;96.64204406738281;417.5729675292969;119.73396682739258;2.3669866593660784;188;304;False;0;1;2;Lines;True;NaN
2190;19225.009881;93.92036437988281;95.69435119628906;417.45023345947266;119.4118766784668;2.3669866593660784;188;304;False;0;1;2;Lines;True;NaN
2191;19225.0155717;94.77474212646484;95.77652740478516;417.38362884521484;120.41064834594727;2.3669866593660784;188;304;False;0;1;2;Lines;True;NaN
2192;19225.0204287;95.29837799072266;95.71742248535156;417.1174659729004;119.60918426513672;2.3669866593660784;188;304;False;0;1;2;Lines;True;NaN
2193;19225.0251086;94.81503295898438;95.41764068603516;417.52697372436523;120.34373092651367;2.3669866593660784;188;304;False;0;1;2;Lines;True;NaN
2194;19225.0301314;94.7606201171875;95.89005279541016;417.40937423706055;120.46359252929688;2.1133171667255723;188;302;False;0;1;2;Lines;True;NaN
2195;19225.0351817;94.78214263916016;95.87158966064453;417.48059844970703;120.43751907348633;2.3669866593660784;188;304;False;0;1;2;Lines;True;NaN
2196;19225.0403325;94.82505798339844;96.28597259521484;417.50106048583984;120.39276885986328;2.3669866593660784;188;304;False;0;1;2;Lines;True;NaN
2197;19225.04542;93.852294921875;96.16343688964844;417.4432373046875;120.61177444458008;1.2248861336786305;188;295;False;0;1;2;Lines;True;NaN
2198;19225.0510121;94.24784088134766;96.44965362548828;417.5333023071289;120.62977600097656;1.0979093332690764;188;294;False;0;1;2;Lines;True;NaN
2199;19225.0556703;94.76526641845703;95.9781265258789;417.4341850280762;120.56460571289062;2.3669866593660784;188;304;False;0;1;2;Lines;True;NaN
2200;19225.0607875;94.54077911376953;95.96807861328125;417.5243263244629;120.47840881347656;2.3669866593660784;188;304;False;0;1;2;Lines;True;NaN
2201;19225.0658744;94.8503646850586;95.60244750976562;416.9424133300781;120.33218765258789;1.351850901653578;188;296;False;0;1;2;Lines;True;NaN
2202;19225.070951;94.752197265625;95.6676254272461;417.4644088745117;120.28702545166016;1.351850901653578;188;296;False;0;1;2;Lines;True;NaN
2203;19225.0759706;94.91514587402344;96.09764099121094;417.3875732421875;120.35894393920898;2.3669866593660784;188;304;False;0;1;2;Lines;True;NaN
2204;19225.0810807;94.94056701660156;95.71488952636719;417.5317573547363;120.10166931152344;2.3669866593660784;188;304;False;0;1;2;Lines;True;NaN
2205;19225.085984;94.50833892822266;95.69637298583984;417.40259552001953;120.26056671142578;2.3669866593660784;188;304;False;0;1;2;Lines;True;NaN
2206;19225.0912319;94.85855865478516;95.72858428955078;417.55004501342773;119.48289108276367;2.3669866593660784;188;304;False;0;1;2;Lines;True;NaN
2207;19225.0965526;93.92593383789062;95.8775405883789;417.70153045654297;120.44267654418945;2.3669866593660784;188;304;False;0;1;2;Lines;True;NaN
2208;19225.1014047;94.6625747680664;95.75682830810547;417.55480194091797;120.42217636108398;2.3669866593660784;188;304;False;0;1;2;Lines;True;NaN
2209;19225.1076643;95.04450225830078;96.76713562011719;417.518123626709;120.39891815185547;1.6057393610483632;188;298;False;0;1;2;Lines;True;NaN
2210;19225.1130892;94.89033508300781;96.45932006835938;417.553279876709;120.46956634521484;2.3669866593660784;188;304;False;0;1;2;Lines;True;NaN
2211;19225.1170985;95.0206298828125;95.91492462158203;417.54686737060547;120.40526962280273;2.3669866593660784;188;304;False;0;1;2;Lines;True;NaN
2212;19225.122036;95.19210815429688;96.05413818359375;417.5607795715332;120.26496505737305;2.3669866593660784;188;304;False;0;1;2;Lines;True;NaN
2213;19225.1267121;94.6672592163086;96.1844253540039;417.47804260253906;119.53998947143555;2.1133171667255723;188;302;False;0;1;2;Lines;True;NaN
2214;19225.1317491;94.29959106445312;96.04492950439453;417.5701713562012;119.6596450805664;1.6057393610483632;188;298;False;0;1;2;Lines;True;NaN
2215;19225.1367616;94.50603485107422;96.44422912597656;417.52754974365234;119.83502960205078;2.3669866593660784;188;304;False;0;1;2;Lines;True;NaN
2216;19225.1425267;94.7855453491211;96.87535858154297;417.524356842041;119.8713264465332;2.3669866593660784;188;304;False;0;1;2;Lines;True;NaN
2217;19225.1470982;94.70494079589844;96.07656860351562;417.5497398376465;119.61881256103516;2.493787219171683;188;305;False;0;1;2;Lines;True;NaN
2218;19225.1521043;94.50276947021484;96.13572692871094;417.5976371765137;119.67974472045898;2.3669866593660784;188;304;False;0;1;2;Lines;True;NaN
2219;19225.1572006;94.65839385986328;96.26006317138672;417.62622451782227;120.29568862915039;1.351850901653578;188;296;False;0;1;2;Lines;True;NaN
2220;19225.1623256;94.79068756103516;95.87642669677734;417.5353813171387;119.60271072387695;1.2248861336786305;188;295;False;0;1;2;Lines;True;NaN
2221;19225.167449;95.1380615234375;96.29496765136719;417.48705291748047;119.62067413330078;1.7326605648701625;188;299;False;0;1;2;Lines;True;NaN
2222;19225.1725278;94.8561019897461;96.31910705566406;417.56707763671875;119.59294128417969;2.493787219171683;188;305;False;0;1;2;Lines;True;NaN
2223;19225.1775407;94.75294494628906;95.73326873779297;416.5322151184082;120.45743179321289;1.6057393610483632;188;298;False;0;1;2;Lines;True;NaN
2224;19225.1827199;94.70514678955078;95.98920440673828;416.96993255615234;120.37019729614258;2.3669866593660784;188;304;False;0;1;2;Lines;True;NaN
2225;19225.1878006;94.40771484375;95.99055480957031;417.6217346191406;119.41440200805664;2.3669866593660784;188;304;False;0;1;2;Lines;True;NaN
2226;19225.1930955;95.26506805419922;95.90875244140625;417.52388763427734;120.435546875;2.3669866593660784;188;304;False;0;1;2;Lines;True;NaN
2227;19225.1979536;94.71723937988281;96.49267578125;417.5069808959961;120.48770904541016;2.3669866593660784;188;304;False;0;1;2;Lines;True;NaN
2228;19225.2041492;95.42083740234375;96.2804946899414;417.5741958618164;120.38189315795898;1.2248861336786305;188;295;False;0;1;2;Lines;True;NaN
2229;19225.2104373;94.31566619873047;95.2188491821289;417.5416145324707;119.30760192871094;2.3669866593660784;188;304;False;0;1;2;Lines;True;NaN
2230;19225.2143067;94.32769775390625;95.29186248779297;416.9877128601074;120.30678176879883;2.3669866593660784;188;304;False;0;1;2;Lines;True;NaN
2231;19225.2185595;94.62261199951172;96.2442626953125;417.60581970214844;119.59988021850586;2.3669866593660784;188;304;False;0;1;2;Lines;True;NaN
2232;19225.2252282;94.58554077148438;96.3859634399414;417.7176628112793;119.54750442504883;1.4788023921856344;188;297;False;0;1;2;Lines;True;NaN
2233;19225.2284403;94.051513671875;95.80831909179688;417.44577407836914;119.46501922607422;2.3669866593660784;188;304;False;0;1;2;Lines;True;NaN
2234;19225.2333697;95.13937377929688;96.07799530029297;417.55150985717773;119.62113189697266;2.3669866593660784;188;304;False;0;1;2;Lines;True;NaN
2235;19225.2385909;94.56988525390625;96.64270782470703;417.5562629699707;119.67314910888672;2.3669866593660784;188;304;False;0;1;2;Lines;True;NaN
2236;19225.2435846;94.38966369628906;96.38158416748047;417.50577545166016;119.75483322143555;2.3669866593660784;188;304;False;0;1;2;Lines;True;NaN
2237;19225.2487826;94.81513214111328;96.17078399658203;417.4986991882324;119.70281600952148;2.3669866593660784;188;304;False;0;1;2;Lines;True;NaN
2238;19225.2539188;95.137939453125;95.44729614257812;417.5160140991211;120.29178619384766;2.3669866593660784;188;304;False;0;1;2;Lines;True;NaN
2239;19225.2589336;94.57838439941406;96.47158813476562;417.57393646240234;119.74348831176758;1.9864507086157592;188;301;False;0;1;2;Lines;True;NaN
2240;19225.2639356;94.44821166992188;96.28816986083984;417.5344352722168;120.35796737670898;2.3669866593660784;188;304;False;0;1;2;Lines;True;NaN
2241;19225.2689798;93.97040557861328;95.54004669189453;417.0219192504883;119.46749877929688;2.3669866593660784;188;304;False;0;1;2;Lines;True;NaN
2242;19225.2740674;94.95970153808594;96.6072769165039;417.51943588256836;119.52607345581055;2.3669866593660784;188;304;False;0;1;2;Lines;True;NaN
2243;19225.2791033;94.69939422607422;96.65474700927734;417.6288757324219;119.75484085083008;2.3669866593660784;188;304;False;0;1;2;Lines;True;NaN
2244;19225.2841939;94.1452407836914;96.28775024414062;417.39298248291016;119.65085220336914;2.3669866593660784;188;304;False;0;1;2;Lines;True;NaN
2245;19225.2896973;94.8116683959961;95.72908020019531;417.40313720703125;120.41754150390625;2.3669866593660784;188;304;False;0;1;2;Lines;True;NaN
2246;19225.2945629;94.43331146240234;95.81330108642578;416.9962844848633;120.53394317626953;1.9864507086157592;188;301;False;0;1;2;Lines;True;NaN
2247;19225.2999145;94.87080383300781;95.38166046142578;417.5890235900879;120.2239990234375;2.240162896311483;188;303;False;0;1;2;Lines;True;NaN
2248;19225.306087;94.47312927246094;95.60330963134766;417.4971237182617;120.22317886352539;2.3669866593660784;188;304;False;0;1;2;Lines;True;NaN
2249;19225.3108405;94.7413330078125;95.94776916503906;417.47896575927734;120.40124130249023;1.6057393610483632;188;298;False;0;1;2;Lines;True;NaN
2250;19225.3153056;94.88834381103516;95.83927917480469;417.57333755493164;119.48508834838867;2.3669866593660784;188;304;False;0;1;2;Lines;True;NaN
2251;19225.3203681;95.10248565673828;95.97837829589844;417.5375328063965;120.50019073486328;2.3669866593660784;188;304;False;0;1;2;Lines;True;NaN
2252;19225.3249775;95.23344421386719;96.20018005371094;417.5994300842285;120.28301620483398;2.3669866593660784;188;304;False;0;1;2;Lines;True;NaN
2253;19225.329929;94.76929473876953;96.71146392822266;417.10508728027344;119.69500732421875;2.3669866593660784;188;304;False;0;1;2;Lines;True;NaN
2254;19225.3351844;95.0180435180664;96.46227264404297;417.5875434875488;119.7662239074707;2.3669866593660784;188;304;False;0;1;2;Lines;True;NaN
2255;19225.3402181;94.1944580078125;96.05025482177734;417.47882080078125;119.74505996704102;2.1133171667255723;188;302;False;0;1;2;Lines;True;NaN
2256;19225.3452849;94.65206146240234;96.03070068359375;417.5898895263672;119.41724395751953;1.6057393610483632;188;298;False;0;1;2;Lines;True;NaN
2257;19225.3503482;94.4663314819336;96.11854553222656;417.62055587768555;119.68944931030273;2.3669866593660784;188;304;False;0;1;2;Lines;True;NaN
2258;19225.3555306;94.86392974853516;96.1716079711914;417.6235771179199;119.5091667175293;2.3669866593660784;188;304;False;0;1;2;Lines;True;NaN
2259;19225.3606712;95.35841369628906;96.49150848388672;417.4823188781738;119.55170822143555;2.3669866593660784;188;304;False;0;1;2;Lines;True;NaN
2260;19225.3656988;94.16897583007812;96.57005310058594;417.5965118408203;120.46386337280273;2.3669866593660784;188;304;False;0;1;2;Lines;True;NaN
2261;19225.3706231;94.73509216308594;95.96302795410156;417.47623443603516;120.40819549560547;1.2248861336786305;188;295;False;0;1;2;Lines;True;NaN
2262;19225.375758;94.67071533203125;95.21924591064453;416.9956932067871;119.31270217895508;1.6057393610483632;188;298;False;0;1;2;Lines;True;NaN
2263;19225.3812007;94.79367065429688;95.78751373291016;417.61713790893555;119.40735626220703;2.3669866593660784;188;304;False;0;1;2;Lines;True;NaN
2264;19225.3858008;94.77706146240234;95.32933044433594;417.49988555908203;119.3521728515625;2.3669866593660784;188;304;False;0;1;2;Lines;True;NaN
2265;19225.3911641;94.03800201416016;96.40139770507812;417.0017433166504;120.29768753051758;2.493787219171683;188;305;False;0;1;2;Lines;True;NaN
2266;19225.3963272;94.2732925415039;96.07247924804688;417.53117752075195;120.34186172485352;2.3669866593660784;188;304;False;0;1;2;Lines;True;NaN
2267;19225.4019867;94.14710235595703;95.4743423461914;417.5547637939453;120.24137115478516;1.351850901653578;188;296;False;0;1;2;Lines;True;NaN
2268;19225.4069265;95.37722778320312;96.12135314941406;417.5384407043457;120.3881607055664;2.3669866593660784;188;304;False;0;1;2;Lines;True;NaN
2269;19225.4113874;94.27242279052734;96.228759765625;417.50708770751953;119.59418487548828;1.4788023921856344;188;297;False;0;1;2;Lines;True;NaN
2270;19225.4165284;94.35901641845703;95.91069030761719;417.6136016845703;120.42770767211914;2.3669866593660784;188;304;False;0;1;2;Lines;True;NaN
2271;19225.4214164;94.7046127319336;96.57653045654297;417.5417594909668;119.83098983764648;1.8595647612071242;188;300;False;0;1;2;Lines;True;NaN
2272;19225.4265582;94.67149353027344;95.84164428710938;417.5790710449219;120.42378234863281;1.2248861336786305;188;295;False;0;1;2;Lines;True;NaN
2273;19225.4316074;94.65654754638672;95.67743682861328;417.57085037231445;119.46458053588867;2.3669866593660784;188;304;False;0;1;2;Lines;True;NaN
2274;19225.4368626;95.1933822631836;95.8732681274414;417.56591415405273;120.44649505615234;2.3669866593660784;188;304;False;0;1;2;Lines;True;NaN
2275;19225.4418968;94.13082122802734;96.10144805908203;417.5552444458008;119.65484237670898;1.7326605648701625;188;299;False;0;1;2;Lines;True;NaN
2276;19225.4470568;94.3329849243164;96.29613494873047;417.08627700805664;120.35005187988281;2.3669866593660784;188;304;False;0;1;2;Lines;True;NaN
2277;19225.4521151;95.00386047363281;95.31774139404297;417.49180603027344;119.3594741821289;2.3669866593660784;188;304;False;0;1;2;Lines;True;NaN
2278;19225.4572237;95.33482360839844;95.13583374023438;417.48307037353516;119.34286880493164;2.3669866593660784;188;304;False;0;1;2;Lines;True;NaN
2279;19225.4623272;94.58209228515625;95.92372131347656;417.45843505859375;119.39725112915039;2.3669866593660784;188;304;False;0;1;2;Lines;True;NaN
2280;19225.4674933;94.94990539550781;95.43852233886719;417.47967529296875;119.54749298095703;2.3669866593660784;188;304;False;0;1;2;Lines;True;NaN
2281;19225.4724437;94.92202758789062;96.20845031738281;417.16938400268555;119.55268096923828;2.3669866593660784;188;304;False;0;1;2;Lines;True;NaN
2282;19225.4775893;94.1106948852539;95.8861083984375;417.1466636657715;120.46022415161133;2.3669866593660784;188;304;False;0;1;2;Lines;True;NaN
2283;19225.482502;94.80615997314453;95.80266571044922;417.54874420166016;119.36531448364258;1.7326605648701625;188;299;False;0;1;2;Lines;True;NaN
2284;19225.4879384;94.41580963134766;96.2061538696289;417.40904235839844;119.52153396606445;2.1133171667255723;188;302;False;0;1;2;Lines;True;NaN
2285;19225.4934179;94.55755615234375;95.63606262207031;417.5621757507324;120.45062255859375;2.3669866593660784;188;304;False;0;1;2;Lines;True;NaN
2286;19225.4987744;94.65876770019531;95.69766998291016;417.0483932495117;120.451416015625;2.3669866593660784;188;304;False;0;1;2;Lines;True;NaN
2287;19225.5033633;94.72564697265625;95.64073944091797;417.518611907959;120.42268753051758;1.4788023921856344;188;297;False;0;1;2;Lines;True;NaN
2288;19225.5088942;95.20435333251953;96.42357635498047;417.5431785583496;119.50369262695312;2.3669866593660784;188;304;False;0;1;2;Lines;True;NaN
2289;19225.5129779;94.81576538085938;95.76377868652344;417.54023361206055;120.4359245300293;2.3669866593660784;188;304;False;0;1;2;Lines;True;NaN
2290;19225.5180015;95.38776397705078;96.03340148925781;417.50485610961914;119.70836639404297;2.3669866593660784;188;304;False;0;1;2;Lines;True;NaN
2291;19225.523204;94.74473571777344;95.89491271972656;417.5010757446289;120.46875762939453;2.3669866593660784;188;304;False;0;1;2;Lines;True;NaN
2292;19225.5281871;94.1413803100586;95.2862319946289;417.5537567138672;119.39090347290039;2.3669866593660784;188;304;False;0;1;2;Lines;True;NaN
2293;19225.5333227;94.88782501220703;96.06298065185547;417.5461082458496;120.4384994506836;2.3669866593660784;188;304;False;0;1;2;Lines;True;NaN
2294;19225.5383183;94.99361419677734;96.22908020019531;417.65697479248047;120.41864395141602;1.9864507086157592;188;301;False;0;1;2;Lines;True;NaN
2295;19225.5433463;94.8859634399414;95.762451171875;417.41471099853516;119.42541122436523;2.3669866593660784;188;304;False;0;1;2;Lines;True;NaN
2296;19225.5485987;94.4236831665039;96.11043548583984;417.57495498657227;119.64549255371094;2.3669866593660784;188;304;False;0;1;2;Lines;True;NaN
2297;19225.5536965;94.57421875;95.79895782470703;417.6204032897949;120.40474700927734;2.3669866593660784;188;304;False;0;1;2;Lines;True;NaN
2298;19225.5586166;95.07457733154297;95.74666595458984;417.53002548217773;120.40864944458008;2.3669866593660784;188;304;False;0;1;2;Lines;True;NaN
2299;19225.5636749;95.00756072998047;96.73755645751953;417.4933090209961;119.71400833129883;2.3669866593660784;188;304;False;0;1;2;Lines;True;NaN
2300;19225.5689567;94.40587615966797;95.66954803466797;416.97437286376953;119.42776870727539;2.1133171667255723;188;302;False;0;1;2;Lines;True;NaN
2301;19225.5737927;95.24758911132812;95.9855728149414;417.64539337158203;120.4195442199707;2.3669866593660784;188;304;False;0;1;2;Lines;True;NaN
2302;19225.5802127;93.87709045410156;96.62857055664062;417.47927474975586;119.67035293579102;2.3669866593660784;188;304;False;0;1;2;Lines;True;NaN
2303;19225.5839948;95.15194702148438;96.41555786132812;416.7043151855469;119.50984191894531;2.3669866593660784;188;304;False;0;1;2;Lines;True;NaN
2304;19225.5895845;94.31417846679688;96.18916320800781;417.1098747253418;119.58525466918945;2.3669866593660784;188;304;False;0;1;2;Lines;True;NaN
2305;19225.5947764;94.51068115234375;95.31774139404297;417.2043800354004;119.3594741821289;2.3669866593660784;188;304;False;0;1;2;Lines;True;NaN
2306;19225.5992671;94.69624328613281;95.63578033447266;416.9787826538086;120.18677520751953;2.3669866593660784;188;304;False;0;1;2;Lines;True;NaN
2307;19225.6043632;94.63177490234375;95.79269409179688;417.20366287231445;120.46906661987305;1.9864507086157592;188;301;False;0;1;2;Lines;True;NaN
2308;19225.6094301;94.75724029541016;95.56475830078125;417.5584487915039;120.16996002197266;2.3669866593660784;188;304;False;0;1;2;Lines;True;NaN
2309;19225.6146175;95.26058959960938;96.18695831298828;417.6557502746582;119.71719741821289;2.3669866593660784;188;304;False;0;1;2;Lines;True;NaN
2310;19225.6195908;94.86646270751953;95.94852447509766;417.5820541381836;120.39165496826172;1.4788023921856344;188;297;False;0;1;2;Lines;True;NaN
2311;19225.6246736;94.97632598876953;95.34805297851562;417.3594436645508;119.38438415527344;2.3669866593660784;188;304;False;0;1;2;Lines;True;NaN
2312;19225.6297551;94.66908264160156;95.50758361816406;417.5820960998535;120.2970199584961;2.3669866593660784;188;304;False;0;1;2;Lines;True;NaN
2313;19225.6348792;94.85272216796875;96.41555786132812;416.9660415649414;119.50984191894531;2.3669866593660784;188;304;False;0;1;2;Lines;True;NaN
2314;19225.6400289;94.40611267089844;96.11431121826172;417.54949951171875;119.62333297729492;2.3669866593660784;188;304;False;0;1;2;Lines;True;NaN
2315;19225.6449498;94.65252685546875;95.90516662597656;417.5604438781738;119.49119567871094;1.351850901653578;188;296;False;0;1;2;Lines;True;NaN
2316;19225.650161;95.1932373046875;95.9569320678711;417.5908660888672;120.3379135131836;2.3669866593660784;188;304;False;0;1;2;Lines;True;NaN
2317;19225.6553028;94.49017333984375;95.32405853271484;416.98498153686523;119.38162994384766;2.3669866593660784;188;304;False;0;1;2;Lines;True;NaN
2318;19225.6603618;94.21292114257812;95.31774139404297;417.0966606140137;119.3594741821289;1.6057393610483632;188;298;False;0;1;2;Lines;True;NaN
2319;19225.6655934;95.19669342041016;95.78363037109375;417.57886505126953;120.45281982421875;1.7326605648701625;188;299;False;0;1;2;Lines;True;NaN
2320;19225.671082;94.33979034423828;95.98678588867188;417.75864028930664;120.38250350952148;2.3669866593660784;188;304;False;0;1;2;Lines;True;NaN
2321;19225.6761876;93.82653045654297;95.9826431274414;417.3332176208496;119.33263778686523;2.3669866593660784;188;304;False;0;1;2;Lines;True;NaN
2322;19225.6819187;94.45323944091797;96.75375366210938;417.44772720336914;119.60256576538086;1.6057393610483632;188;298;False;0;1;2;Lines;True;NaN
2323;19225.6864325;94.93378448486328;96.67015075683594;417.1378746032715;119.68184661865234;2.1133171667255723;188;302;False;0;1;2;Lines;True;NaN
2324;19225.6906924;94.60392761230469;95.37226867675781;417.50244140625;120.27074813842773;2.3669866593660784;188;304;False;0;1;2;Lines;True;NaN
2325;19225.6958446;94.56498718261719;96.26210021972656;417.6020851135254;119.53722763061523;2.3669866593660784;188;304;False;0;1;2;Lines;True;NaN
2326;19225.7009611;95.0575180053711;96.00428771972656;417.51095962524414;119.59306335449219;2.3669866593660784;188;304;False;0;1;2;Lines;True;NaN
2327;19225.7059567;94.1470947265625;95.71128845214844;417.5746040344238;119.4669418334961;2.3669866593660784;188;304;False;0;1;2;Lines;True;NaN
2328;19225.7110433;94.96578216552734;95.84325408935547;417.51645278930664;119.35301208496094;1.9864507086157592;188;301;False;0;1;2;Lines;True;NaN
2329;19225.7162697;94.48528289794922;96.90850067138672;417.56129455566406;119.91583633422852;1.2248861336786305;188;295;False;0;1;2;Lines;True;NaN
2330;19225.7212865;93.74457550048828;95.96656036376953;417.4553031921387;120.48997116088867;2.3669866593660784;188;304;False;0;1;2;Lines;True;NaN
2331;19225.7265832;94.6753921508789;96.77075958251953;417.5803565979004;119.73491287231445;2.3669866593660784;188;304;False;0;1;2;Lines;True;NaN
2332;19225.7314225;94.1727066040039;95.85855102539062;417.0167999267578;119.46423721313477;2.1133171667255723;188;302;False;0;1;2;Lines;True;NaN
2333;19225.7364316;94.25162506103516;96.17278289794922;416.9300231933594;119.59070205688477;2.3669866593660784;188;304;False;0;1;2;Lines;True;NaN
2334;19225.7417207;94.62995910644531;96.09662628173828;417.51832580566406;119.6414794921875;2.3669866593660784;188;304;False;0;1;2;Lines;True;NaN
2335;19225.7468209;94.65715026855469;96.42057037353516;417.52599716186523;119.55498886108398;2.3669866593660784;188;304;False;0;1;2;Lines;True;NaN
2336;19225.751762;94.63417053222656;96.58627319335938;417.58570861816406;119.75846862792969;2.3669866593660784;188;304;False;0;1;2;Lines;True;NaN
2337;19225.756954;94.11148071289062;96.68851470947266;417.58349227905273;119.78660202026367;2.3669866593660784;188;304;False;0;1;2;Lines;True;NaN
2338;19225.7620113;94.69215393066406;96.64337921142578;417.517765045166;119.76519775390625;2.3669866593660784;188;304;False;0;1;2;Lines;True;NaN
2339;19225.7678369;94.58348083496094;96.71759033203125;417.46261978149414;119.70748519897461;2.3669866593660784;188;304;False;0;1;2;Lines;True;NaN
2340;19225.7742347;94.42286682128906;96.72367095947266;417.6305046081543;119.66287231445312;2.3669866593660784;188;304;False;0;1;2;Lines;True;NaN
2341;19225.7779705;94.70478820800781;95.6688003540039;417.4648017883301;119.50454330444336;2.3669866593660784;188;304;False;0;1;2;Lines;True;NaN
2342;19225.7832539;94.38993835449219;95.15684509277344;417.007381439209;120.1845817565918;2.3669866593660784;188;304;False;0;1;2;Lines;True;NaN
2343;19225.7880283;94.98634338378906;96.44149780273438;417.4427490234375;120.46855926513672;2.3669866593660784;188;304;False;0;1;2;Lines;True;NaN
2344;19225.7942244;93.94721984863281;95.81970977783203;417.0455627441406;120.46333312988281;2.3669866593660784;188;304;False;0;1;2;Lines;True;NaN
2345;19225.7973944;94.61458587646484;95.64712524414062;417.5210723876953;119.51777648925781;2.3669866593660784;188;304;False;0;1;2;Lines;True;NaN
2346;19225.8025033;94.22706604003906;95.93060302734375;417.58702087402344;119.42845153808594;2.3669866593660784;188;304;False;0;1;2;Lines;True;NaN
2347;19225.8077708;94.4088134765625;96.42565155029297;417.5311851501465;119.54253387451172;1.9864507086157592;188;301;False;0;1;2;Lines;True;NaN
2348;19225.8127331;93.87899780273438;95.89563751220703;416.92037200927734;120.4520378112793;2.1133171667255723;188;302;False;0;1;2;Lines;True;NaN
2349;19225.8177276;94.72808837890625;96.42684173583984;417.61767959594727;120.43487548828125;2.3669866593660784;188;304;False;0;1;2;Lines;True;NaN
2350;19225.8230121;94.7020034790039;95.93909454345703;417.6532783508301;120.38283157348633;1.7326605648701625;188;299;False;0;1;2;Lines;True;NaN
2351;19225.827997;94.37841033935547;95.94017791748047;417.1100273132324;119.61998748779297;2.3669866593660784;188;304;False;0;1;2;Lines;True;NaN
2352;19225.8330046;94.51025390625;95.89208984375;417.4451141357422;120.37449264526367;2.3669866593660784;188;304;False;0;1;2;Lines;True;NaN
2353;19225.8381886;94.68791198730469;95.2455062866211;417.547176361084;120.33888244628906;2.3669866593660784;188;304;False;0;1;2;Lines;True;NaN
2354;19225.8431951;94.91292572021484;96.52608489990234;417.52466583251953;120.57589721679688;1.351850901653578;188;296;False;0;1;2;Lines;True;NaN
2355;19225.8484051;94.90103149414062;96.2151107788086;417.07129669189453;120.40405654907227;2.3669866593660784;188;304;False;0;1;2;Lines;True;NaN
2356;19225.8535337;94.26298522949219;96.16929626464844;417.60840225219727;120.43513107299805;1.9864507086157592;188;301;False;0;1;2;Lines;True;NaN
2357;19225.8585237;94.42122650146484;96.06839752197266;417.54468154907227;119.69897079467773;1.7326605648701625;188;299;False;0;1;2;Lines;True;NaN
2358;19225.8638479;95.1338882446289;96.22492980957031;417.4659233093262;119.58548736572266;2.1133171667255723;188;302;False;0;1;2;Lines;True;NaN
2359;19225.8689067;94.36360931396484;95.87544250488281;417.0462646484375;119.54500579833984;2.3669866593660784;188;304;False;0;1;2;Lines;True;NaN
2360;19225.8746154;95.15164947509766;95.32781982421875;417.438720703125;120.29801940917969;2.3669866593660784;188;304;False;0;1;2;Lines;True;NaN
2361;19225.8795692;95.17694091796875;96.16734313964844;417.5048522949219;119.5860366821289;2.3669866593660784;188;304;False;0;1;2;Lines;True;NaN
2362;19225.8839804;94.52714538574219;96.5141372680664;417.4617919921875;119.63168334960938;2.3669866593660784;188;304;False;0;1;2;Lines;True;NaN
2363;19225.8889678;94.73470306396484;96.70823669433594;417.6051940917969;119.69967269897461;2.3669866593660784;188;304;False;0;1;2;Lines;True;NaN
2364;19225.8940459;95.25706481933594;96.70138549804688;416.61219787597656;119.87127685546875;2.3669866593660784;188;304;False;0;1;2;Lines;True;NaN
2365;19225.8998194;94.76737213134766;96.34972381591797;417.56840896606445;119.8030891418457;1.2248861336786305;188;295;False;0;1;2;Lines;True;NaN
2366;19225.904243;94.91812133789062;96.38508605957031;417.50054931640625;119.74673843383789;2.3669866593660784;188;304;False;0;1;2;Lines;True;NaN
2367;19225.9092606;95.3200454711914;95.67102813720703;417.6367492675781;119.50135803222656;2.3669866593660784;188;304;False;0;1;2;Lines;True;NaN
2368;19225.9143525;94.92416381835938;95.90386199951172;417.36855697631836;120.4288215637207;1.6057393610483632;188;298;False;0;1;2;Lines;True;NaN
2369;19225.9193536;94.73658752441406;96.11042785644531;417.64777755737305;119.60612487792969;1.8595647612071242;188;300;False;0;1;2;Lines;True;NaN
2370;19225.9245085;94.61753845214844;96.0783920288086;417.4243469238281;119.64117813110352;2.3669866593660784;188;304;False;0;1;2;Lines;True;NaN
2371;19225.9295524;95.107177734375;95.95500946044922;417.43244552612305;119.6336441040039;1.351850901653578;188;296;False;0;1;2;Lines;True;NaN
2372;19225.9346602;94.59286499023438;95.6974105834961;417.44886016845703;120.21522903442383;2.3669866593660784;188;304;False;0;1;2;Lines;True;NaN
2373;19225.9397272;95.33219146728516;95.77208709716797;417.0973701477051;120.45339965820312;2.3669866593660784;188;304;False;0;1;2;Lines;True;NaN
2374;19225.9455325;94.60995483398438;95.84858703613281;417.59798431396484;120.3958740234375;2.3669866593660784;188;304;False;0;1;2;Lines;True;NaN
2375;19225.9500457;94.78861236572266;96.48621368408203;416.95654296875;119.7083511352539;2.3669866593660784;188;304;False;0;1;2;Lines;True;NaN
2376;19225.9559899;94.44608306884766;95.26312255859375;417.56468200683594;119.34314346313477;1.9864507086157592;188;301;False;0;1;2;Lines;True;NaN
2377;19225.9612118;93.83898162841797;95.965576171875;416.9911346435547;120.40814590454102;2.3669866593660784;188;304;False;0;1;2;Lines;True;NaN
2378;19225.9664056;94.79774475097656;96.66106414794922;417.46811294555664;120.05323028564453;2.1133171667255723;188;302;False;0;1;2;Lines;True;NaN
2379;19225.970515;94.69458770751953;96.22870635986328;417.58291244506836;119.82076644897461;1.351850901653578;188;296;False;0;1;2;Lines;True;NaN
2380;19225.9753156;95.03631591796875;96.41777801513672;417.62429428100586;119.73676300048828;0.9709217461419472;188;293;False;0;1;2;Lines;True;NaN
2381;19225.9803752;94.49546813964844;96.17207336425781;417.5114440917969;120.3493881225586;2.3669866593660784;188;304;False;0;1;2;Lines;True;NaN
2382;19225.9854741;94.11710357666016;95.6130142211914;416.97068786621094;120.25976181030273;2.3669866593660784;188;304;False;0;1;2;Lines;True;NaN
2383;19225.9907215;94.41902160644531;96.23861694335938;417.601375579834;120.44343185424805;1.6057393610483632;188;298;False;0;1;2;Lines;True;NaN
2384;19225.9956504;93.84355163574219;95.74427032470703;417.1243782043457;120.50464630126953;2.3669866593660784;188;304;False;0;1;2;Lines;True;NaN
2385;19226.0007837;94.40128326416016;95.64892578125;417.46286392211914;120.3004035949707;2.493787219171683;188;305;False;0;1;2;Lines;True;NaN
2386;19226.0059332;94.37609100341797;96.1008529663086;417.49853134155273;119.51800155639648;1.9864507086157592;188;301;False;0;1;2;Lines;True;NaN
2387;19226.0109181;94.48011016845703;95.99227142333984;417.6833953857422;120.43367004394531;2.3669866593660784;188;304;False;0;1;2;Lines;True;NaN
2388;19226.0161109;94.92257690429688;95.9862289428711;417.3487663269043;119.58392715454102;2.3669866593660784;188;304;False;0;1;2;Lines;True;NaN
2389;19226.0212279;94.958984375;95.90097045898438;417.0094985961914;120.38337326049805;1.6057393610483632;188;298;False;0;1;2;Lines;True;NaN
2390;19226.0261363;95.24559783935547;95.73432922363281;417.62767791748047;120.42401123046875;2.3669866593660784;188;304;False;0;1;2;Lines;True;NaN
2391;19226.0313153;94.71685028076172;96.70867919921875;417.53147888183594;119.6836929321289;2.3669866593660784;188;304;False;0;1;2;Lines;True;NaN
2392;19226.0363952;94.76351165771484;95.98115539550781;417.47914123535156;119.60987091064453;2.3669866593660784;188;304;False;0;1;2;Lines;True;NaN
2393;19226.0416852;94.18869018554688;96.9249267578125;417.687068939209;119.53713607788086;2.493787219171683;188;305;False;0;1;2;Lines;True;NaN
2394;19226.0465574;94.85111236572266;95.97329711914062;417.5171890258789;119.58732604980469;1.7326605648701625;188;299;False;0;1;2;Lines;True;NaN
2395;19226.051987;94.77723693847656;97.050048828125;417.5879783630371;120.20197677612305;2.3669866593660784;188;304;False;0;1;2;Lines;True;NaN
2396;19226.0571443;94.8416748046875;95.94734191894531;417.6509590148926;119.6348762512207;2.3669866593660784;188;304;False;0;1;2;Lines;True;NaN
2397;19226.0624705;94.8998794555664;97.09696960449219;417.1164207458496;120.10516738891602;2.3669866593660784;188;304;False;0;1;2;Lines;True;NaN
2398;19226.0668809;93.95010375976562;96.40363311767578;417.0860595703125;119.72714233398438;1.4788023921856344;188;297;False;0;1;2;Lines;True;NaN
2399;19226.0719631;94.67292785644531;95.82703399658203;417.52703857421875;120.43371200561523;1.6057393610483632;188;298;False;0;1;2;Lines;True;NaN
2400;19226.0769384;94.73715209960938;96.18106842041016;417.0492973327637;120.31468963623047;2.3669866593660784;188;304;False;0;1;2;Lines;True;NaN
2401;19226.0820394;95.0379638671875;96.27513885498047;417.3783760070801;120.49467468261719;2.3669866593660784;188;304;False;0;1;2;Lines;True;NaN
2402;19226.0873502;94.69432830810547;96.44337463378906;417.08658599853516;119.53557586669922;1.4788023921856344;188;297;False;0;1;2;Lines;True;NaN
2403;19226.0922264;94.99492645263672;95.94115447998047;417.6786003112793;120.42235946655273;2.3669866593660784;188;304;False;0;1;2;Lines;True;NaN
2404;19226.0974568;94.37422180175781;96.26578521728516;417.51064682006836;120.34130477905273;2.3669866593660784;188;304;False;0;1;2;Lines;True;NaN
2405;19226.1022773;94.09101104736328;95.49333953857422;417.4042434692383;120.26975631713867;2.3669866593660784;188;304;False;0;1;2;Lines;True;NaN
2406;19226.107596;95.072998046875;95.18489074707031;417.4096908569336;119.36341094970703;2.3669866593660784;188;304;False;0;1;2;Lines;True;NaN
2407;19226.1126363;95.35440826416016;95.55668640136719;417.55624771118164;120.17250442504883;2.3669866593660784;188;304;False;0;1;2;Lines;True;NaN
2408;19226.1178079;94.46821594238281;95.25738525390625;417.51136779785156;119.3683967590332;2.3669866593660784;188;304;False;0;1;2;Lines;True;NaN
2409;19226.1228868;94.2153549194336;95.99644470214844;417.54529190063477;119.65824508666992;1.8595647612071242;188;300;False;0;1;2;Lines;True;NaN
2410;19226.1277119;94.68062591552734;96.3183364868164;416.6885795593262;120.31567764282227;1.9864507086157592;188;301;False;0;1;2;Lines;True;NaN
2411;19226.1339858;94.4952392578125;95.80123138427734;417.5220718383789;119.51399230957031;2.3669866593660784;188;304;False;0;1;2;Lines;True;NaN
2412;19226.1382747;94.21418762207031;96.18939208984375;417.4166603088379;119.57607650756836;2.3669866593660784;188;304;False;0;1;2;Lines;True;NaN
2413;19226.1439686;95.0292739868164;95.98451232910156;417.62952041625977;120.41701889038086;2.3669866593660784;188;304;False;0;1;2;Lines;True;NaN
2414;19226.1482334;94.1957778930664;95.98163604736328;416.9605484008789;120.42330551147461;2.3669866593660784;188;304;False;0;1;2;Lines;True;NaN
2415;19226.1539286;94.61134338378906;96.2770004272461;417.0731735229492;119.6220817565918;2.3669866593660784;188;304;False;0;1;2;Lines;True;NaN
2416;19226.15876;94.54141998291016;95.76468658447266;417.52452850341797;120.44333267211914;2.3669866593660784;188;304;False;0;1;2;Lines;True;NaN
2417;19226.1636235;94.97560119628906;96.7592544555664;417.65546798706055;119.58392333984375;2.3669866593660784;188;304;False;0;1;2;Lines;True;NaN
2418;19226.1683787;94.35523223876953;95.55199432373047;417.4418182373047;120.31093215942383;2.3669866593660784;188;304;False;0;1;2;Lines;True;NaN
2419;19226.1735049;94.97750091552734;95.83526611328125;417.11800384521484;120.48546981811523;1.8595647612071242;188;300;False;0;1;2;Lines;True;NaN
2420;19226.178584;94.72576141357422;96.63107299804688;417.4771728515625;120.4969367980957;2.3669866593660784;188;304;False;0;1;2;Lines;True;NaN
2421;19226.1835913;95.00958251953125;96.45292663574219;417.4937515258789;120.53076934814453;2.3669866593660784;188;304;False;0;1;2;Lines;True;NaN
2422;19226.1887499;94.3266830444336;96.02677917480469;417.49303817749023;119.54672622680664;2.3669866593660784;188;304;False;0;1;2;Lines;True;NaN
2423;19226.1939104;94.31165313720703;96.03425598144531;417.53712463378906;120.36951446533203;2.3669866593660784;188;304;False;0;1;2;Lines;True;NaN
2424;19226.1989753;94.47480010986328;95.78668975830078;417.4912414550781;119.49178695678711;2.3669866593660784;188;304;False;0;1;2;Lines;True;NaN
2425;19226.2041939;94.34782409667969;96.11034393310547;417.5745735168457;119.57887649536133;1.6057393610483632;188;298;False;0;1;2;Lines;True;NaN
2426;19226.2090758;95.08592987060547;96.03797149658203;417.5185203552246;120.38029861450195;2.3669866593660784;188;304;False;0;1;2;Lines;True;NaN
2427;19226.2141756;94.70875549316406;96.55949401855469;417.5931930541992;119.77999114990234;1.2248861336786305;188;295;False;0;1;2;Lines;True;NaN
2428;19226.2191775;94.4875717163086;96.2000732421875;417.05138778686523;120.51774597167969;2.3669866593660784;188;304;False;0;1;2;Lines;True;NaN
2429;19226.2244095;94.62084197998047;95.91865539550781;416.5268974304199;119.59260940551758;2.3669866593660784;188;304;False;0;1;2;Lines;True;NaN
2430;19226.2294929;94.7171401977539;96.44429016113281;417.28858184814453;119.55842590332031;1.6057393610483632;188;298;False;0;1;2;Lines;True;NaN
2431;19226.235553;94.0436019897461;95.6006088256836;417.02132415771484;119.54541015625;1.7326605648701625;188;299;False;0;1;2;Lines;True;NaN
2432;19226.2400299;94.17428588867188;95.7977523803711;417.5713310241699;120.4347038269043;2.3669866593660784;188;304;False;0;1;2;Lines;True;NaN
2433;19226.2452682;94.63172149658203;95.87498474121094;417.0458869934082;119.44363784790039;1.8595647612071242;188;300;False;0;1;2;Lines;True;NaN
2434;19226.2510792;94.54051208496094;95.7557373046875;417.7095184326172;120.11498260498047;2.3669866593660784;188;304;False;0;1;2;Lines;True;NaN
2435;19226.2556168;94.15736389160156;96.14427185058594;417.3944091796875;119.56917190551758;2.240162896311483;188;303;False;0;1;2;Lines;True;NaN
2436;19226.2600024;94.45829010009766;95.60198211669922;417.06510162353516;119.48628616333008;2.3669866593660784;188;304;False;0;1;2;Lines;True;NaN
2437;19226.2649359;94.22257232666016;95.94390106201172;417.44070053100586;120.405029296875;2.3669866593660784;188;304;False;0;1;2;Lines;True;NaN
2438;19226.2700295;94.21131134033203;96.3157730102539;417.1034965515137;119.64207077026367;2.3669866593660784;188;304;False;0;1;2;Lines;True;NaN
2439;19226.2756316;95.11859130859375;95.25064086914062;417.6250534057617;120.30520248413086;2.3669866593660784;188;304;False;0;1;2;Lines;True;NaN
2440;19226.2802083;95.47344970703125;95.77391815185547;417.58070373535156;119.50645446777344;2.3669866593660784;188;304;False;0;1;2;Lines;True;NaN
2441;19226.2853995;94.33438110351562;96.27662658691406;417.6171684265137;119.57911682128906;2.3669866593660784;188;304;False;0;1;2;Lines;True;NaN
2442;19226.2903941;94.86299133300781;96.88756561279297;417.43732833862305;119.92821502685547;1.2248861336786305;188;295;False;0;1;2;Lines;True;NaN
2443;19226.2956235;94.62417602539062;96.00212860107422;417.5598335266113;120.44039535522461;2.3669866593660784;188;304;False;0;1;2;Lines;True;NaN
2444;19226.3008319;94.53244018554688;95.86446380615234;417.4946975708008;120.45159912109375;2.3669866593660784;188;304;False;0;1;2;Lines;True;NaN
2445;19226.3058809;95.20455932617188;96.4156723022461;417.5830383300781;119.7257194519043;2.3669866593660784;188;304;False;0;1;2;Lines;True;NaN
2446;19226.3108804;94.18357849121094;96.1367416381836;417.14976501464844;120.61024856567383;2.3669866593660784;188;304;False;0;1;2;Lines;True;NaN
2447;19226.3159651;94.87468719482422;95.77388000488281;417.5401153564453;120.4498062133789;2.3669866593660784;188;304;False;0;1;2;Lines;True;NaN
2448;19226.3221516;95.09712982177734;95.68364715576172;417.5462226867676;120.19878387451172;2.3669866593660784;188;304;False;0;1;2;Lines;True;NaN
2449;19226.3260484;94.4946060180664;96.40184783935547;417.53408432006836;120.42744064331055;2.3669866593660784;188;304;False;0;1;2;Lines;True;NaN
2450;19226.3328711;94.87495422363281;96.75032806396484;417.5484809875488;119.71860122680664;1.6057393610483632;188;298;False;0;1;2;Lines;True;NaN
2451;19226.3364358;95.05829620361328;96.0760498046875;417.59759521484375;119.5748405456543;2.3669866593660784;188;304;False;0;1;2;Lines;True;NaN
2452;19226.3424956;94.17866516113281;96.30132293701172;417.47537994384766;119.5176773071289;1.6057393610483632;188;298;False;0;1;2;Lines;True;NaN
2453;19226.3463447;95.08047485351562;96.13323211669922;417.5190887451172;119.5784912109375;1.6057393610483632;188;298;False;0;1;2;Lines;True;NaN
2454;19226.351954;95.2992172241211;96.31239318847656;417.46728897094727;119.81663513183594;2.3669866593660784;188;304;False;0;1;2;Lines;True;NaN
2455;19226.3564468;94.23682403564453;96.18606567382812;417.5922660827637;119.56699752807617;2.3669866593660784;188;304;False;0;1;2;Lines;True;NaN
2456;19226.3615285;94.66252136230469;96.11128234863281;417.5094184875488;119.62578582763672;1.6057393610483632;188;298;False;0;1;2;Lines;True;NaN
2457;19226.3667257;94.47915649414062;95.96505737304688;417.64216232299805;120.61053848266602;1.7326605648701625;188;299;False;0;1;2;Lines;True;NaN
2458;19226.3717425;94.42909240722656;95.78800964355469;417.46091079711914;120.41014099121094;2.493787219171683;188;305;False;0;1;2;Lines;True;NaN
2459;19226.3767894;93.88722229003906;96.46772766113281;417.01277923583984;119.55278778076172;2.3669866593660784;188;304;False;0;1;2;Lines;True;NaN
2460;19226.3820339;94.07080841064453;96.31756591796875;417.35233306884766;120.33723831176758;2.3669866593660784;188;304;False;0;1;2;Lines;True;NaN
2461;19226.3871456;95.34658813476562;95.51762390136719;417.17701721191406;120.28120803833008;1.4788023921856344;188;297;False;0;1;2;Lines;True;NaN
2462;19226.3921485;94.23384857177734;96.12667083740234;417.51976013183594;120.43971633911133;1.2248861336786305;188;295;False;0;1;2;Lines;True;NaN
2463;19226.3970808;94.76254272460938;96.1429214477539;417.5368843078613;120.3668327331543;2.3669866593660784;188;304;False;0;1;2;Lines;True;NaN
2464;19226.402149;94.72895812988281;96.18902587890625;417.5126647949219;120.45149230957031;2.3669866593660784;188;304;False;0;1;2;Lines;True;NaN
2465;19226.4072722;94.82492065429688;96.1513900756836;417.69687271118164;120.41091918945312;2.3669866593660784;188;304;False;0;1;2;Lines;True;NaN
2466;19226.4124771;95.00640869140625;95.65412902832031;417.49976348876953;119.4722900390625;2.3669866593660784;188;304;False;0;1;2;Lines;True;NaN
2467;19226.4176159;94.81558990478516;96.41716766357422;417.522518157959;119.56716537475586;2.620563340372244;188;306;False;0;1;2;Lines;True;NaN
2468;19226.4226251;94.83690643310547;95.24111938476562;417.5554428100586;119.34415817260742;2.3669866593660784;188;304;False;0;1;2;Lines;True;NaN
2469;19226.4275655;94.31161499023438;95.86827850341797;417.5458984375;119.42874908447266;2.3669866593660784;188;304;False;0;1;2;Lines;True;NaN
2470;19226.4329393;94.09400177001953;95.84801483154297;416.9943046569824;120.47859954833984;2.3669866593660784;188;304;False;0;1;2;Lines;True;NaN
2471;19226.4391366;94.4923095703125;95.65160369873047;417.5869674682617;119.45602035522461;1.9864507086157592;188;301;False;0;1;2;Lines;True;NaN
2472;19226.4443248;94.39240264892578;95.74779510498047;417.64645767211914;120.38470077514648;2.3669866593660784;188;304;False;0;1;2;Lines;True;NaN
2473;19226.4478863;95.26763153076172;96.33534240722656;417.52442169189453;119.4866714477539;2.3669866593660784;188;304;False;0;1;2;Lines;True;NaN
2474;19226.45303;94.07083892822266;95.33030700683594;417.56644439697266;120.27090454101562;1.351850901653578;188;296;False;0;1;2;Lines;True;NaN
2475;19226.4582559;94.23834228515625;95.66183471679688;417.45986557006836;120.4190559387207;2.3669866593660784;188;304;False;0;1;2;Lines;True;NaN
2476;19226.4633639;94.51127624511719;95.86446380615234;417.66563415527344;120.45159912109375;1.8595647612071242;188;300;False;0;1;2;Lines;True;NaN
2477;19226.4681669;94.45794677734375;95.83573150634766;417.14503479003906;119.49654769897461;2.3669866593660784;188;304;False;0;1;2;Lines;True;NaN
2478;19226.4735125;94.94463348388672;96.1862564086914;417.5418167114258;120.61614227294922;2.3669866593660784;188;304;False;0;1;2;Lines;True;NaN
2479;19226.4785369;94.56144714355469;96.2270278930664;417.6326446533203;119.56055068969727;2.3669866593660784;188;304;False;0;1;2;Lines;True;NaN
2480;19226.4835746;94.20713806152344;95.6288833618164;417.5140686035156;120.46406173706055;1.6057393610483632;188;298;False;0;1;2;Lines;True;NaN
2481;19226.4886711;94.93492889404297;95.73128509521484;417.0269012451172;119.48310852050781;2.3669866593660784;188;304;False;0;1;2;Lines;True;NaN
2482;19226.4938347;94.71016693115234;95.33720397949219;417.58019638061523;120.27371215820312;2.3669866593660784;188;304;False;0;1;2;Lines;True;NaN
2483;19226.4989025;95.15718841552734;95.7447509765625;417.58527755737305;119.5467300415039;2.3669866593660784;188;304;False;0;1;2;Lines;True;NaN
2484;19226.503959;94.3755111694336;95.80876922607422;417.5606803894043;119.43938446044922;2.3669866593660784;188;304;False;0;1;2;Lines;True;NaN
2485;19226.50913;94.43602752685547;95.4111099243164;417.5156059265137;120.28194427490234;2.3669866593660784;188;304;False;0;1;2;Lines;True;NaN
2486;19226.5144409;94.44300079345703;96.09239196777344;417.5122299194336;119.59370422363281;1.8595647612071242;188;300;False;0;1;2;Lines;True;NaN
2487;19226.5191393;94.55755615234375;95.86074829101562;416.9958953857422;120.49896240234375;2.3669866593660784;188;304;False;0;1;2;Lines;True;NaN
2488;19226.5246595;95.21075439453125;96.47025299072266;417.46826171875;120.4880256652832;2.3669866593660784;188;304;False;0;1;2;Lines;True;NaN
2489;19226.5305557;94.72024536132812;95.85578155517578;417.47053146362305;119.48075103759766;2.3669866593660784;188;304;False;0;1;2;Lines;True;NaN
2490;19226.5344596;93.796142578125;96.04843139648438;416.9865837097168;119.55793380737305;1.2248861336786305;188;295;False;0;1;2;Lines;True;NaN
2491;19226.5400827;94.71426391601562;96.06312561035156;417.5115623474121;119.60788345336914;1.9864507086157592;188;301;False;0;1;2;Lines;True;NaN
2492;19226.5444373;94.27465057373047;96.424560546875;417.4428520202637;119.58419036865234;2.3669866593660784;188;304;False;0;1;2;Lines;True;NaN
2493;19226.5495316;94.46946716308594;95.9365005493164;417.50839614868164;120.5601577758789;2.3669866593660784;188;304;False;0;1;2;Lines;True;NaN
2494;19226.5545979;94.4728775024414;95.8787612915039;417.480899810791;120.46720886230469;2.3669866593660784;188;304;False;0;1;2;Lines;True;NaN
2495;19226.5598406;94.45532989501953;96.53716278076172;417.08443450927734;119.68778991699219;1.9864507086157592;188;301;False;0;1;2;Lines;True;NaN
2496;19226.5648572;94.87451171875;95.3478012084961;417.43457412719727;119.36611938476562;1.6057393610483632;188;298;False;0;1;2;Lines;True;NaN
2497;19226.5699135;95.0470199584961;96.24478912353516;417.5598793029785;119.60818099975586;2.3669866593660784;188;304;False;0;1;2;Lines;True;NaN
2498;19226.5751301;94.72464752197266;95.73235321044922;417.49759674072266;119.4750862121582;1.6057393610483632;188;298;False;0;1;2;Lines;True;NaN
2499;19226.5800834;94.65982818603516;95.42949676513672;417.5275344848633;120.27535247802734;2.3669866593660784;188;304;False;0;1;2;Lines;True;NaN
2500;19226.585212;95.10983276367188;96.44828033447266;417.4989700317383;119.54894256591797;1.0979093332690764;188;294;False;0;1;2;Lines;True;NaN
2501;19226.5904718;94.97996520996094;96.54959106445312;417.4647750854492;119.71830749511719;1.9864507086157592;188;301;False;0;1;2;Lines;True;NaN
2502;19226.5954224;94.40092468261719;96.42776489257812;417.6090507507324;119.80728530883789;1.6057393610483632;188;298;False;0;1;2;Lines;True;NaN
2503;19226.6006086;94.69526672363281;96.56283569335938;417.54902267456055;119.65164566040039;1.351850901653578;188;296;False;0;1;2;Lines;True;NaN
2504;19226.6063547;95.00343322753906;96.59158325195312;417.4660224914551;119.71138000488281;1.6057393610483632;188;298;False;0;1;2;Lines;True;NaN
2505;19226.6105187;94.22701263427734;96.36419677734375;417.58080291748047;119.78888320922852;2.3669866593660784;188;304;False;0;1;2;Lines;True;NaN
2506;19226.6164721;94.71104431152344;96.26399993896484;417.57270431518555;119.54586410522461;1.9864507086157592;188;301;False;0;1;2;Lines;True;NaN
2507;19226.6220247;94.05243682861328;96.1419906616211;417.63623428344727;119.54485321044922;1.351850901653578;188;296;False;0;1;2;Lines;True;NaN
2508;19226.6276518;95.33768463134766;96.33228302001953;417.4790840148926;119.60241317749023;1.6057393610483632;188;298;False;0;1;2;Lines;True;NaN
2509;19226.6312916;94.34209442138672;95.94444274902344;417.44665145874023;119.62177276611328;2.3669866593660784;188;304;False;0;1;2;Lines;True;NaN
2510;19226.6359763;94.2777099609375;96.1255111694336;417.4146957397461;119.55710220336914;2.3669866593660784;188;304;False;0;1;2;Lines;True;NaN
2511;19226.6411366;94.53826141357422;95.76895904541016;417.5460662841797;120.41130065917969;2.3669866593660784;188;304;False;0;1;2;Lines;True;NaN
2512;19226.6462581;94.46636199951172;95.58863830566406;416.9944610595703;120.46980667114258;1.2248861336786305;188;295;False;0;1;2;Lines;True;NaN
2513;19226.6520109;94.76876068115234;96.10103607177734;417.6382064819336;120.40935897827148;2.3669866593660784;188;304;False;0;1;2;Lines;True;NaN
2514;19226.6562606;94.78608703613281;95.82710266113281;417.41271209716797;119.54735565185547;1.7326605648701625;188;299;False;0;1;2;Lines;True;NaN
2515;19226.6613194;94.45706176757812;96.15264129638672;417.0182113647461;119.58191680908203;2.3669866593660784;188;304;False;0;1;2;Lines;True;NaN
2516;19226.6665245;94.34099578857422;95.35506439208984;417.4769973754883;120.29075241088867;2.3669866593660784;188;304;False;0;1;2;Lines;True;NaN
2517;19226.6717783;94.77921295166016;95.72274017333984;417.0275573730469;119.52746963500977;2.3669866593660784;188;304;False;0;1;2;Lines;True;NaN
2518;19226.676683;94.94324493408203;95.81195831298828;417.61017990112305;120.47343063354492;2.3669866593660784;188;304;False;0;1;2;Lines;True;NaN
2519;19226.6819033;94.65189361572266;95.8242416381836;417.0812454223633;120.32712936401367;2.3669866593660784;188;304;False;0;1;2;Lines;True;NaN
2520;19226.6869959;94.59810638427734;96.2723388671875;417.0305519104004;119.53189086914062;2.3669866593660784;188;304;False;0;1;2;Lines;True;NaN
2521;19226.6920827;95.6126480102539;95.98056030273438;416.5705375671387;120.4207763671875;2.3669866593660784;188;304;False;0;1;2;Lines;True;NaN
2522;19226.6970582;94.392333984375;96.17693328857422;417.57301330566406;120.34552383422852;2.1133171667255723;188;302;False;0;1;2;Lines;True;NaN
2523;19226.702532;94.22264099121094;96.4466781616211;417.4881286621094;119.55189514160156;1.0979093332690764;188;294;False;0;1;2;Lines;True;NaN
2524;19226.7071353;95.2400131225586;96.21290588378906;417.5383110046387;119.6028938293457;2.3669866593660784;188;304;False;0;1;2;Lines;True;NaN
2525;19226.7124891;95.15530395507812;96.10114288330078;417.65826416015625;119.57340240478516;2.3669866593660784;188;304;False;0;1;2;Lines;True;NaN
2526;19226.7181207;94.37776947021484;96.2228775024414;417.62487030029297;119.53036499023438;2.3669866593660784;188;304;False;0;1;2;Lines;True;NaN
2527;19226.7237511;94.30729675292969;96.2021713256836;417.5963592529297;119.51159286499023;1.9864507086157592;188;301;False;0;1;2;Lines;True;NaN
2528;19226.72805;94.54901123046875;96.27359008789062;417.5614776611328;119.56764221191406;1.6057393610483632;188;298;False;0;1;2;Lines;True;NaN
2529;19226.7325875;94.92853546142578;97.14643096923828;416.62853622436523;120.19232940673828;2.3669866593660784;188;304;False;0;1;2;Lines;True;NaN
2530;19226.7376356;94.64705657958984;96.2268295288086;417.5787544250488;119.81800079345703;2.3669866593660784;188;304;False;0;1;2;Lines;True;NaN
2531;19226.7427653;95.2377700805664;96.74076843261719;416.6279296875;119.64862442016602;1.351850901653578;188;296;False;0;1;2;Lines;True;NaN
2532;19226.748575;94.97103118896484;97.22932434082031;416.56371307373047;120.27113723754883;2.3669866593660784;188;304;False;0;1;2;Lines;True;NaN
2533;19226.7528875;94.60846710205078;96.47381591796875;417.5265769958496;119.7577018737793;2.3669866593660784;188;304;False;0;1;2;Lines;True;NaN
2534;19226.7580595;94.38569641113281;96.48665618896484;417.5427703857422;119.75860595703125;1.0979093332690764;188;294;False;0;1;2;Lines;True;NaN
2535;19226.7631565;95.04609680175781;96.89856719970703;417.4766654968262;119.90825653076172;2.3669866593660784;188;304;False;0;1;2;Lines;True;NaN
2536;19226.768233;94.28341674804688;96.41387176513672;417.0154342651367;119.75554656982422;2.3669866593660784;188;304;False;0;1;2;Lines;True;NaN
2537;19226.7733208;94.62162017822266;95.93119049072266;417.6577796936035;119.69075393676758;1.2248861336786305;188;295;False;0;1;2;Lines;True;NaN
2538;19226.7784671;94.8810806274414;95.4409408569336;417.14306259155273;120.27176666259766;2.3669866593660784;188;304;False;0;1;2;Lines;True;NaN
2539;19226.7834253;94.71223449707031;95.83157348632812;417.55330657958984;120.46756362915039;2.3669866593660784;188;304;False;0;1;2;Lines;True;NaN
2540;19226.7885807;95.1529541015625;96.74613952636719;417.47970962524414;120.6150131225586;2.3669866593660784;188;304;False;0;1;2;Lines;True;NaN
2541;19226.7938836;94.74342346191406;95.84922790527344;417.4161262512207;119.44126892089844;1.351850901653578;188;296;False;0;1;2;Lines;True;NaN
2542;19226.7986194;94.04432678222656;96.10366821289062;417.0049819946289;120.36248397827148;1.6057393610483632;188;298;False;0;1;2;Lines;True;NaN
2543;19226.8037951;94.23865509033203;95.89543914794922;417.14242935180664;120.4202766418457;2.3669866593660784;188;304;False;0;1;2;Lines;True;NaN
2544;19226.8094604;94.42000579833984;95.84326171875;417.5504913330078;120.48929214477539;2.3669866593660784;188;304;False;0;1;2;Lines;True;NaN
2545;19226.8140024;94.19532012939453;96.20948791503906;417.6952819824219;120.30921173095703;1.351850901653578;188;296;False;0;1;2;Lines;True;NaN
2546;19226.8195868;94.77764892578125;95.72877502441406;417.0391654968262;120.46480941772461;2.1133171667255723;188;302;False;0;1;2;Lines;True;NaN
2547;19226.8245804;95.01271057128906;96.14598083496094;417.6119499206543;119.35861206054688;2.3669866593660784;188;304;False;0;1;2;Lines;True;NaN
2548;19226.8290161;94.50411224365234;96.33621978759766;417.61609268188477;119.60945510864258;2.3669866593660784;188;304;False;0;1;2;Lines;True;NaN
2549;19226.8340972;95.08317565917969;95.92804718017578;417.5210762023926;120.54782104492188;2.3669866593660784;188;304;False;0;1;2;Lines;True;NaN
2550;19226.8392029;94.70182800292969;95.9204330444336;417.39274978637695;119.37892532348633;2.3669866593660784;188;304;False;0;1;2;Lines;True;NaN
2551;19226.8442949;94.56505584716797;96.60967254638672;417.54895782470703;119.68527221679688;2.1133171667255723;188;302;False;0;1;2;Lines;True;NaN
2552;19226.8494236;94.77811431884766;95.50384521484375;417.53226470947266;119.50752639770508;2.3669866593660784;188;304;False;0;1;2;Lines;True;NaN
2553;19226.8545703;94.82466888427734;96.73494720458984;417.53963470458984;119.70727920532227;2.3669866593660784;188;304;False;0;1;2;Lines;True;NaN
2554;19226.859651;94.54035186767578;95.9009780883789;417.5652046203613;119.6903076171875;1.7326605648701625;188;299;False;0;1;2;Lines;True;NaN
2555;19226.864681;94.84891510009766;95.76371765136719;417.443416595459;119.39968872070312;2.3669866593660784;188;304;False;0;1;2;Lines;True;NaN
2556;19226.8696785;94.71000671386719;95.85214233398438;417.5494689941406;120.48660659790039;2.3669866593660784;188;304;False;0;1;2;Lines;True;NaN
2557;19226.8748531;94.28761291503906;96.77117156982422;417.60706329345703;119.69894027709961;1.9864507086157592;188;301;False;0;1;2;Lines;True;NaN
2558;19226.8800598;94.41561126708984;95.34288024902344;417.53321075439453;120.29640197753906;2.1133171667255723;188;302;False;0;1;2;Lines;True;NaN
2559;19226.8848862;94.62896728515625;96.74300384521484;417.2147979736328;120.47635269165039;2.3669866593660784;188;304;False;0;1;2;Lines;True;NaN
2560;19226.8900885;94.14906311035156;95.80429077148438;417.0552558898926;120.38177871704102;2.3669866593660784;188;304;False;0;1;2;Lines;True;NaN
2561;19226.8962287;94.5333480834961;96.60530853271484;417.12070083618164;119.70207977294922;2.3669866593660784;188;304;False;0;1;2;Lines;True;NaN
2562;19226.9023601;95.36447143554688;96.11630249023438;417.5526428222656;119.67926025390625;2.3669866593660784;188;304;False;0;1;2;Lines;True;NaN
2563;19226.9054965;94.23504638671875;95.8484115600586;417.0011215209961;120.47404098510742;2.3669866593660784;188;304;False;0;1;2;Lines;True;NaN
2564;19226.9107805;94.59361267089844;95.90026092529297;417.5158386230469;120.50399780273438;2.3669866593660784;188;304;False;0;1;2;Lines;True;NaN
2565;19226.9159854;95.06373596191406;96.10335540771484;417.25720596313477;119.67641830444336;1.4788023921856344;188;297;False;0;1;2;Lines;True;NaN
2566;19226.9205314;95.459716796875;96.2044677734375;416.5523490905762;120.35508346557617;2.620563340372244;188;306;False;0;1;2;Lines;True;NaN
2567;19226.9257362;94.99360656738281;95.92445373535156;417.61128997802734;120.35233306884766;2.240162896311483;188;303;False;0;1;2;Lines;True;NaN
2568;19226.930838;94.57305908203125;95.96314239501953;417.6794853210449;120.37775802612305;2.3669866593660784;188;304;False;0;1;2;Lines;True;NaN
2569;19226.9362454;95.03385925292969;96.26058959960938;417.50448989868164;120.2988052368164;2.3669866593660784;188;304;False;0;1;2;Lines;True;NaN
2570;19226.9409384;94.75426483154297;95.21603393554688;417.55594635009766;120.35136795043945;2.3669866593660784;188;304;False;0;1;2;Lines;True;NaN
2571;19226.945964;94.4059829711914;95.65418243408203;417.49893951416016;119.46934509277344;2.493787219171683;188;305;False;0;1;2;Lines;True;NaN
2572;19226.9511431;95.19343566894531;95.9512710571289;417.51512145996094;120.40147018432617;2.3669866593660784;188;304;False;0;1;2;Lines;True;NaN
2573;19226.9561258;94.47776794433594;95.92605590820312;417.4306869506836;120.46486282348633;1.0979093332690764;188;294;False;0;1;2;Lines;True;NaN
2574;19226.9611564;94.28952026367188;95.94835662841797;417.5593719482422;120.40701675415039;2.3669866593660784;188;304;False;0;1;2;Lines;True;NaN
2575;19226.9662412;94.35118865966797;96.41539764404297;417.4468803405762;119.55858993530273;2.3669866593660784;188;304;False;0;1;2;Lines;True;NaN
2576;19226.9714348;95.1448974609375;96.53488159179688;417.51028060913086;119.6964111328125;2.3669866593660784;188;304;False;0;1;2;Lines;True;NaN
2577;19226.9765106;94.46326446533203;95.56378936767578;417.4040870666504;119.42508697509766;2.1133171667255723;188;302;False;0;1;2;Lines;True;NaN
2578;19226.9816882;94.85408782958984;96.72578430175781;417.49667739868164;119.6414680480957;2.3669866593660784;188;304;False;0;1;2;Lines;True;NaN
2579;19226.9865663;95.12893676757812;96.59137725830078;416.68449783325195;119.79180526733398;2.3669866593660784;188;304;False;0;1;2;Lines;True;NaN
2580;19226.993165;94.819580078125;96.42521667480469;417.70977783203125;119.57354736328125;2.3669866593660784;188;304;False;0;1;2;Lines;True;NaN
2581;19226.9984412;94.70600891113281;96.41963195800781;417.6136169433594;119.55755233764648;2.3669866593660784;188;304;False;0;1;2;Lines;True;NaN
2582;19227.0017494;94.92533111572266;95.48800659179688;417.6099853515625;120.24789047241211;2.3669866593660784;188;304;False;0;1;2;Lines;True;NaN
2583;19227.007342;95.44593811035156;96.03836059570312;417.5681838989258;119.63848495483398;1.351850901653578;188;296;False;0;1;2;Lines;True;NaN
2584;19227.0120218;95.11284637451172;96.66972351074219;417.4233589172363;119.92119979858398;2.3669866593660784;188;304;False;0;1;2;Lines;True;NaN
2585;19227.0170185;94.75409698486328;96.30884552001953;417.5953254699707;119.58703994750977;2.3669866593660784;188;304;False;0;1;2;Lines;True;NaN
2586;19227.0222297;94.60338592529297;96.46221923828125;417.0326957702637;119.54412841796875;2.3669866593660784;188;304;False;0;1;2;Lines;True;NaN
2587;19227.0274038;94.7364273071289;96.55168914794922;417.66200256347656;119.7988166809082;1.4788023921856344;188;297;False;0;1;2;Lines;True;NaN
2588;19227.0323814;94.4443359375;95.8560791015625;417.488224029541;120.50012969970703;2.3669866593660784;188;304;False;0;1;2;Lines;True;NaN
2589;19227.0373252;94.40357208251953;95.19816589355469;417.0796775817871;119.35744857788086;2.3669866593660784;188;304;False;0;1;2;Lines;True;NaN
2590;19227.0425529;94.93704986572266;95.55387878417969;417.53214263916016;120.30440139770508;1.351850901653578;188;296;False;0;1;2;Lines;True;NaN
2591;19227.0476184;94.2905502319336;95.75565338134766;417.5773124694824;119.46774673461914;2.3669866593660784;188;304;False;0;1;2;Lines;True;NaN
2592;19227.0527724;94.52914428710938;95.84284973144531;417.5702476501465;120.24325942993164;2.3669866593660784;188;304;False;0;1;2;Lines;True;NaN
2593;19227.0577996;95.12174987792969;96.05424499511719;417.48939514160156;120.49929809570312;1.8595647612071242;188;300;False;0;1;2;Lines;True;NaN
2594;19227.0628654;95.05155944824219;95.67340087890625;417.18458557128906;120.45298385620117;2.1133171667255723;188;302;False;0;1;2;Lines;True;NaN
2595;19227.067941;94.7848892211914;95.859619140625;417.1941833496094;119.5106201171875;2.240162896311483;188;303;False;0;1;2;Lines;True;NaN
2596;19227.0730374;94.49308776855469;96.53474426269531;417.5221290588379;120.53164672851562;2.3669866593660784;188;304;False;0;1;2;Lines;True;NaN
2597;19227.078385;95.21073150634766;95.79886627197266;417.48387145996094;120.44427871704102;2.240162896311483;188;303;False;0;1;2;Lines;True;NaN
2598;19227.083194;94.17613983154297;96.22589111328125;416.97143936157227;120.4092903137207;2.3669866593660784;188;304;False;0;1;2;Lines;True;NaN
2599;19227.0882515;94.26175689697266;95.50901794433594;417.4356994628906;120.30020523071289;2.3669866593660784;188;304;False;0;1;2;Lines;True;NaN
2600;19227.0948799;94.78239440917969;95.76790618896484;417.52536392211914;119.4901123046875;2.3669866593660784;188;304;False;0;1;2;Lines;True;NaN
2601;19227.0984107;94.1116943359375;95.32837677001953;417.0111618041992;120.2945556640625;1.6057393610483632;188;298;False;0;1;2;Lines;True;NaN
2602;19227.1053538;94.08924102783203;95.5135726928711;417.06989669799805;120.25791931152344;1.7326605648701625;188;299;False;0;1;2;Lines;True;NaN
2603;19227.1088132;94.74993896484375;95.78520965576172;417.5112419128418;120.45662307739258;2.3669866593660784;188;304;False;0;1;2;Lines;True;NaN
2604;19227.1136815;95.03768157958984;96.0167007446289;417.3905029296875;120.44092178344727;2.3669866593660784;188;304;False;0;1;2;Lines;True;NaN
2605;19227.1187337;95.04407501220703;95.82290649414062;417.47047424316406;120.43757629394531;1.8595647612071242;188;300;False;0;1;2;Lines;True;NaN
2606;19227.1238405;94.11161041259766;95.92048645019531;417.58992767333984;119.43915557861328;1.6057393610483632;188;298;False;0;1;2;Lines;True;NaN
2607;19227.1295908;94.90801239013672;96.07684326171875;417.54496002197266;119.57734680175781;2.3669866593660784;188;304;False;0;1;2;Lines;True;NaN
2608;19227.1339825;94.53923034667969;96.56385040283203;417.68418884277344;119.6981430053711;2.1133171667255723;188;302;False;0;1;2;Lines;True;NaN
2609;19227.1391291;94.29817199707031;96.14556884765625;417.6209487915039;119.59183883666992;2.3669866593660784;188;304;False;0;1;2;Lines;True;NaN
2610;19227.14424;94.27287292480469;96.12232208251953;417.03923416137695;120.44072723388672;2.3669866593660784;188;304;False;0;1;2;Lines;True;NaN
2611;19227.1493055;94.73217010498047;95.93421173095703;417.52503967285156;120.4097900390625;2.3669866593660784;188;304;False;0;1;2;Lines;True;NaN
2612;19227.1543872;94.46427154541016;96.08403015136719;417.5237922668457;119.54470825195312;2.3669866593660784;188;304;False;0;1;2;Lines;True;NaN
2613;19227.159473;95.1197280883789;96.436767578125;417.56664276123047;119.69322204589844;1.9864507086157592;188;301;False;0;1;2;Lines;True;NaN
2614;19227.1645408;94.42499542236328;96.90672302246094;417.5780601501465;120.62859344482422;2.3669866593660784;188;304;False;0;1;2;Lines;True;NaN
2615;19227.1695239;94.93087768554688;96.2490005493164;417.4653739929199;119.59516906738281;0.9709217461419472;188;293;False;0;1;2;Lines;True;NaN
2616;19227.1754321;94.6065902709961;95.93597412109375;417.40970611572266;119.6686897277832;2.3669866593660784;188;304;False;0;1;2;Lines;True;NaN
2617;19227.1797232;94.40311431884766;96.05463409423828;417.03511810302734;120.34862518310547;2.3669866593660784;188;304;False;0;1;2;Lines;True;NaN
2618;19227.1860035;94.76089477539062;96.04354858398438;417.4224319458008;119.59642028808594;2.3669866593660784;188;304;False;0;1;2;Lines;True;NaN
2619;19227.189841;95.18594360351562;95.46814727783203;417.1111259460449;120.25608825683594;2.3669866593660784;188;304;False;0;1;2;Lines;True;NaN
2620;19227.1969601;94.85115051269531;95.73187255859375;417.50085830688477;120.48197937011719;1.7326605648701625;188;299;False;0;1;2;Lines;True;NaN
2621;19227.2009583;94.82835388183594;95.3008804321289;417.4182548522949;119.34750366210938;2.3669866593660784;188;304;False;0;1;2;Lines;True;NaN
2622;19227.2061007;94.38433837890625;95.32701873779297;417.45619201660156;119.37590789794922;2.3669866593660784;188;304;False;0;1;2;Lines;True;NaN
2623;19227.210204;94.63275909423828;95.54808044433594;417.45281982421875;120.452392578125;1.4788023921856344;188;297;False;0;1;2;Lines;True;NaN
2624;19227.2152967;94.4138412475586;96.15377044677734;417.5704460144043;120.34316635131836;2.3669866593660784;188;304;False;0;1;2;Lines;True;NaN
2625;19227.2211283;94.55058288574219;95.48320007324219;417.08612060546875;120.23429107666016;1.6057393610483632;188;298;False;0;1;2;Lines;True;NaN
2626;19227.2254155;94.94959259033203;95.91313934326172;417.6949806213379;120.57237243652344;2.3669866593660784;188;304;False;0;1;2;Lines;True;NaN
2627;19227.2306958;94.94363403320312;96.16644287109375;417.56781005859375;120.35946273803711;2.1133171667255723;188;302;False;0;1;2;Lines;True;NaN
2628;19227.2357505;95.09346771240234;95.86083984375;417.21497344970703;120.38775253295898;2.240162896311483;188;303;False;0;1;2;Lines;True;NaN
2629;19227.240854;94.86200714111328;96.07437896728516;417.50576400756836;119.54938507080078;2.3669866593660784;188;304;False;0;1;2;Lines;True;NaN
2630;19227.2458149;94.94390869140625;96.20331573486328;417.54542541503906;120.30175018310547;2.3669866593660784;188;304;False;0;1;2;Lines;True;NaN
2631;19227.2509384;94.66885375976562;95.3478012084961;417.54212188720703;119.36611938476562;2.3669866593660784;188;304;False;0;1;2;Lines;True;NaN
2632;19227.256078;94.52240753173828;96.43790435791016;417.60633087158203;119.54043960571289;2.3669866593660784;188;304;False;0;1;2;Lines;True;NaN
2633;19227.2610012;94.32125854492188;96.13552856445312;417.50011825561523;119.6251449584961;1.7326605648701625;188;299;False;0;1;2;Lines;True;NaN
2634;19227.2662028;94.64254760742188;95.36795043945312;417.54822540283203;120.23198318481445;2.3669866593660784;188;304;False;0;1;2;Lines;True;NaN
2635;19227.2712308;94.0164794921875;95.86085510253906;417.4506645202637;120.49102401733398;2.3669866593660784;188;304;False;0;1;2;Lines;True;NaN
2636;19227.2772777;94.59941864013672;95.83084106445312;417.70878982543945;119.49900436401367;1.9864507086157592;188;301;False;0;1;2;Lines;True;NaN
2637;19227.2829686;94.94293212890625;95.20601654052734;417.54203033447266;119.31358337402344;2.3669866593660784;188;304;False;0;1;2;Lines;True;NaN
2638;19227.2889146;95.11508178710938;96.957275390625;416.67920684814453;119.90237808227539;1.6057393610483632;188;298;False;0;1;2;Lines;True;NaN
2639;19227.2916755;94.42507934570312;96.05644989013672;417.4868698120117;119.68443298339844;2.3669866593660784;188;304;False;0;1;2;Lines;True;NaN
2640;19227.2967522;95.13225555419922;96.66487121582031;417.6343879699707;119.7496452331543;2.3669866593660784;188;304;False;0;1;2;Lines;True;NaN
2641;19227.3016315;93.96188354492188;96.4471435546875;417.5915107727051;119.51530838012695;2.3669866593660784;188;304;False;0;1;2;Lines;True;NaN
2642;19227.3067676;95.28682708740234;95.9242935180664;417.51306533813477;120.34383392333984;1.351850901653578;188;296;False;0;1;2;Lines;True;NaN
2643;19227.3118978;94.84589385986328;96.16619873046875;417.42935943603516;120.38154983520508;2.3669866593660784;188;304;False;0;1;2;Lines;True;NaN
2644;19227.3170832;95.22572326660156;96.05886840820312;417.51403427124023;120.39697265625;2.3669866593660784;188;304;False;0;1;2;Lines;True;NaN
2645;19227.3222889;93.65667724609375;96.11453247070312;416.85353088378906;120.37801742553711;2.1133171667255723;188;302;False;0;1;2;Lines;True;NaN
2646;19227.3271677;94.40425872802734;96.40444946289062;417.44149017333984;119.64531326293945;2.1133171667255723;188;302;False;0;1;2;Lines;True;NaN
2647;19227.3323283;94.37525177001953;95.81523895263672;417.1307258605957;120.52276611328125;1.6057393610483632;188;298;False;0;1;2;Lines;True;NaN
2648;19227.3374082;94.9434585571289;96.43962097167969;417.5900077819824;120.52090072631836;2.3669866593660784;188;304;False;0;1;2;Lines;True;NaN
2649;19227.3424841;94.90709686279297;95.37346649169922;417.60876846313477;119.5821533203125;2.3669866593660784;188;304;False;0;1;2;Lines;True;NaN
2650;19227.3475038;94.46499633789062;95.55280303955078;417.55029296875;120.25470352172852;2.3669866593660784;188;304;False;0;1;2;Lines;True;NaN
2651;19227.3528026;94.18730163574219;95.33901977539062;417.47690200805664;119.35042572021484;1.6057393610483632;188;298;False;0;1;2;Lines;True;NaN
2652;19227.3577267;94.73947143554688;95.71128845214844;417.5801200866699;119.4669418334961;2.1133171667255723;188;302;False;0;1;2;Lines;True;NaN
2653;19227.3627536;93.97674560546875;95.99168395996094;417.5045356750488;120.40982437133789;2.3669866593660784;188;304;False;0;1;2;Lines;True;NaN
2654;19227.3679855;95.5028305053711;95.50186920166016;417.4855499267578;120.4244270324707;2.3669866593660784;188;304;False;0;1;2;Lines;True;NaN
2655;19227.3737593;94.8921890258789;95.66060638427734;417.58295822143555;120.44941711425781;2.3669866593660784;188;304;False;0;1;2;Lines;True;NaN
2656;19227.378094;94.08689880371094;96.1968994140625;417.48605728149414;119.63006973266602;2.3669866593660784;188;304;False;0;1;2;Lines;True;NaN
2657;19227.3836924;94.3933334350586;95.81366729736328;417.59580993652344;119.70025634765625;2.3669866593660784;188;304;False;0;1;2;Lines;True;NaN
2658;19227.3880385;94.63532257080078;95.47289276123047;417.06531143188477;120.29154968261719;2.3669866593660784;188;304;False;0;1;2;Lines;True;NaN
2659;19227.393119;94.55271911621094;95.5972900390625;417.5576515197754;119.55043029785156;1.9864507086157592;188;301;False;0;1;2;Lines;True;NaN
2660;19227.3982515;93.80257415771484;96.10159301757812;416.97676849365234;120.32258605957031;2.3669866593660784;188;304;False;0;1;2;Lines;True;NaN
2661;19227.4033379;94.80745697021484;96.0728988647461;417.6542510986328;119.5757827758789;1.2248861336786305;188;295;False;0;1;2;Lines;True;NaN
2662;19227.4084918;94.46784210205078;96.79668426513672;417.6202278137207;119.90140533447266;1.6057393610483632;188;298;False;0;1;2;Lines;True;NaN
2663;19227.4133704;94.59690856933594;96.00867462158203;417.59949111938477;119.30610275268555;2.3669866593660784;188;304;False;0;1;2;Lines;True;NaN
2664;19227.4187249;94.90324401855469;96.2065658569336;417.5037307739258;119.57380294799805;2.3669866593660784;188;304;False;0;1;2;Lines;True;NaN
2665;19227.4238238;94.7804946899414;96.75763702392578;417.50402450561523;119.69119262695312;2.3669866593660784;188;304;False;0;1;2;Lines;True;NaN
2666;19227.4288744;94.3514175415039;96.59736633300781;417.09123611450195;119.6831283569336;2.3669866593660784;188;304;False;0;1;2;Lines;True;NaN
2667;19227.433959;94.93171691894531;95.50446319580078;417.48144149780273;119.50986862182617;2.3669866593660784;188;304;False;0;1;2;Lines;True;NaN
2668;19227.4390224;94.74666595458984;95.768310546875;417.55628967285156;119.3937873840332;1.6057393610483632;188;298;False;0;1;2;Lines;True;NaN
2669;19227.4441079;94.61184692382812;96.48054504394531;417.0447196960449;119.55987548828125;2.3669866593660784;188;304;False;0;1;2;Lines;True;NaN
2670;19227.4495152;94.7509994506836;96.36760711669922;417.5584907531738;120.49213027954102;2.3669866593660784;188;304;False;0;1;2;Lines;True;NaN
2671;19227.4540968;94.36551666259766;95.27201843261719;417.07817459106445;119.35895156860352;2.3669866593660784;188;304;False;0;1;2;Lines;True;NaN
2672;19227.4591548;94.90013122558594;95.62234497070312;417.0539894104004;120.23675155639648;1.7326605648701625;188;299;False;0;1;2;Lines;True;NaN
2673;19227.4643453;94.2749252319336;95.25782775878906;417.6072196960449;119.43761825561523;2.3669866593660784;188;304;False;0;1;2;Lines;True;NaN
2674;19227.4700165;95.02710723876953;95.87564086914062;417.583683013916;120.51277923583984;2.3669866593660784;188;304;False;0;1;2;Lines;True;NaN
2675;19227.4744319;94.1518325805664;95.50999450683594;417.52352142333984;120.31735229492188;1.6057393610483632;188;298;False;0;1;2;Lines;True;NaN
2676;19227.4795221;94.12834930419922;96.354248046875;417.5575866699219;119.73650741577148;2.3669866593660784;188;304;False;0;1;2;Lines;True;NaN
2677;19227.4845599;94.83731079101562;95.46408081054688;417.42664337158203;120.28128814697266;2.3669866593660784;188;304;False;0;1;2;Lines;True;NaN
2678;19227.4897662;95.41620635986328;95.81065368652344;417.5144348144531;120.4973030090332;2.3669866593660784;188;304;False;0;1;2;Lines;True;NaN
2679;19227.4948333;94.38180541992188;96.02011108398438;417.5123481750488;120.41732406616211;2.3669866593660784;188;304;False;0;1;2;Lines;True;NaN
2680;19227.4998617;94.09202575683594;95.33893585205078;416.983943939209;120.2826042175293;2.3669866593660784;188;304;False;0;1;2;Lines;True;NaN
2681;19227.5050347;94.25267028808594;96.04908752441406;417.5033302307129;119.46282196044922;2.3669866593660784;188;304;False;0;1;2;Lines;True;NaN
2682;19227.5102528;94.4487533569336;95.95403289794922;417.4107246398926;119.38276672363281;2.3669866593660784;188;304;False;0;1;2;Lines;True;NaN
2683;19227.5151708;94.35607147216797;95.21469116210938;417.4665184020996;119.35459899902344;1.6057393610483632;188;298;False;0;1;2;Lines;True;NaN
2684;19227.5202642;94.7284164428711;96.2281723022461;417.45682525634766;119.58702087402344;2.3669866593660784;188;304;False;0;1;2;Lines;True;NaN
2685;19227.5252834;94.78361511230469;96.47618103027344;417.22232818603516;120.4228630065918;1.6057393610483632;188;298;False;0;1;2;Lines;True;NaN
2686;19227.530527;95.41094207763672;95.68128204345703;417.5731658935547;119.5329818725586;2.3669866593660784;188;304;False;0;1;2;Lines;True;NaN
2687;19227.5355893;94.12779235839844;96.8280258178711;417.57646560668945;119.68791961669922;2.493787219171683;188;305;False;0;1;2;Lines;True;NaN
2688;19227.5406342;94.45100402832031;96.57561492919922;417.5584831237793;120.47846603393555;2.3669866593660784;188;304;False;0;1;2;Lines;True;NaN
2689;19227.5455952;93.99331665039062;96.1075210571289;417.510498046875;119.66983413696289;2.3669866593660784;188;304;False;0;1;2;Lines;True;NaN
2690;19227.5516891;94.39723205566406;96.38279724121094;417.45377349853516;119.79949951171875;1.7326605648701625;188;299;False;0;1;2;Lines;True;NaN
2691;19227.5569857;94.86727905273438;96.3932113647461;417.5189437866211;119.60645294189453;2.3669866593660784;188;304;False;0;1;2;Lines;True;NaN
2692;19227.5621788;94.35184478759766;96.26103210449219;417.4142150878906;119.61943817138672;2.3669866593660784;188;304;False;0;1;2;Lines;True;NaN
2693;19227.5661926;94.64885711669922;96.23667907714844;417.0177764892578;119.58000564575195;2.3669866593660784;188;304;False;0;1;2;Lines;True;NaN
2694;19227.5709649;94.70533752441406;96.72676086425781;417.66341400146484;120.04974746704102;2.3669866593660784;188;304;False;0;1;2;Lines;True;NaN
2695;19227.5761953;95.30695343017578;95.69881439208984;417.5387763977051;119.46158599853516;1.2248861336786305;188;295;False;0;1;2;Lines;True;NaN
2696;19227.5812533;94.38114166259766;95.57257080078125;417.50820541381836;119.51799011230469;1.6057393610483632;188;298;False;0;1;2;Lines;True;NaN
2697;19227.5862625;94.79235076904297;95.75260162353516;417.58474349975586;120.35739135742188;1.351850901653578;188;296;False;0;1;2;Lines;True;NaN
2698;19227.5923508;94.93304443359375;96.72134399414062;417.61806869506836;120.43921661376953;2.3669866593660784;188;304;False;0;1;2;Lines;True;NaN
2699;19227.5965154;94.39495086669922;95.91161346435547;417.00758361816406;119.43570327758789;2.3669866593660784;188;304;False;0;1;2;Lines;True;NaN
2700;19227.6016287;94.69561004638672;95.41755676269531;417.445125579834;120.32183456420898;2.3669866593660784;188;304;False;0;1;2;Lines;True;NaN
2701;19227.606645;94.78841400146484;95.7182388305664;417.0244827270508;119.41394424438477;2.3669866593660784;188;304;False;0;1;2;Lines;True;NaN
2702;19227.6118293;94.79063415527344;96.11494445800781;417.49239349365234;120.47188186645508;1.8595647612071242;188;300;False;0;1;2;Lines;True;NaN
2703;19227.6168593;94.25265502929688;95.24787902832031;417.5742073059082;120.2912712097168;2.3669866593660784;188;304;False;0;1;2;Lines;True;NaN
2704;19227.621949;94.88365173339844;96.32103729248047;417.0446090698242;120.37451553344727;2.3669866593660784;188;304;False;0;1;2;Lines;True;NaN
2705;19227.6269942;94.33626556396484;95.9408950805664;416.9451599121094;120.57616424560547;2.3669866593660784;188;304;False;0;1;2;Lines;True;NaN
2706;19227.632056;94.23703002929688;95.72298431396484;417.58786392211914;119.47787857055664;2.3669866593660784;188;304;False;0;1;2;Lines;True;NaN
2707;19227.6371171;93.79051971435547;95.90235900878906;417.12407302856445;120.44294357299805;2.3669866593660784;188;304;False;0;1;2;Lines;True;NaN
2708;19227.6425182;94.39747619628906;96.3299331665039;417.3999786376953;120.43220138549805;2.3669866593660784;188;304;False;0;1;2;Lines;True;NaN
2709;19227.6472132;94.4419937133789;95.99845123291016;417.31555938720703;120.46975708007812;1.4788023921856344;188;297;False;0;1;2;Lines;True;NaN
2710;19227.6534218;95.31815338134766;96.11214447021484;417.1980667114258;120.35401153564453;2.240162896311483;188;303;False;0;1;2;Lines;True;NaN
2711;19227.6586545;95.20681762695312;96.09040832519531;417.5182418823242;120.37546920776367;1.351850901653578;188;296;False;0;1;2;Lines;True;NaN
2712;19227.6625227;94.48567199707031;95.78250885009766;417.5212593078613;119.75601577758789;1.7326605648701625;188;299;False;0;1;2;Lines;True;NaN
2713;19227.6674784;94.9745101928711;95.76124572753906;417.5529594421387;119.56787490844727;2.3669866593660784;188;304;False;0;1;2;Lines;True;NaN
2714;19227.6726718;94.44823455810547;95.74211120605469;417.50072860717773;119.45927047729492;2.3669866593660784;188;304;False;0;1;2;Lines;True;NaN
2715;19227.6776858;94.58717346191406;96.11202239990234;417.1855888366699;119.5878791809082;2.3669866593660784;188;304;False;0;1;2;Lines;True;NaN
2716;19227.6829442;94.697998046875;96.07772064208984;417.02542877197266;119.65565490722656;1.6057393610483632;188;298;False;0;1;2;Lines;True;NaN
2717;19227.6881201;94.49275970458984;95.37494659423828;417.53931427001953;120.26968002319336;2.3669866593660784;188;304;False;0;1;2;Lines;True;NaN
2718;19227.6930949;94.81035614013672;96.2063217163086;417.4971008300781;119.63312530517578;1.7326605648701625;188;299;False;0;1;2;Lines;True;NaN
2719;19227.6980316;94.85928344726562;96.29512023925781;417.4889488220215;119.593017578125;2.3669866593660784;188;304;False;0;1;2;Lines;True;NaN
2720;19227.7031487;94.56291961669922;96.64741516113281;417.54040145874023;120.35905838012695;2.3669866593660784;188;304;False;0;1;2;Lines;True;NaN
2721;19227.7082401;94.73151397705078;96.33919525146484;417.55603790283203;119.7889404296875;1.2248861336786305;188;295;False;0;1;2;Lines;True;NaN
2722;19227.7133228;95.18130493164062;96.95039367675781;416.6054344177246;119.89987182617188;2.3669866593660784;188;304;False;0;1;2;Lines;True;NaN
2723;19227.7183344;94.95193481445312;96.4366683959961;417.4899787902832;119.55099105834961;2.3669866593660784;188;304;False;0;1;2;Lines;True;NaN
2724;19227.7234222;94.6783676147461;95.20040130615234;417.3808708190918;120.34304428100586;1.9864507086157592;188;301;False;0;1;2;Lines;True;NaN
2725;19227.7284925;95.099609375;95.56671905517578;417.7028465270996;119.56339263916016;1.9864507086157592;188;301;False;0;1;2;Lines;True;NaN
2726;19227.7335912;94.50940704345703;95.73772430419922;417.05439376831055;119.44927215576172;2.3669866593660784;188;304;False;0;1;2;Lines;True;NaN
2727;19227.7387358;94.90259552001953;95.63894653320312;416.97482681274414;119.57928466796875;2.3669866593660784;188;304;False;0;1;2;Lines;True;NaN
2728;19227.7445612;94.4023208618164;95.33794403076172;417.64563369750977;119.34229278564453;2.3669866593660784;188;304;False;0;1;2;Lines;True;NaN
2729;19227.7498664;94.57123565673828;95.72281646728516;416.9730339050293;120.2423210144043;2.3669866593660784;188;304;False;0;1;2;Lines;True;NaN
2730;19227.7550352;94.44500732421875;95.7195053100586;417.0871353149414;119.5005874633789;2.3669866593660784;188;304;False;0;1;2;Lines;True;NaN
2731;19227.7597612;93.7056884765625;95.59954833984375;416.947998046875;119.54906463623047;1.4788023921856344;188;297;False;0;1;2;Lines;True;NaN
2732;19227.7641374;94.20726013183594;96.28260803222656;417.6130790710449;119.5390739440918;1.2248861336786305;188;295;False;0;1;2;Lines;True;NaN
2733;19227.769186;94.24559783935547;95.96110534667969;417.56622314453125;120.40851211547852;2.3669866593660784;188;304;False;0;1;2;Lines;True;NaN
2734;19227.774203;94.64945220947266;96.77898406982422;417.5284538269043;120.59040069580078;1.2248861336786305;188;295;False;0;1;2;Lines;True;NaN
2735;19227.7803605;94.38793182373047;95.83261108398438;416.9923553466797;119.500244140625;2.3669866593660784;188;304;False;0;1;2;Lines;True;NaN
2736;19227.7844183;94.8089828491211;96.18045806884766;417.5356674194336;120.41422271728516;1.2248861336786305;188;295;False;0;1;2;Lines;True;NaN
2737;19227.7895632;93.90924835205078;95.91397857666016;417.49807357788086;120.38926315307617;2.3669866593660784;188;304;False;0;1;2;Lines;True;NaN
2738;19227.7946342;94.88931274414062;95.19276428222656;417.62348556518555;119.37785339355469;2.620563340372244;188;306;False;0;1;2;Lines;True;NaN
2739;19227.799685;94.16279602050781;96.25821685791016;417.5548286437988;120.39786148071289;1.6057393610483632;188;298;False;0;1;2;Lines;True;NaN
2740;19227.8047511;94.28473663330078;96.14727020263672;417.0444564819336;120.45402908325195;1.4788023921856344;188;297;False;0;1;2;Lines;True;NaN
2741;19227.8098185;94.25263977050781;96.06441497802734;417.52297592163086;120.45339584350586;2.3669866593660784;188;304;False;0;1;2;Lines;True;NaN
2742;19227.8150021;94.47942352294922;95.87030029296875;417.49138259887695;120.0936393737793;1.8595647612071242;188;300;False;0;1;2;Lines;True;NaN
2743;19227.8200614;94.72234344482422;95.32331848144531;417.0916328430176;120.28287124633789;0.9709217461419472;188;293;False;0;1;2;Lines;True;NaN
2744;19227.8251768;95.01663970947266;95.19005584716797;417.5756530761719;119.43070602416992;2.3669866593660784;188;304;False;0;1;2;Lines;True;NaN
2745;19227.8301811;94.49507141113281;96.33729553222656;417.47358322143555;120.32327270507812;1.4788023921856344;188;297;False;0;1;2;Lines;True;NaN
2746;19227.8355697;94.44259643554688;96.07435607910156;417.54530334472656;119.69979476928711;2.3669866593660784;188;304;False;0;1;2;Lines;True;NaN
2747;19227.8417054;94.63349151611328;95.61532592773438;417.64480209350586;120.44744491577148;2.3669866593660784;188;304;False;0;1;2;Lines;True;NaN
2748;19227.8455547;94.78497314453125;96.15184783935547;417.72002029418945;119.64135360717773;2.3669866593660784;188;304;False;0;1;2;Lines;True;NaN
2749;19227.8506389;93.45100402832031;96.2277603149414;417.07240295410156;119.55425262451172;0.8439246186498166;188;292;False;0;1;2;Lines;True;NaN
2750;19227.8557598;94.6381607055664;96.26688385009766;417.5381622314453;119.67460632324219;2.3669866593660784;188;304;False;0;1;2;Lines;True;NaN
2751;19227.8607379;94.53201293945312;95.81329345703125;417.48938369750977;120.4765853881836;2.3669866593660784;188;304;False;0;1;2;Lines;True;NaN
2752;19227.8657607;94.8132553100586;95.77957153320312;417.50104904174805;120.44814682006836;1.351850901653578;188;296;False;0;1;2;Lines;True;NaN
2753;19227.8707094;94.52530670166016;96.1298828125;417.607852935791;120.36709213256836;2.3669866593660784;188;304;False;0;1;2;Lines;True;NaN
2754;19227.8759571;95.12931823730469;95.12637329101562;417.5733985900879;119.40169906616211;2.3669866593660784;188;304;False;0;1;2;Lines;True;NaN
2755;19227.8810548;94.26227569580078;96.19645690917969;416.96966552734375;120.4651870727539;1.8595647612071242;188;300;False;0;1;2;Lines;True;NaN
2756;19227.886146;94.23213958740234;96.09902954101562;416.8880310058594;120.3427848815918;1.6057393610483632;188;298;False;0;1;2;Lines;True;NaN
2757;19227.8914603;93.5564956665039;96.11979675292969;416.95471954345703;120.3384895324707;1.0979093332690764;188;294;False;0;1;2;Lines;True;NaN
2758;19227.8963718;94.56336212158203;96.59963989257812;417.03325271606445;119.72047805786133;2.3669866593660784;188;304;False;0;1;2;Lines;True;NaN
2759;19227.9014247;95.12201690673828;96.24282836914062;417.56840896606445;120.3883056640625;1.9864507086157592;188;301;False;0;1;2;Lines;True;NaN
2760;19227.9064657;94.80480194091797;95.39613342285156;417.5815773010254;120.31620788574219;2.3669866593660784;188;304;False;0;1;2;Lines;True;NaN
2761;19227.9115749;94.85871887207031;96.35537719726562;417.55162811279297;119.72806167602539;2.3669866593660784;188;304;False;0;1;2;Lines;True;NaN
2762;19227.9167012;94.85940551757812;95.97504425048828;417.38930892944336;119.61954498291016;2.3669866593660784;188;304;False;0;1;2;Lines;True;NaN
2763;19227.9217074;94.61166381835938;96.37906646728516;417.54760360717773;119.68210983276367;1.6057393610483632;188;298;False;0;1;2;Lines;True;NaN
2764;19227.9268082;95.0445556640625;95.3407974243164;417.6614685058594;120.34504318237305;2.3669866593660784;188;304;False;0;1;2;Lines;True;NaN
2765;19227.9323557;94.00714111328125;96.11202239990234;417.02928161621094;119.5878791809082;1.9864507086157592;188;301;False;0;1;2;Lines;True;NaN
2766;19227.9389536;94.8576889038086;96.18345642089844;417.13455963134766;119.64696884155273;2.3669866593660784;188;304;False;0;1;2;Lines;True;NaN
2767;19227.9427619;94.63121032714844;96.36807250976562;417.6809387207031;119.73674011230469;2.3669866593660784;188;304;False;0;1;2;Lines;True;NaN
2768;19227.9471546;94.98694610595703;96.11641693115234;417.523136138916;119.62529373168945;1.2221772995787847;187;295;False;0;1;2;Lines;True;NaN
2769;19227.9523191;94.02188110351562;95.95176696777344;417.10053634643555;119.71699142456055;2.3669866593660784;188;304;False;0;1;2;Lines;True;NaN
2770;19227.957129;94.94300842285156;96.27980041503906;416.6935348510742;119.60374069213867;2.3669866593660784;188;304;False;0;1;2;Lines;True;NaN
2771;19227.9622299;94.33690643310547;95.5361099243164;417.50207138061523;119.48375701904297;2.3669866593660784;188;304;False;0;1;2;Lines;True;NaN
2772;19227.9683422;94.36412048339844;95.3748550415039;417.6237487792969;119.39390563964844;2.3669866593660784;188;304;False;0;1;2;Lines;True;NaN
2773;19227.9724689;93.98335266113281;96.49592590332031;417.7006378173828;120.57193756103516;1.351850901653578;188;296;False;0;1;2;Lines;True;NaN
2774;19227.9775497;94.68730163574219;95.9338150024414;417.47652435302734;120.37139892578125;2.3669866593660784;188;304;False;0;1;2;Lines;True;NaN
2775;19227.9827864;94.13142395019531;95.79612731933594;417.0447120666504;119.51504898071289;2.3669866593660784;188;304;False;0;1;2;Lines;True;NaN
2776;19227.9877977;94.80782318115234;96.12744140625;417.59774017333984;119.75220108032227;2.3669866593660784;188;304;False;0;1;2;Lines;True;NaN
2777;19227.9927532;94.22918701171875;95.47384643554688;416.8601760864258;120.33808135986328;2.3669866593660784;188;304;False;0;1;2;Lines;True;NaN
2778;19227.9979136;94.78870391845703;96.42996215820312;417.50908279418945;119.53002548217773;2.3669866593660784;188;304;False;0;1;2;Lines;True;NaN
2779;19228.0029582;94.62401580810547;95.50019073486328;417.5561408996582;120.30849075317383;1.6057393610483632;188;298;False;0;1;2;Lines;True;NaN
2780;19228.0080923;94.8274917602539;95.75554656982422;417.55578994750977;120.39854049682617;2.3669866593660784;188;304;False;0;1;2;Lines;True;NaN
2781;19228.0131905;94.62447357177734;95.7827377319336;417.2018928527832;120.45149230957031;2.3669866593660784;188;304;False;0;1;2;Lines;True;NaN
2782;19228.0185916;95.16120910644531;95.29647827148438;417.596134185791;120.29668045043945;2.3669866593660784;188;304;False;0;1;2;Lines;True;NaN
2783;19228.0233342;94.61466979980469;95.70326232910156;417.39142990112305;119.58159637451172;1.9864507086157592;188;301;False;0;1;2;Lines;True;NaN
2784;19228.028421;93.98141479492188;95.93023681640625;417.05932998657227;119.70620727539062;2.3669866593660784;188;304;False;0;1;2;Lines;True;NaN
2785;19228.0361909;94.27587127685547;95.4963150024414;417.4656562805176;120.23895645141602;2.3669866593660784;188;304;False;0;1;2;Lines;True;NaN
2786;19228.0388995;94.7975082397461;95.65109252929688;417.5009956359863;120.43206787109375;1.4788023921856344;188;297;False;0;1;2;Lines;True;NaN
2787;19228.0437853;94.83189392089844;95.94380950927734;417.4893569946289;120.360595703125;2.3669866593660784;188;304;False;0;1;2;Lines;True;NaN
2788;19228.0486816;94.6737060546875;95.6020736694336;417.03063201904297;120.2590560913086;2.3669866593660784;188;304;False;0;1;2;Lines;True;NaN
2789;19228.0537645;94.96765899658203;96.13548278808594;417.54981994628906;120.43359756469727;1.7326605648701625;188;299;False;0;1;2;Lines;True;NaN
2790;19228.0589081;94.79359436035156;95.68123626708984;417.57483673095703;119.48174285888672;2.3669866593660784;188;304;False;0;1;2;Lines;True;NaN
2791;19228.064106;94.75373077392578;96.0216293334961;417.5331115722656;120.53202056884766;2.3669866593660784;188;304;False;0;1;2;Lines;True;NaN
2792;19228.0690735;94.43601989746094;96.14572143554688;417.58671951293945;120.47550201416016;2.240162896311483;188;303;False;0;1;2;Lines;True;NaN
2793;19228.0741449;94.76419067382812;96.20677947998047;417.531063079834;119.89221572875977;1.7326605648701625;188;299;False;0;1;2;Lines;True;NaN
2794;19228.0791114;94.49967956542969;95.31774139404297;417.5494079589844;119.3594741821289;2.3669866593660784;188;304;False;0;1;2;Lines;True;NaN
2795;19228.0843741;94.93541717529297;96.52302551269531;417.56564712524414;119.73669052124023;2.3669866593660784;188;304;False;0;1;2;Lines;True;NaN
2796;19228.0893622;94.6537857055664;96.93131256103516;416.69494247436523;119.90449142456055;2.3669866593660784;188;304;False;0;1;2;Lines;True;NaN
2797;19228.0943535;94.84136199951172;96.37500762939453;417.5155792236328;120.18879318237305;2.3669866593660784;188;304;False;0;1;2;Lines;True;NaN
2798;19228.0994602;94.80162811279297;95.89476013183594;417.1758270263672;120.45878982543945;1.7326605648701625;188;299;False;0;1;2;Lines;True;NaN
2799;19228.104646;94.98896026611328;95.93880462646484;417.5046081542969;119.65459823608398;1.2221772995787847;187;295;False;0;1;2;Lines;True;NaN
2800;19228.1097272;94.39885711669922;96.08021545410156;417.52617263793945;119.57332992553711;1.2248861336786305;188;295;False;0;1;2;Lines;True;NaN
2801;19228.1148555;94.97587585449219;96.42560577392578;417.5567054748535;119.86805725097656;1.6057393610483632;188;298;False;0;1;2;Lines;True;NaN
2802;19228.1207404;95.09742736816406;95.72240447998047;417.4496421813965;119.4576301574707;2.3669866593660784;188;304;False;0;1;2;Lines;True;NaN
2803;19228.1254745;94.73225402832031;96.13397216796875;417.10734939575195;119.57901382446289;1.2248861336786305;188;295;False;0;1;2;Lines;True;NaN
2804;19228.130344;94.95672607421875;96.24677276611328;417.6468963623047;119.51402282714844;2.3669866593660784;188;304;False;0;1;2;Lines;True;NaN
2805;19228.1355622;94.33877563476562;95.6849594116211;417.07027435302734;119.4935188293457;2.3669866593660784;188;304;False;0;1;2;Lines;True;NaN
2806;19228.1401257;94.4831771850586;96.31890869140625;417.187198638916;119.6056900024414;2.3669866593660784;188;304;False;0;1;2;Lines;True;NaN
2807;19228.1452448;94.288330078125;95.88496398925781;417.02230072021484;119.41767883300781;2.3669866593660784;188;304;False;0;1;2;Lines;True;NaN
2808;19228.1503159;94.21892547607422;95.18809509277344;417.0783271789551;119.36249160766602;2.3669866593660784;188;304;False;0;1;2;Lines;True;NaN
2809;19228.1554052;94.45043182373047;96.13927459716797;417.13628005981445;120.5280532836914;2.3669866593660784;188;304;False;0;1;2;Lines;True;NaN
2810;19228.1613412;94.37995147705078;96.28396606445312;416.95691680908203;119.70084381103516;1.6057393610483632;188;298;False;0;1;2;Lines;True;NaN
2811;19228.1656368;94.7289810180664;95.91105651855469;417.5642280578613;120.62457656860352;1.4788023921856344;188;297;False;0;1;2;Lines;True;NaN
2812;19228.1706891;95.0287857055664;95.86661529541016;417.5199317932129;120.45114517211914;2.3669866593660784;188;304;False;0;1;2;Lines;True;NaN
2813;19228.175874;94.29415893554688;96.28080749511719;417.0625190734863;120.47107696533203;1.9864507086157592;188;301;False;0;1;2;Lines;True;NaN
2814;19228.1809822;95.1863784790039;95.83448791503906;417.4766387939453;120.5068130493164;2.3669866593660784;188;304;False;0;1;2;Lines;True;NaN
2815;19228.1859052;94.66388702392578;96.3562240600586;417.0425338745117;119.76932907104492;1.351850901653578;188;296;False;0;1;2;Lines;True;NaN
2816;19228.1910984;94.14456176757812;95.56746673583984;417.5487823486328;120.23978042602539;1.6057393610483632;188;298;False;0;1;2;Lines;True;NaN
2817;19228.1961528;94.6297378540039;95.64203643798828;417.43901443481445;120.45124816894531;2.3669866593660784;188;304;False;0;1;2;Lines;True;NaN
2818;19228.2012941;94.46332550048828;95.44638061523438;418.1474952697754;119.59807586669922;1.4788023921856344;188;297;False;0;1;2;Lines;True;NaN
2819;19228.2084373;94.82633972167969;95.89628601074219;417.6044807434082;119.6258430480957;1.7326605648701625;188;299;False;0;1;2;Lines;True;NaN
2820;19228.211582;94.24237060546875;96.02875518798828;417.1945381164551;120.35827255249023;2.3669866593660784;188;304;False;0;1;2;Lines;True;NaN
2821;19228.2166717;94.53559112548828;95.84516906738281;417.3221092224121;119.54290390014648;2.1133171667255723;188;302;False;0;1;2;Lines;True;NaN
2822;19228.2218481;93.98567199707031;95.94976806640625;417.1719741821289;119.74829483032227;2.3669866593660784;188;304;False;0;1;2;Lines;True;NaN
2823;19228.2283126;94.27361297607422;95.69599151611328;417.4402389526367;120.27464294433594;2.493787219171683;188;305;False;0;1;2;Lines;True;NaN
2824;19228.2318137;95.05464172363281;96.10564422607422;417.54077911376953;120.67045593261719;1.4788023921856344;188;297;False;0;1;2;Lines;True;NaN
2825;19228.2377366;94.9275894165039;95.61205291748047;417.3689270019531;120.47550201416016;2.3669866593660784;188;304;False;0;1;2;Lines;True;NaN
2826;19228.2418945;94.64157104492188;95.36250305175781;417.4355125427246;119.38704681396484;2.3669866593660784;188;304;False;0;1;2;Lines;True;NaN
2827;19228.2469437;94.03404235839844;95.86849212646484;416.99332427978516;119.51419067382812;2.3669866593660784;188;304;False;0;1;2;Lines;True;NaN
2828;19228.252015;95.18679809570312;95.52571868896484;417.5506820678711;120.2982406616211;1.6057393610483632;188;298;False;0;1;2;Lines;True;NaN
2829;19228.256968;94.42305755615234;95.74028015136719;417.46655654907227;120.40479278564453;2.3669866593660784;188;304;False;0;1;2;Lines;True;NaN
2830;19228.2622065;94.01178741455078;96.66712951660156;417.43237686157227;119.92378616333008;1.2248861336786305;188;295;False;0;1;2;Lines;True;NaN
2831;19228.2672447;94.97877502441406;96.42996215820312;417.46707916259766;119.53861618041992;2.3669866593660784;188;304;False;0;1;2;Lines;True;NaN
2832;19228.2722094;94.93858337402344;96.06266784667969;417.46545791625977;119.61959838867188;2.3669866593660784;188;304;False;0;1;2;Lines;True;NaN
2833;19228.2774935;95.19204711914062;95.61182403564453;417.5644226074219;119.56600189208984;2.3669866593660784;188;304;False;0;1;2;Lines;True;NaN
2834;19228.2825;94.86386108398438;96.66919708251953;416.5952453613281;119.7008285522461;1.9864507086157592;188;301;False;0;1;2;Lines;True;NaN
2835;19228.2875439;95.12123107910156;96.6568832397461;417.44312286376953;119.65260314941406;1.7326605648701625;188;299;False;0;1;2;Lines;True;NaN
2836;19228.292666;94.46775817871094;96.03339385986328;417.6125602722168;119.46287536621094;2.3669866593660784;188;304;False;0;1;2;Lines;True;NaN
2837;19228.2977501;95.0229263305664;95.77388000488281;417.5086898803711;120.4498062133789;2.3669866593660784;188;304;False;0;1;2;Lines;True;NaN
2838;19228.3028873;94.87153625488281;96.22232055664062;417.53845596313477;119.55381774902344;2.3669866593660784;188;304;False;0;1;2;Lines;True;NaN
2839;19228.3089195;93.82926177978516;95.97630310058594;416.9750061035156;120.43436050415039;1.2248861336786305;188;295;False;0;1;2;Lines;True;NaN
2840;19228.3130153;94.31700134277344;95.51265716552734;417.48865127563477;120.2868881225586;1.8595647612071242;188;300;False;0;1;2;Lines;True;NaN
2841;19228.3202874;95.23786926269531;95.45149993896484;417.4697494506836;120.33557891845703;2.3669866593660784;188;304;False;0;1;2;Lines;True;NaN
2842;19228.3241224;95.00431823730469;95.35466003417969;417.5869598388672;119.43856430053711;1.6057393610483632;188;298;False;0;1;2;Lines;True;NaN
2843;19228.3290808;94.62193298339844;96.20950317382812;417.55816650390625;119.88204956054688;2.3669866593660784;188;304;False;0;1;2;Lines;True;NaN
2844;19228.3332652;94.54625701904297;95.70582580566406;416.95771408081055;120.28451156616211;2.3669866593660784;188;304;False;0;1;2;Lines;True;NaN
2845;19228.3384387;94.43844604492188;96.13142395019531;417.07452392578125;120.3995590209961;1.6057393610483632;188;298;False;0;1;2;Lines;True;NaN
2846;19228.3435583;94.99007415771484;95.96922302246094;417.59143447875977;119.79067993164062;1.7326605648701625;188;299;False;0;1;2;Lines;True;NaN
2847;19228.3490872;94.42361450195312;96.10477447509766;416.9946060180664;120.38170623779297;2.3669866593660784;188;304;False;0;1;2;Lines;True;NaN
2848;19228.3537351;93.9284439086914;95.90790557861328;417.0138740539551;120.41132736206055;1.4788023921856344;188;297;False;0;1;2;Lines;True;NaN
2849;19228.3586832;94.81034851074219;95.70401763916016;417.6456832885742;119.50931549072266;1.2248861336786305;188;295;False;0;1;2;Lines;True;NaN
2850;19228.3638608;94.64579010009766;95.71888732910156;417.13431549072266;120.47951889038086;1.6057393610483632;188;298;False;0;1;2;Lines;True;NaN
2851;19228.3690231;94.16292572021484;95.87073516845703;417.5785102844238;120.51534271240234;2.3669866593660784;188;304;False;0;1;2;Lines;True;NaN
2852;19228.3741361;94.43962097167969;96.45912170410156;417.5405960083008;120.1929817199707;1.6057393610483632;188;298;False;0;1;2;Lines;True;NaN
2853;19228.3791296;94.1246109008789;95.97126007080078;417.28581619262695;120.39725112915039;2.3669866593660784;188;304;False;0;1;2;Lines;True;NaN
2854;19228.3842515;95.13899993896484;96.352783203125;417.54229736328125;119.59707641601562;2.1133171667255723;188;302;False;0;1;2;Lines;True;NaN
2855;19228.3891478;94.58999633789062;95.26885223388672;417.4727096557617;119.34256362915039;2.3669866593660784;188;304;False;0;1;2;Lines;True;NaN
2856;19228.3961517;94.39434051513672;96.1954116821289;417.0673828125;119.60211944580078;1.8595647612071242;188;300;False;0;1;2;Lines;True;NaN
2857;19228.3996893;94.71390533447266;95.93965911865234;417.65713119506836;120.44458770751953;2.3669866593660784;188;304;False;0;1;2;Lines;True;NaN
2858;19228.4046604;94.58993530273438;96.50143432617188;417.6280975341797;119.71583938598633;2.3669866593660784;188;304;False;0;1;2;Lines;True;NaN
2859;19228.4096469;94.97650909423828;95.8647232055664;417.6424217224121;119.43227767944336;1.2248861336786305;188;295;False;0;1;2;Lines;True;NaN
2860;19228.4145579;94.1671142578125;96.5833740234375;417.05913162231445;120.02915573120117;2.3669866593660784;188;304;False;0;1;2;Lines;True;NaN
2861;19228.4196053;95.11148071289062;96.53140258789062;417.5309143066406;119.70071029663086;2.3669866593660784;188;304;False;0;1;2;Lines;True;NaN
2862;19228.4247084;94.25044250488281;95.98163604736328;417.03702545166016;120.42330551147461;2.3669866593660784;188;304;False;0;1;2;Lines;True;NaN
2863;19228.4306696;94.58372497558594;95.72655487060547;417.4330940246582;119.40970611572266;2.3669866593660784;188;304;False;0;1;2;Lines;True;NaN
2864;19228.4349518;94.00528717041016;95.37814331054688;417.38572692871094;120.33268737792969;2.3669866593660784;188;304;False;0;1;2;Lines;True;NaN
2865;19228.4399825;95.01714324951172;96.31661987304688;417.47693252563477;119.6443099975586;1.7326605648701625;188;299;False;0;1;2;Lines;True;NaN
2866;19228.4451051;94.4156265258789;96.26290130615234;417.54833221435547;120.51770782470703;1.0979093332690764;188;294;False;0;1;2;Lines;True;NaN
2867;19228.4502422;95.02017974853516;96.10576629638672;417.5426788330078;120.39820861816406;1.351850901653578;188;296;False;0;1;2;Lines;True;NaN
2868;19228.4553256;94.44418334960938;96.19438171386719;417.4338264465332;120.50128936767578;2.240162896311483;188;303;False;0;1;2;Lines;True;NaN
2869;19228.4603614;94.72222900390625;95.9351806640625;417.03747177124023;120.54045486450195;2.3669866593660784;188;304;False;0;1;2;Lines;True;NaN
2870;19228.4655022;94.59554290771484;96.36627960205078;417.15246963500977;119.66767120361328;1.4788023921856344;188;297;False;0;1;2;Lines;True;NaN
2871;19228.4705922;94.95582580566406;95.6337661743164;417.5680503845215;120.23524475097656;2.3669866593660784;188;304;False;0;1;2;Lines;True;NaN
2872;19228.4768929;94.56401824951172;95.7857437133789;417.6156578063965;119.43901824951172;1.8595647612071242;188;300;False;0;1;2;Lines;True;NaN
2873;19228.4805934;94.67124938964844;95.33963775634766;417.43575286865234;119.46851348876953;1.7326605648701625;188;299;False;0;1;2;Lines;True;NaN
2874;19228.4877998;94.09162139892578;95.33891296386719;417.47028732299805;120.30082321166992;2.3669866593660784;188;304;False;0;1;2;Lines;True;NaN
2875;19228.4911469;94.77778625488281;95.38508605957031;417.38574600219727;120.2802963256836;1.0979093332690764;188;294;False;0;1;2;Lines;True;NaN
2876;19228.4958646;94.66167449951172;96.72029113769531;417.52916717529297;119.98807907104492;2.3669866593660784;188;304;False;0;1;2;Lines;True;NaN
2877;19228.5016805;94.99925231933594;96.7684555053711;417.6013641357422;119.61949920654297;1.8595647612071242;188;300;False;0;1;2;Lines;True;NaN
2878;19228.5060324;94.67460632324219;96.46614074707031;417.50611114501953;119.72138214111328;2.3669866593660784;188;304;False;0;1;2;Lines;True;NaN
2879;19228.5111153;95.29246520996094;96.69977569580078;417.57286834716797;119.89604568481445;0.8439246186498166;188;292;False;0;1;2;Lines;True;NaN
2880;19228.5162406;95.08189392089844;96.3620834350586;417.5287895202637;119.7195053100586;2.3669866593660784;188;304;False;0;1;2;Lines;True;NaN
2881;19228.5213337;94.94001770019531;96.5956802368164;417.5852813720703;119.6958999633789;1.351850901653578;188;296;False;0;1;2;Lines;True;NaN
2882;19228.5265978;94.68885040283203;96.62104034423828;417.59649658203125;119.80963897705078;1.6057393610483632;188;298;False;0;1;2;Lines;True;NaN
2883;19228.5314567;95.17609405517578;95.72674560546875;417.5136528015137;120.45637130737305;2.3669866593660784;188;304;False;0;1;2;Lines;True;NaN
2884;19228.5368443;94.30661010742188;95.83895111083984;417.4606513977051;119.6616096496582;1.9864507086157592;188;301;False;0;1;2;Lines;True;NaN
2885;19228.5418616;94.52433013916016;96.29369354248047;417.4183692932129;119.54297256469727;2.1133171667255723;188;302;False;0;1;2;Lines;True;NaN
2886;19228.5468854;94.14895629882812;95.6968765258789;417.0366439819336;119.39998626708984;2.3669866593660784;188;304;False;0;1;2;Lines;True;NaN
2887;19228.5519644;94.98662567138672;96.01838684082031;417.4953956604004;120.41596984863281;1.4788023921856344;188;297;False;0;1;2;Lines;True;NaN
2888;19228.5569155;94.73190307617188;95.68753814697266;417.645450592041;119.48999786376953;1.2248861336786305;188;295;False;0;1;2;Lines;True;NaN
2889;19228.5621469;94.49967956542969;95.98187255859375;417.5494079589844;120.46001052856445;1.8595647612071242;188;300;False;0;1;2;Lines;True;NaN
2890;19228.5672066;94.91954803466797;95.89305877685547;417.4566192626953;120.47417068481445;1.7326605648701625;188;299;False;0;1;2;Lines;True;NaN
2891;19228.5723012;93.9859848022461;96.10047149658203;417.5604019165039;119.54689407348633;2.3669866593660784;188;304;False;0;1;2;Lines;True;NaN
2892;19228.5772865;94.62014770507812;95.81058502197266;417.53063583374023;119.44250106811523;1.0979093332690764;188;294;False;0;1;2;Lines;True;NaN
2893;19228.5826398;94.29893493652344;96.23226165771484;416.9449806213379;120.40907287597656;2.3669866593660784;188;304;False;0;1;2;Lines;True;NaN
2894;19228.5875573;93.8542709350586;95.64892578125;417.00609970092773;120.3004035949707;2.3669866593660784;188;304;False;0;1;2;Lines;True;NaN
2895;19228.5929019;94.78672790527344;96.015625;417.0430450439453;120.62223434448242;0.9709217461419472;188;293;False;0;1;2;Lines;True;NaN
2896;19228.5977925;94.0999526977539;96.20626831054688;416.9984016418457;120.41469192504883;2.3669866593660784;188;304;False;0;1;2;Lines;True;NaN
2897;19228.6026775;94.23806762695312;95.2179183959961;417.030086517334;119.37701416015625;2.3669866593660784;188;304;False;0;1;2;Lines;True;NaN
2898;19228.6078091;94.71971893310547;95.98287963867188;417.00443267822266;120.43950271606445;2.3669866593660784;188;304;False;0;1;2;Lines;True;NaN
2899;19228.6128813;94.64453887939453;96.36344146728516;417.0165710449219;119.69343185424805;1.6057393610483632;188;298;False;0;1;2;Lines;True;NaN
2900;19228.6179693;94.93537902832031;95.93064880371094;417.59150314331055;119.72356414794922;2.3669866593660784;188;304;False;0;1;2;Lines;True;NaN
2901;19228.6239631;94.97433471679688;95.99503326416016;417.4562873840332;120.62977981567383;0.9709217461419472;188;293;False;0;1;2;Lines;True;NaN
2902;19228.6279127;94.53367614746094;96.10929107666016;417.2018814086914;119.60784530639648;1.6057393610483632;188;298;False;0;1;2;Lines;True;NaN
2903;19228.633222;94.65126037597656;96.1320571899414;416.94581604003906;119.5948715209961;2.1133171667255723;188;302;False;0;1;2;Lines;True;NaN
2904;19228.638308;94.77832794189453;96.60382843017578;417.4706840515137;119.77293014526367;2.3669866593660784;188;304;False;0;1;2;Lines;True;NaN
2905;19228.6433953;94.8389663696289;95.5279541015625;417.5007514953613;119.53183364868164;2.3669866593660784;188;304;False;0;1;2;Lines;True;NaN
2906;19228.6485711;94.36664581298828;95.64104461669922;417.471622467041;119.53046417236328;1.2248861336786305;188;295;False;0;1;2;Lines;True;NaN
2907;19228.6535727;94.37875366210938;96.28795623779297;417.4793128967285;119.57642364501953;1.7326605648701625;188;299;False;0;1;2;Lines;True;NaN
2908;19228.6585995;94.78924560546875;95.85917663574219;417.64984130859375;120.46859359741211;1.4788023921856344;188;297;False;0;1;2;Lines;True;NaN
2909;19228.6637189;93.65074920654297;96.35470581054688;416.86151123046875;119.87842559814453;2.3669866593660784;188;304;False;0;1;2;Lines;True;NaN
2910;19228.6686152;94.63825988769531;96.18099212646484;417.53608322143555;120.38873672485352;2.3669866593660784;188;304;False;0;1;2;Lines;True;NaN
2911;19228.6739312;94.65119934082031;95.9351577758789;417.46800994873047;120.45727157592773;1.0979093332690764;188;294;False;0;1;2;Lines;True;NaN
2912;19228.6796869;93.8237075805664;95.6916275024414;417.0770263671875;120.27348709106445;1.6057393610483632;188;298;False;0;1;2;Lines;True;NaN
2913;19228.6856207;95.01154327392578;95.8050537109375;417.5774230957031;120.40818405151367;2.3669866593660784;188;304;False;0;1;2;Lines;True;NaN
2914;19228.6890587;94.79464721679688;95.93698120117188;417.6061210632324;120.40296936035156;1.4788023921856344;188;297;False;0;1;2;Lines;True;NaN
2915;19228.6946531;94.46749114990234;95.58634185791016;417.6183967590332;119.55665969848633;1.8595647612071242;188;300;False;0;1;2;Lines;True;NaN
2916;19228.6991847;94.4795150756836;95.62808227539062;417.5326614379883;120.40028762817383;1.9864507086157592;188;301;False;0;1;2;Lines;True;NaN
2917;19228.7041579;94.82755279541016;95.3388671875;417.6070556640625;120.26847076416016;1.2248861336786305;188;295;False;0;1;2;Lines;True;NaN
2918;19228.7093368;94.77976989746094;95.4294204711914;417.53188705444336;120.35758590698242;1.4788023921856344;188;297;False;0;1;2;Lines;True;NaN
2919;19228.7144261;95.0473861694336;96.4860610961914;417.5233573913574;119.76608276367188;2.3669866593660784;188;304;False;0;1;2;Lines;True;NaN
2920;19228.7194282;95.045654296875;95.72209167480469;417.4905662536621;119.48078536987305;1.6057393610483632;188;298;False;0;1;2;Lines;True;NaN
2921;19228.7246729;94.84735107421875;96.61026763916016;417.5807800292969;119.80204772949219;2.1133171667255723;188;302;False;0;1;2;Lines;True;NaN
2922;19228.7297401;94.63170623779297;96.43753814697266;417.49366760253906;119.57271194458008;2.3669866593660784;188;304;False;0;1;2;Lines;True;NaN
2923;19228.7347012;94.53055572509766;96.74503326416016;417.4159507751465;119.70371627807617;1.0979093332690764;188;294;False;0;1;2;Lines;True;NaN
2924;19228.7398929;94.3779525756836;96.47065734863281;417.0795021057129;119.99138641357422;2.3669866593660784;188;304;False;0;1;2;Lines;True;NaN
2925;19228.7449418;94.51654815673828;96.57417297363281;417.3715019226074;119.63540267944336;2.3669866593660784;188;304;False;0;1;2;Lines;True;NaN
2926;19228.7501096;94.6104507446289;96.22648620605469;417.47082901000977;120.35984420776367;2.3669866593660784;188;304;False;0;1;2;Lines;True;NaN
2927;19228.7552288;94.87499237060547;96.3654556274414;417.639404296875;119.62030029296875;2.3669866593660784;188;304;False;0;1;2;Lines;True;NaN
2928;19228.7603363;94.19705200195312;96.62616729736328;417.4442596435547;120.5623664855957;2.3669866593660784;188;304;False;0;1;2;Lines;True;NaN
2929;19228.7653679;94.324462890625;96.23784637451172;416.9814109802246;119.59718322753906;2.3669866593660784;188;304;False;0;1;2;Lines;True;NaN
2930;19228.770384;94.76592254638672;95.70753479003906;417.09006118774414;120.48529815673828;1.351850901653578;188;296;False;0;1;2;Lines;True;NaN
2931;19228.7755367;94.13581085205078;96.4847183227539;417.5476188659668;119.6744270324707;2.3669866593660784;188;304;False;0;1;2;Lines;True;NaN
2932;19228.7809345;94.21186065673828;96.04937744140625;416.9673843383789;120.51879501342773;1.9864507086157592;188;301;False;0;1;2;Lines;True;NaN
2933;19228.7877201;95.15161895751953;95.42774200439453;417.61968994140625;120.3542594909668;1.9864507086157592;188;301;False;0;1;2;Lines;True;NaN
2934;19228.7905287;94.83056640625;96.06844329833984;417.42057037353516;120.49440383911133;1.7326605648701625;188;299;False;0;1;2;Lines;True;NaN
2935;19228.7962295;94.79849243164062;96.4527359008789;417.4490623474121;119.57172775268555;2.3669866593660784;188;304;False;0;1;2;Lines;True;NaN
2936;19228.8008094;94.77783203125;96.14897155761719;416.9762840270996;120.37577438354492;2.3669866593660784;188;304;False;0;1;2;Lines;True;NaN
2937;19228.8058727;94.41951751708984;95.93787384033203;417.51232147216797;120.40692901611328;1.2248861336786305;188;295;False;0;1;2;Lines;True;NaN
2938;19228.8109965;95.10655975341797;95.88671875;417.47455978393555;120.47750473022461;2.3669866593660784;188;304;False;0;1;2;Lines;True;NaN
2939;19228.8163233;95.0765609741211;96.52653503417969;417.0609664916992;120.51420593261719;2.1133171667255723;188;302;False;0;1;2;Lines;True;NaN
2940;19228.8211494;94.91513061523438;95.8740234375;417.4564208984375;119.65616607666016;2.3669866593660784;188;304;False;0;1;2;Lines;True;NaN
2941;19228.8262722;94.7745132446289;96.41205596923828;417.61975479125977;119.5414810180664;2.3669866593660784;188;304;False;0;1;2;Lines;True;NaN
2942;19228.8313841;94.36206817626953;96.56410217285156;417.0752830505371;119.74428176879883;1.351850901653578;188;296;False;0;1;2;Lines;True;NaN
2943;19228.8365276;94.0300521850586;95.44145202636719;417.5545120239258;120.29777908325195;2.3669866593660784;188;304;False;0;1;2;Lines;True;NaN
2944;19228.8415984;94.5855484008789;95.99921417236328;417.5937385559082;119.57032012939453;1.0979093332690764;188;294;False;0;1;2;Lines;True;NaN
2945;19228.8466848;94.2547378540039;96.64044952392578;417.02971267700195;119.70200729370117;1.6057393610483632;188;298;False;0;1;2;Lines;True;NaN
2946;19228.8517518;94.74427032470703;96.45967102050781;417.5158233642578;119.69327163696289;1.4788023921856344;188;297;False;0;1;2;Lines;True;NaN
2947;19228.8566561;94.40155029296875;96.50379943847656;417.0089530944824;119.74556350708008;2.3669866593660784;188;304;False;0;1;2;Lines;True;NaN
2948;19228.8619535;94.56665802001953;95.47217559814453;417.2310028076172;120.25603866577148;1.9864507086157592;188;301;False;0;1;2;Lines;True;NaN
2949;19228.867012;94.53384399414062;97.03988647460938;417.1501045227051;119.62105560302734;2.3669866593660784;188;304;False;0;1;2;Lines;True;NaN
2950;19228.8725088;94.87332916259766;96.46350860595703;417.5133361816406;119.54204177856445;2.3669866593660784;188;304;False;0;1;2;Lines;True;NaN
2951;19228.8781229;94.50523376464844;95.2440185546875;417.546085357666;119.3420295715332;1.6057393610483632;188;298;False;0;1;2;Lines;True;NaN
2952;19228.8820347;95.05856323242188;96.1920394897461;417.1526069641113;119.63752365112305;1.9864507086157592;188;301;False;0;1;2;Lines;True;NaN
2953;19228.8871112;94.53270721435547;96.13700866699219;417.5882797241211;119.6592025756836;1.7326605648701625;188;299;False;0;1;2;Lines;True;NaN
2954;19228.8922673;95.11332702636719;96.31834411621094;417.5937194824219;119.59391403198242;1.0979093332690764;188;294;False;0;1;2;Lines;True;NaN
2955;19228.8974169;94.52027130126953;96.10704803466797;417.5376205444336;119.5829849243164;2.3669866593660784;188;304;False;0;1;2;Lines;True;NaN
2956;19228.9024068;94.70621490478516;95.65328216552734;417.5644989013672;119.82017135620117;0.9709217461419472;188;293;False;0;1;2;Lines;True;NaN
2957;19228.9074105;94.58293914794922;95.9999008178711;417.42670822143555;119.60828399658203;2.493787219171683;188;305;False;0;1;2;Lines;True;NaN
2958;19228.9125674;94.52368927001953;96.3051986694336;417.6600875854492;119.51757431030273;2.1133171667255723;188;302;False;0;1;2;Lines;True;NaN
2959;19228.9177205;95.19602966308594;96.13382720947266;416.5567626953125;119.5528678894043;2.3669866593660784;188;304;False;0;1;2;Lines;True;NaN
2960;19228.9228045;94.20262145996094;95.93916320800781;416.9693717956543;119.65127944946289;2.3669866593660784;188;304;False;0;1;2;Lines;True;NaN
2961;19228.9278166;95.0729751586914;96.73802947998047;417.6223945617676;119.69083023071289;1.6057393610483632;188;298;False;0;1;2;Lines;True;NaN
2962;19228.9330038;93.86997985839844;95.59158325195312;417.0903129577637;120.15705490112305;2.3669866593660784;188;304;False;0;1;2;Lines;True;NaN
2963;19228.9380704;95.2950668334961;96.42996215820312;417.47024154663086;119.53861618041992;2.3669866593660784;188;304;False;0;1;2;Lines;True;NaN
2964;19228.9431879;93.91039276123047;95.98521423339844;417.1029052734375;119.39060974121094;1.6057393610483632;188;298;False;0;1;2;Lines;True;NaN
2965;19228.9482476;95.1406478881836;96.13571166992188;417.57188415527344;119.61553192138672;0.9709217461419472;188;293;False;0;1;2;Lines;True;NaN
2966;19228.9539839;94.863037109375;95.98188781738281;417.6067581176758;120.46667098999023;1.7326605648701625;188;299;False;0;1;2;Lines;True;NaN
2967;19228.9609827;94.39002227783203;96.15531158447266;417.50781631469727;119.63711547851562;1.7326605648701625;188;299;False;0;1;2;Lines;True;NaN
2968;19228.9642059;94.88023376464844;95.43404388427734;417.71697998046875;120.30012893676758;2.3669866593660784;188;304;False;0;1;2;Lines;True;NaN
2969;19228.9711795;94.75090789794922;96.31942749023438;417.5499687194824;119.63806915283203;1.351850901653578;188;296;False;0;1;2;Lines;True;NaN
2970;19228.9736269;94.53193664550781;96.16596984863281;417.5651435852051;119.60060501098633;1.351850901653578;188;296;False;0;1;2;Lines;True;NaN
2971;19228.9793886;94.85089874267578;95.30950164794922;417.1713638305664;120.31378173828125;2.1133171667255723;188;302;False;0;1;2;Lines;True;NaN
2972;19228.9861287;94.23896789550781;95.74905395507812;417.0810432434082;119.49320983886719;1.7326605648701625;188;299;False;0;1;2;Lines;True;NaN
2973;19228.9887711;94.27066802978516;95.87890625;417.5970115661621;120.39929580688477;2.3669866593660784;188;304;False;0;1;2;Lines;True;NaN
2974;19228.9945665;94.78858184814453;96.43502807617188;417.4772300720215;119.48145294189453;2.3669866593660784;188;304;False;0;1;2;Lines;True;NaN
2975;19228.9989721;94.68760681152344;96.38038635253906;417.002498626709;119.65256881713867;2.3669866593660784;188;304;False;0;1;2;Lines;True;NaN
2976;19229.0041139;94.80400085449219;97.06177520751953;417.5155563354492;119.8584098815918;1.6057393610483632;188;298;False;0;1;2;Lines;True;NaN
2977;19229.0093659;95.08334350585938;96.07684326171875;417.11416244506836;119.57734680175781;2.3669866593660784;188;304;False;0;1;2;Lines;True;NaN
2978;19229.0144706;94.80521392822266;96.09432983398438;417.3750915527344;120.61724853515625;2.3669866593660784;188;304;False;0;1;2;Lines;True;NaN
2979;19229.0194348;94.58057403564453;96.26463317871094;417.4966621398926;119.78607940673828;1.4788023921856344;188;297;False;0;1;2;Lines;True;NaN
2980;19229.0244698;94.5880126953125;96.5911636352539;417.6774024963379;119.6973648071289;2.3669866593660784;188;304;False;0;1;2;Lines;True;NaN
2981;19229.029611;95.20957946777344;96.33734893798828;417.6158218383789;119.60164642333984;2.3669866593660784;188;304;False;0;1;2;Lines;True;NaN
2982;19229.0346336;94.49069213867188;96.39717864990234;417.4208183288574;119.51935195922852;2.3669866593660784;188;304;False;0;1;2;Lines;True;NaN
2983;19229.0403049;94.83365631103516;96.44742584228516;417.4628601074219;119.53815841674805;1.6057393610483632;188;298;False;0;1;2;Lines;True;NaN
2984;19229.0448348;94.6272964477539;96.39605712890625;417.5306510925293;119.7759780883789;1.9864507086157592;188;301;False;0;1;2;Lines;True;NaN
2985;19229.0499355;94.93346405029297;95.6310806274414;417.4670753479004;119.48874282836914;2.3669866593660784;188;304;False;0;1;2;Lines;True;NaN
2986;19229.0548561;94.49073028564453;96.11585998535156;417.21466064453125;119.51183700561523;2.3669866593660784;188;304;False;0;1;2;Lines;True;NaN
2987;19229.060068;94.8638687133789;95.76712036132812;417.1955757141113;119.50981140136719;0.9709217461419472;188;293;False;0;1;2;Lines;True;NaN
2988;19229.0654576;94.18508911132812;96.2481918334961;416.9946594238281;120.3913459777832;2.3669866593660784;188;304;False;0;1;2;Lines;True;NaN
2989;19229.0700985;94.92948913574219;95.37532806396484;417.11684799194336;120.29706192016602;2.3669866593660784;188;304;False;0;1;2;Lines;True;NaN
2990;19229.0751421;94.69090270996094;95.9037094116211;417.63199615478516;120.49374389648438;1.6057393610483632;188;298;False;0;1;2;Lines;True;NaN
2991;19229.0802134;94.70304870605469;95.89537048339844;417.6934814453125;120.52962112426758;2.3669866593660784;188;304;False;0;1;2;Lines;True;NaN
2992;19229.0853763;94.58943176269531;96.63321685791016;417.63915252685547;120.67160415649414;1.7326605648701625;188;299;False;0;1;2;Lines;True;NaN
2993;19229.0904069;94.96104431152344;95.70641326904297;417.5313491821289;120.42819595336914;2.3669866593660784;188;304;False;0;1;2;Lines;True;NaN
2994;19229.0954933;94.75956726074219;95.29891204833984;417.50284576416016;120.29422760009766;2.3669866593660784;188;304;False;0;1;2;Lines;True;NaN
2995;19229.1007556;94.44689178466797;96.31910705566406;417.5605888366699;119.59294128417969;1.0979093332690764;188;294;False;0;1;2;Lines;True;NaN
2996;19229.1056514;94.45889282226562;96.30343627929688;417.0052833557129;120.49023818969727;1.351850901653578;188;296;False;0;1;2;Lines;True;NaN
2997;19229.1107967;95.08993530273438;96.61714935302734;417.5769958496094;119.70019912719727;2.3669866593660784;188;304;False;0;1;2;Lines;True;NaN
2998;19229.1157971;94.94869995117188;96.4775619506836;417.55359268188477;119.72050094604492;2.3669866593660784;188;304;False;0;1;2;Lines;True;NaN
2999;19229.1208106;94.4457778930664;96.12684631347656;417.50731658935547;119.53050994873047;2.3669866593660784;188;304;False;0;1;2;Lines;True;NaN
3000;19229.1259;94.56241607666016;96.66699981689453;417.4990768432617;119.8752670288086;0.9709217461419472;188;293;False;0;1;2;Lines;True;NaN
3001;19229.1310924;94.84159088134766;96.507080078125;416.64492416381836;119.71914291381836;2.3669866593660784;188;304;False;0;1;2;Lines;True;NaN
3002;19229.1362593;94.38347625732422;96.27559661865234;417.4752883911133;119.69293975830078;2.493787219171683;188;305;False;0;1;2;Lines;True;NaN
3003;19229.1422933;95.32347106933594;96.02519989013672;417.6111259460449;119.63160705566406;1.8595647612071242;188;300;False;0;1;2;Lines;True;NaN
3004;19229.1463265;94.87265014648438;96.3754653930664;417.61161041259766;119.76488494873047;2.3669866593660784;188;304;False;0;1;2;Lines;True;NaN
3005;19229.1514971;94.321044921875;96.32942199707031;417.5608139038086;119.5538444519043;2.3669866593660784;188;304;False;0;1;2;Lines;True;NaN
3006;19229.157279;94.15219116210938;95.701904296875;417.14937591552734;119.50017929077148;2.3669866593660784;188;304;False;0;1;2;Lines;True;NaN
3007;19229.1615006;94.2309341430664;96.19841766357422;417.3601760864258;119.50787353515625;1.0979093332690764;188;294;False;0;1;2;Lines;True;NaN
3008;19229.1666375;94.26533508300781;95.7840805053711;417.565860748291;119.44091033935547;2.3669866593660784;188;304;False;0;1;2;Lines;True;NaN
3009;19229.1717012;93.804931640625;95.31906127929688;417.2084770202637;119.42065811157227;2.3669866593660784;188;304;False;0;1;2;Lines;True;NaN
3010;19229.1767667;94.32891845703125;95.83918762207031;416.9720001220703;120.49297332763672;1.4788023921856344;188;297;False;0;1;2;Lines;True;NaN
3011;19229.1827972;94.22423553466797;95.9720458984375;417.50523376464844;120.44728469848633;2.3669866593660784;188;304;False;0;1;2;Lines;True;NaN
3012;19229.186971;94.88597869873047;95.59014892578125;417.4923553466797;120.26889038085938;2.3669866593660784;188;304;False;0;1;2;Lines;True;NaN
3013;19229.1920531;94.6903305053711;96.01438903808594;416.9622917175293;120.49997329711914;2.3669866593660784;188;304;False;0;1;2;Lines;True;NaN
3014;19229.1970721;94.79310607910156;95.91705322265625;417.07162857055664;120.49148941040039;2.3669866593660784;188;304;False;0;1;2;Lines;True;NaN
3015;19229.2022279;94.6240234375;95.89541625976562;417.01476669311523;120.39703369140625;2.3669866593660784;188;304;False;0;1;2;Lines;True;NaN
3016;19229.2072357;94.6563491821289;96.22718811035156;417.2154350280762;120.48421478271484;2.3669866593660784;188;304;False;0;1;2;Lines;True;NaN
3017;19229.2123029;94.81822204589844;95.91129302978516;417.0711898803711;120.38434219360352;2.620563340372244;188;306;False;0;1;2;Lines;True;NaN
3018;19229.217427;94.45115661621094;96.12410736083984;417.4474639892578;120.44792556762695;1.9864507086157592;188;301;False;0;1;2;Lines;True;NaN
3019;19229.2225169;94.58001708984375;96.3813247680664;417.5354690551758;120.4718132019043;2.3669866593660784;188;304;False;0;1;2;Lines;True;NaN
3020;19229.2275542;94.76085662841797;96.17852020263672;417.49681091308594;120.3824234008789;2.3669866593660784;188;304;False;0;1;2;Lines;True;NaN
3021;19229.233014;94.25103759765625;96.1146469116211;417.5198287963867;120.38436889648438;2.493787219171683;188;305;False;0;1;2;Lines;True;NaN
3022;19229.2380385;94.18707275390625;96.03813934326172;416.92455673217773;120.29394149780273;2.3669866593660784;188;304;False;0;1;2;Lines;True;NaN
3023;19229.2444424;94.64289093017578;96.35692596435547;417.6917953491211;119.59296035766602;1.6057393610483632;188;298;False;0;1;2;Lines;True;NaN
3024;19229.2486266;94.95425415039062;96.27662658691406;417.42988204956055;119.57911682128906;2.3669866593660784;188;304;False;0;1;2;Lines;True;NaN
3025;19229.2544208;94.23649597167969;96.19865417480469;417.50383377075195;119.30025100708008;2.3669866593660784;188;304;False;0;1;2;Lines;True;NaN
3026;19229.2584701;94.63575744628906;96.37300109863281;416.5715866088867;119.43288040161133;2.3669866593660784;188;304;False;0;1;2;Lines;True;NaN
3027;19229.2647724;95.02352142333984;96.59911346435547;417.4830131530762;119.75731658935547;1.9864507086157592;188;301;False;0;1;2;Lines;True;NaN
3028;19229.2682541;94.69303131103516;96.10711669921875;417.69351959228516;119.4858512878418;2.3669866593660784;188;304;False;0;1;2;Lines;True;NaN
3029;19229.2733448;95.33367156982422;97.3141860961914;417.4983901977539;120.20956039428711;1.9864507086157592;188;301;False;0;1;2;Lines;True;NaN
3030;19229.2783952;94.76390075683594;96.6734848022461;417.44742584228516;119.7310791015625;2.3669866593660784;188;304;False;0;1;2;Lines;True;NaN
3031;19229.2835325;95.27564239501953;96.0281753540039;417.54966735839844;119.63550186157227;1.8595647612071242;188;300;False;0;1;2;Lines;True;NaN
3032;19229.2887081;95.08386993408203;96.955322265625;417.554931640625;119.71607971191406;1.6057393610483632;188;298;False;0;1;2;Lines;True;NaN
3033;19229.2938271;94.7471923828125;95.81694793701172;417.44540786743164;119.4106330871582;1.9864507086157592;188;301;False;0;1;2;Lines;True;NaN
3034;19229.2987283;95.05046844482422;95.8029556274414;417.57335662841797;120.35885238647461;2.3669866593660784;188;304;False;0;1;2;Lines;True;NaN
3035;19229.303949;94.74124908447266;96.87074279785156;417.41785049438477;119.69003677368164;2.1133171667255723;188;302;False;0;1;2;Lines;True;NaN
3036;19229.3089304;95.03548431396484;96.82730865478516;417.5135917663574;119.64990615844727;2.3669866593660784;188;304;False;0;1;2;Lines;True;NaN
3037;19229.3140743;94.6353759765625;96.57147216796875;417.5492362976074;119.75774383544922;1.4788023921856344;188;297;False;0;1;2;Lines;True;NaN
3038;19229.3190261;94.6103744506836;96.03843688964844;417.54490661621094;119.51961517333984;2.3669866593660784;188;304;False;0;1;2;Lines;True;NaN
3039;19229.3253401;94.77954864501953;96.4763412475586;417.5852470397949;119.77408599853516;2.3669866593660784;188;304;False;0;1;2;Lines;True;NaN
3040;19229.329282;94.46833801269531;96.55702209472656;417.6127815246582;119.67686462402344;2.3669866593660784;188;304;False;0;1;2;Lines;True;NaN
3041;19229.3349241;94.9501724243164;95.83267974853516;417.5093803405762;120.43962097167969;2.3669866593660784;188;304;False;0;1;2;Lines;True;NaN
3042;19229.3396999;93.99979400634766;96.28968048095703;417.0063362121582;119.54449081420898;1.6057393610483632;188;298;False;0;1;2;Lines;True;NaN
3043;19229.3445553;94.73114013671875;95.24275970458984;416.9206123352051;119.36552047729492;2.3669866593660784;188;304;False;0;1;2;Lines;True;NaN
3044;19229.350216;94.6924819946289;95.73499298095703;417.5374641418457;119.53671646118164;2.3669866593660784;188;304;False;0;1;2;Lines;True;NaN
3045;19229.3553421;94.62861633300781;96.19676971435547;417.5818748474121;120.51435089111328;1.4788023921856344;188;297;False;0;1;2;Lines;True;NaN
3046;19229.3600072;94.91862487792969;95.38077545166016;417.48734283447266;120.28472518920898;2.3669866593660784;188;304;False;0;1;2;Lines;True;NaN
3047;19229.364957;95.11038208007812;95.63860321044922;417.4142875671387;119.59464263916016;1.2248861336786305;188;295;False;0;1;2;Lines;True;NaN
3048;19229.3699036;94.68360137939453;96.38724517822266;417.5163993835449;120.4783935546875;2.3669866593660784;188;304;False;0;1;2;Lines;True;NaN
3049;19229.3751234;94.67444610595703;95.13890075683594;417.506534576416;119.36680603027344;1.8595647612071242;188;300;False;0;1;2;Lines;True;NaN
3050;19229.380177;94.28472900390625;95.89628601074219;417.20204162597656;120.34916687011719;1.351850901653578;188;296;False;0;1;2;Lines;True;NaN
3051;19229.3851913;94.78186798095703;95.55174255371094;417.4788131713867;120.30600357055664;2.3669866593660784;188;304;False;0;1;2;Lines;True;NaN
3052;19229.3903314;94.55476379394531;95.85065460205078;417.0279769897461;119.65283203125;1.8595647612071242;188;300;False;0;1;2;Lines;True;NaN
3053;19229.3953175;94.52385711669922;95.59996795654297;417.48616790771484;120.2277717590332;1.8595647612071242;188;300;False;0;1;2;Lines;True;NaN
3054;19229.4003632;94.72574615478516;96.0640640258789;417.4648132324219;119.57609939575195;1.351850901653578;188;296;False;0;1;2;Lines;True;NaN
3055;19229.4053688;95.08590698242188;96.15026092529297;417.4085350036621;119.58912658691406;2.3669866593660784;188;304;False;0;1;2;Lines;True;NaN
3056;19229.4105771;94.65340423583984;96.44832611083984;417.52442932128906;119.55437469482422;2.3669866593660784;188;304;False;0;1;2;Lines;True;NaN
3057;19229.4169215;94.88662719726562;96.80998992919922;417.4611625671387;119.99476623535156;2.3669866593660784;188;304;False;0;1;2;Lines;True;NaN
3058;19229.4208832;94.67967224121094;96.74336242675781;417.5038185119629;119.96812438964844;2.3669866593660784;188;304;False;0;1;2;Lines;True;NaN
3059;19229.4257659;95.10738372802734;96.13084411621094;417.5620574951172;119.73576736450195;2.3669866593660784;188;304;False;0;1;2;Lines;True;NaN
3060;19229.4314292;94.13294219970703;96.32003021240234;417.5764350891113;119.56474685668945;2.3669866593660784;188;304;False;0;1;2;Lines;True;NaN
3061;19229.4366191;94.97671508789062;96.06285095214844;417.54814529418945;119.6849479675293;1.9864507086157592;188;301;False;0;1;2;Lines;True;NaN
3062;19229.4417494;94.26708221435547;96.28084564208984;417.4475555419922;119.58346557617188;2.3669866593660784;188;304;False;0;1;2;Lines;True;NaN
3063;19229.4460871;94.87857818603516;96.89998626708984;417.5943069458008;119.83377838134766;2.3669866593660784;188;304;False;0;1;2;Lines;True;NaN
3064;19229.4511958;94.58512878417969;95.91175079345703;417.5325012207031;119.65426254272461;1.9864507086157592;188;301;False;0;1;2;Lines;True;NaN
3065;19229.4562423;94.50630950927734;96.76890563964844;417.50048828125;119.65238952636719;1.2248861336786305;188;295;False;0;1;2;Lines;True;NaN
3066;19229.4613338;94.9404067993164;96.36165618896484;417.5680160522461;119.58576202392578;2.3669866593660784;188;304;False;0;1;2;Lines;True;NaN
3067;19229.4664151;94.51628112792969;95.77925872802734;417.4875946044922;119.45574951171875;2.3669866593660784;188;304;False;0;1;2;Lines;True;NaN
3068;19229.4715241;95.05487823486328;95.38380432128906;417.5935287475586;120.2932014465332;1.7326605648701625;188;299;False;0;1;2;Lines;True;NaN
3069;19229.4766124;94.87650299072266;95.88125610351562;417.47252655029297;120.38463973999023;1.6057393610483632;188;298;False;0;1;2;Lines;True;NaN
3070;19229.4817923;94.72819519042969;95.76985931396484;417.6161766052246;119.5014419555664;2.3669866593660784;188;304;False;0;1;2;Lines;True;NaN
3071;19229.4867942;95.51817321777344;95.95936584472656;417.17595291137695;120.41967391967773;2.3669866593660784;188;304;False;0;1;2;Lines;True;NaN
3072;19229.4918722;95.4649887084961;95.36099243164062;417.554256439209;120.21211242675781;1.7326605648701625;188;299;False;0;1;2;Lines;True;NaN
3073;19229.4969266;95.52294158935547;95.84944152832031;417.4792709350586;120.42798614501953;2.3669866593660784;188;304;False;0;1;2;Lines;True;NaN
3074;19229.5021414;94.3281021118164;96.42996215820312;417.61727142333984;119.53861618041992;1.9864507086157592;188;301;False;0;1;2;Lines;True;NaN
3075;19229.5083847;94.5106201171875;95.24072265625;417.56722259521484;119.31384658813477;2.3669866593660784;188;304;False;0;1;2;Lines;True;NaN
3076;19229.5125102;93.8681869506836;96.74044799804688;417.0227851867676;119.70475006103516;2.3669866593660784;188;304;False;0;1;2;Lines;True;NaN
3077;19229.5181673;94.1187973022461;96.2955551147461;417.54935455322266;119.88424301147461;2.3669866593660784;188;304;False;0;1;2;Lines;True;NaN
3078;19229.5229427;94.97282409667969;96.59602355957031;417.06312561035156;119.7073860168457;2.3669866593660784;188;304;False;0;1;2;Lines;True;NaN
3079;19229.5277518;94.6414566040039;96.38749694824219;417.5831527709961;119.72364807128906;2.3669866593660784;188;304;False;0;1;2;Lines;True;NaN
3080;19229.53259;94.3115234375;96.19824981689453;417.5475044250488;119.37303161621094;2.3669866593660784;188;304;False;0;1;2;Lines;True;NaN
3081;19229.5376899;94.88582611083984;96.53687286376953;417.53822326660156;119.67342758178711;2.3669866593660784;188;304;False;0;1;2;Lines;True;NaN
3082;19229.5433323;95.01506042480469;96.57328796386719;417.49721908569336;120.01864242553711;1.8595647612071242;188;300;False;0;1;2;Lines;True;NaN
3083;19229.5477774;94.76314544677734;97.1261978149414;417.5263977050781;120.1543083190918;1.6057393610483632;188;298;False;0;1;2;Lines;True;NaN
3084;19229.5528226;94.6160659790039;96.45311737060547;417.53685760498047;119.68056106567383;2.3669866593660784;188;304;False;0;1;2;Lines;True;NaN
3085;19229.5586498;94.4010238647461;96.31505584716797;417.6337203979492;119.71979141235352;2.3669866593660784;188;304;False;0;1;2;Lines;True;NaN
3086;19229.562984;94.65280151367188;96.13917541503906;417.4738998413086;119.48480987548828;2.3669866593660784;188;304;False;0;1;2;Lines;True;NaN
3087;19229.568092;95.08194732666016;96.56364440917969;417.12946701049805;119.93558502197266;2.3669866593660784;188;304;False;0;1;2;Lines;True;NaN
3088;19229.5732541;94.9468002319336;95.8921127319336;417.6334114074707;119.57318878173828;1.4788023921856344;188;297;False;0;1;2;Lines;True;NaN
3089;19229.5782422;94.93829345703125;96.03370666503906;417.6071968078613;120.3333625793457;2.3669866593660784;188;304;False;0;1;2;Lines;True;NaN
3090;19229.5834214;94.28604125976562;95.96025085449219;417.20362091064453;120.42259216308594;2.3669866593660784;188;304;False;0;1;2;Lines;True;NaN
3091;19229.588434;94.62837219238281;95.69071960449219;417.5869445800781;119.43742752075195;2.1133171667255723;188;302;False;0;1;2;Lines;True;NaN
3092;19229.5935558;94.7918472290039;96.18647766113281;417.4471092224121;120.4674186706543;2.3669866593660784;188;304;False;0;1;2;Lines;True;NaN
3093;19229.5987616;94.84722900390625;95.90804290771484;417.53216552734375;119.46865463256836;1.6057393610483632;188;298;False;0;1;2;Lines;True;NaN
3094;19229.6038998;93.96636199951172;95.40074157714844;416.94255447387695;120.19067764282227;1.6057393610483632;188;298;False;0;1;2;Lines;True;NaN
3095;19229.6088738;94.6083984375;95.43883514404297;417.3916358947754;120.29669189453125;2.3669866593660784;188;304;False;0;1;2;Lines;True;NaN
3096;19229.6155742;94.57551574707031;95.57579803466797;417.43001556396484;120.33792495727539;2.493787219171683;188;305;False;0;1;2;Lines;True;NaN
3097;19229.6193362;94.29771423339844;95.66592407226562;417.00961685180664;119.5279312133789;1.4788023921856344;188;297;False;0;1;2;Lines;True;NaN
3098;19229.6245371;94.8583984375;96.01285552978516;417.5545959472656;120.44473648071289;2.3669866593660784;188;304;False;0;1;2;Lines;True;NaN
3099;19229.6294585;94.18441772460938;95.53602600097656;417.55738830566406;120.23328399658203;1.9864507086157592;188;301;False;0;1;2;Lines;True;NaN
3100;19229.6341066;95.13948822021484;95.90684509277344;417.6032905578613;120.38988876342773;2.3669866593660784;188;304;False;0;1;2;Lines;True;NaN
3101;19229.6392387;94.83075714111328;96.26382446289062;417.474552154541;119.59688568115234;1.4788023921856344;188;297;False;0;1;2;Lines;True;NaN
3102;19229.6443071;95.05464935302734;96.8355941772461;417.59375762939453;119.87785339355469;2.3669866593660784;188;304;False;0;1;2;Lines;True;NaN
3103;19229.6496038;95.04320526123047;95.7364501953125;417.5087013244629;119.47840881347656;2.3669866593660784;188;304;False;0;1;2;Lines;True;NaN
3104;19229.6545361;94.82698059082031;96.02162170410156;417.61909103393555;119.58978271484375;2.3669866593660784;188;304;False;0;1;2;Lines;True;NaN
3105;19229.6596858;94.31001281738281;96.64476013183594;417.5862236022949;119.62487411499023;2.3669866593660784;188;304;False;0;1;2;Lines;True;NaN
3106;19229.664717;94.77413177490234;96.35358428955078;417.5139923095703;119.80475616455078;2.3669866593660784;188;304;False;0;1;2;Lines;True;NaN
3107;19229.6698877;94.48175048828125;96.45649719238281;417.6894073486328;119.7973747253418;2.3669866593660784;188;304;False;0;1;2;Lines;True;NaN
3108;19229.6747487;94.94811248779297;96.8154067993164;417.5291748046875;119.88631439208984;1.2248861336786305;188;295;False;0;1;2;Lines;True;NaN
3109;19229.6798382;94.79061126708984;96.088623046875;417.5946578979492;119.58185195922852;2.3669866593660784;188;304;False;0;1;2;Lines;True;NaN
3110;19229.6849024;95.05937957763672;96.8428726196289;417.62350845336914;119.80409622192383;2.3669866593660784;188;304;False;0;1;2;Lines;True;NaN
3111;19229.6900346;94.62869262695312;96.14656066894531;417.54641342163086;119.52103042602539;2.3669866593660784;188;304;False;0;1;2;Lines;True;NaN
3112;19229.6951975;94.5518798828125;96.85781860351562;417.6168403625488;119.72003173828125;2.3669866593660784;188;304;False;0;1;2;Lines;True;NaN
3113;19229.7001412;94.73546600341797;96.34306335449219;417.48596572875977;119.63521957397461;1.6057393610483632;188;298;False;0;1;2;Lines;True;NaN
3114;19229.7059484;94.62876892089844;96.95603942871094;417.50996017456055;119.98884963989258;2.1133171667255723;188;302;False;0;1;2;Lines;True;NaN
3115;19229.7107846;93.9825210571289;96.05593872070312;417.622257232666;119.73799896240234;1.8595647612071242;188;300;False;0;1;2;Lines;True;NaN
3116;19229.716514;95.03275299072266;95.82485961914062;417.53261947631836;119.45361328125;2.3669866593660784;188;304;False;0;1;2;Lines;True;NaN
3117;19229.7208098;94.826416015625;96.14708709716797;417.4731636047363;119.50407409667969;2.493787219171683;188;305;False;0;1;2;Lines;True;NaN
3118;19229.7255777;94.89421844482422;95.68478393554688;417.52577209472656;119.48452758789062;1.9864507086157592;188;301;False;0;1;2;Lines;True;NaN
3119;19229.7308169;94.45075988769531;95.97721099853516;417.5776481628418;120.41272735595703;2.3669866593660784;188;304;False;0;1;2;Lines;True;NaN
3120;19229.7359203;94.52938842773438;96.46336364746094;417.449161529541;119.49249267578125;1.8595647612071242;188;300;False;0;1;2;Lines;True;NaN
3121;19229.7408789;94.93851470947266;96.45079803466797;417.5858154296875;119.55362701416016;2.3669866593660784;188;304;False;0;1;2;Lines;True;NaN
3122;19229.7463966;94.16902160644531;96.28548431396484;417.0387725830078;119.58996200561523;2.493787219171683;188;305;False;0;1;2;Lines;True;NaN
3123;19229.7509764;94.70532989501953;95.26205444335938;417.09719467163086;120.30234909057617;2.3669866593660784;188;304;False;0;1;2;Lines;True;NaN
3124;19229.7562257;94.84135437011719;96.0828857421875;417.44718170166016;119.56855010986328;2.3669866593660784;188;304;False;0;1;2;Lines;True;NaN
3125;19229.7611802;94.69502258300781;95.81279754638672;417.4784126281738;119.7204360961914;2.3669866593660784;188;304;False;0;1;2;Lines;True;NaN
3126;19229.7662665;94.5852279663086;95.24674224853516;417.5900573730469;119.34011840820312;2.3669866593660784;188;304;False;0;1;2;Lines;True;NaN
3127;19229.7715227;94.53156280517578;95.5919418334961;417.6233825683594;120.24937057495117;2.3669866593660784;188;304;False;0;1;2;Lines;True;NaN
3128;19229.776575;94.60186767578125;95.92375946044922;417.6428108215332;119.72359848022461;1.4788023921856344;188;297;False;0;1;2;Lines;True;NaN
3129;19229.7815123;95.30899047851562;95.73416137695312;417.5573272705078;120.37286376953125;2.3669866593660784;188;304;False;0;1;2;Lines;True;NaN
3130;19229.7866717;94.70694732666016;96.31761169433594;417.5874938964844;119.52334213256836;2.3669866593660784;188;304;False;0;1;2;Lines;True;NaN
3131;19229.7919072;94.8509750366211;96.5074462890625;417.50484466552734;119.75701904296875;1.2248861336786305;188;295;False;0;1;2;Lines;True;NaN
3132;19229.7989134;94.38925170898438;96.62701416015625;417.54088592529297;119.59955596923828;2.3669866593660784;188;304;False;0;1;2;Lines;True;NaN
3133;19229.8033687;95.16437530517578;96.39977264404297;417.59339904785156;119.83211517333984;2.3669866593660784;188;304;False;0;1;2;Lines;True;NaN
3134;19229.8075836;94.56962585449219;95.9970932006836;417.55423736572266;119.68352127075195;1.9864507086157592;188;301;False;0;1;2;Lines;True;NaN
3135;19229.8127424;94.79007720947266;96.31144714355469;417.5986557006836;119.72438049316406;2.3669866593660784;188;304;False;0;1;2;Lines;True;NaN
3136;19229.8170767;95.06375885009766;96.49848175048828;417.58546447753906;119.59395599365234;2.3669866593660784;188;304;False;0;1;2;Lines;True;NaN
3137;19229.8220948;94.66386413574219;96.73246765136719;417.5441436767578;119.86092758178711;2.3669866593660784;188;304;False;0;1;2;Lines;True;NaN
3138;19229.8272449;95.21312713623047;96.93347930908203;417.5216178894043;119.88268280029297;2.3669866593660784;188;304;False;0;1;2;Lines;True;NaN
3139;19229.8323041;94.56097412109375;96.15729522705078;417.5218849182129;119.63523864746094;2.3669866593660784;188;304;False;0;1;2;Lines;True;NaN
3140;19229.8375626;94.62339782714844;95.69268798828125;417.5276222229004;120.22233963012695;2.3669866593660784;188;304;False;0;1;2;Lines;True;NaN
3141;19229.8425568;95.16020202636719;96.19454193115234;417.44430923461914;119.61720657348633;2.3669866593660784;188;304;False;0;1;2;Lines;True;NaN
3142;19229.8476337;95.12163543701172;95.86100769042969;417.53599548339844;119.42574310302734;1.2248861336786305;188;295;False;0;1;2;Lines;True;NaN
3143;19229.8527789;95.26527404785156;95.70264434814453;417.1095085144043;119.54647827148438;2.3669866593660784;188;304;False;0;1;2;Lines;True;NaN
3144;19229.8579158;95.12309265136719;96.71115112304688;417.51678466796875;119.96139907836914;1.8595647612071242;188;300;False;0;1;2;Lines;True;NaN
3145;19229.8629518;94.91979217529297;95.76215362548828;417.5924644470215;120.41164779663086;2.3669866593660784;188;304;False;0;1;2;Lines;True;NaN
3146;19229.8682215;93.91500091552734;95.88436126708984;417.088134765625;120.380859375;2.3669866593660784;188;304;False;0;1;2;Lines;True;NaN
3147;19229.8729332;94.26142883300781;96.45941925048828;417.56420516967773;119.54609680175781;1.351850901653578;188;296;False;0;1;2;Lines;True;NaN
3148;19229.8782188;94.809326171875;96.946533203125;417.6228561401367;119.89464950561523;1.4788023921856344;188;297;False;0;1;2;Lines;True;NaN
3149;19229.8832935;94.87926483154297;96.01848602294922;417.49332427978516;119.53171920776367;2.3669866593660784;188;304;False;0;1;2;Lines;True;NaN
3150;19229.8882613;94.80831146240234;96.32964324951172;417.4585762023926;119.525634765625;1.9864507086157592;188;301;False;0;1;2;Lines;True;NaN
3151;19229.8932721;94.50580596923828;96.66693878173828;417.64805603027344;120.00339126586914;1.351850901653578;188;296;False;0;1;2;Lines;True;NaN
3152;19229.8985988;94.12195587158203;96.53624725341797;417.6441993713379;119.82093048095703;2.3669866593660784;188;304;False;0;1;2;Lines;True;NaN
3153;19229.9046688;94.66133880615234;96.68498992919922;417.6533737182617;120.25598526000977;2.493787219171683;188;305;False;0;1;2;Lines;True;NaN
3154;19229.9089141;94.45439147949219;96.1318588256836;417.6607856750488;119.5231704711914;2.3669866593660784;188;304;False;0;1;2;Lines;True;NaN
3155;19229.9139237;94.26841735839844;96.61146545410156;416.7180976867676;119.93584823608398;2.240162896311483;188;303;False;0;1;2;Lines;True;NaN
3156;19229.9186528;94.9971923828125;97.10521697998047;417.6022605895996;120.25725555419922;1.351850901653578;188;296;False;0;1;2;Lines;True;NaN
3157;19229.9238;94.8003921508789;96.66583251953125;417.53800201416016;119.79334259033203;1.4788023921856344;188;297;False;0;1;2;Lines;True;NaN
3158;19229.9289011;95.23834228515625;96.08140563964844;417.5165481567383;119.6368637084961;2.3669866593660784;188;304;False;0;1;2;Lines;True;NaN
3159;19229.9340933;94.29391479492188;96.24082946777344;417.63220596313477;119.70573806762695;2.3669866593660784;188;304;False;0;1;2;Lines;True;NaN
3160;19229.9389699;95.02672576904297;97.06490325927734;417.51708602905273;120.21341323852539;2.3669866593660784;188;304;False;0;1;2;Lines;True;NaN
3161;19229.9441832;94.30827331542969;95.92191314697266;417.4792366027832;119.90254974365234;2.3669866593660784;188;304;False;0;1;2;Lines;True;NaN
